experiment_name,snr_value,model_key,model_label,claim_safe,r2_mean_across_frequencies,rmse_all_mean_across_frequencies,mae_all_mean_across_frequencies,rmse_onb_mean_across_frequencies,mae_onb_mean_across_frequencies,roc_auc_cont_mean_across_frequencies,pr_auc_cont_mean_across_frequencies,accuracy_mean_across_frequencies,precision_mean_across_frequencies,recall_mean_across_frequencies,f1_mean_across_frequencies,frequency_condition_count
2025.06.18_0.3_3,-12,alexnet,AlexNet,True,0.9146685835,77175.97293,61386.53936,97732.19516,84035.32336,0.9771296296,0.9871567681,0.8996296296,0.9830857462,0.8467592593,0.9044101005,5
2025.06.18_0.3_3,-12,cnntf_v2_gap,CNN+Tf v2 GAP,True,0.9225937532,72694.32127,54830.30314,107312.1998,94327.57508,0.9809894547,0.9894928315,0.9181481481,0.9965626689,0.8640740741,0.9227618419,5
2025.06.18_0.3_3,-12,ensemble__inner_holdout,ensemble__inner_holdout,True,0.9244517883,72019.03438,56260.61189,102301.4815,91313.09137,0.9825648148,0.990202883,0.9125925926,0.9989124746,0.8525,0.9164887906,5
2025.06.18_0.3_3,-12,ensemble__prediction_max,ensemble__prediction_max,True,0.9076452646,77804.02058,64608.85951,83315.40626,74145.91008,0.9817762346,0.9897393675,0.9153703704,0.97627781,0.8792592593,0.9214460288,5
2025.06.18_0.3_3,-12,ensemble__simple_equal,ensemble__simple_equal,True,0.9227085629,72841.78116,57262.83407,103950.7929,93063.94946,0.9825396091,0.9901923133,0.9118518519,0.9985267035,0.8514814815,0.9156219113,5
2025.06.18_0.3_3,-12,ensemble__val_fold_legacy,ensemble__val_fold_legacy,False,0.9265237032,70931.36262,54821.21794,102539.7399,91443.98483,0.9825118313,0.9901868346,0.9144444445,0.9981835288,0.8562037037,0.91845895,5
2025.06.18_0.3_3,-12,rf,RandomForest,True,0.878646514,91835.37771,79408.2685,125341.177,114156.697,0.9487399691,0.9725121693,0.9038888889,0.9947345016,0.8418518518,0.9076765795,5
2025.06.18_0.3_3,-16,alexnet,AlexNet,True,0.882227381,91173.04062,72356.23704,145986.3634,131192.1538,0.959128858,0.9779926025,0.902962963,0.9970974032,0.8364814815,0.9053938039,5
2025.06.18_0.3_3,-16,cnntf_v2_gap,CNN+Tf v2 GAP,True,0.9027177472,81697.49046,62544.38084,117451.5259,104454.9345,0.9617744341,0.9791001514,0.9124074074,0.9962957138,0.852962963,0.9158151799,5
2025.06.18_0.3_3,-16,ensemble__inner_holdout,ensemble__inner_holdout,True,0.9044924952,81580.92488,63876.20464,128330.9986,118084.2777,0.9647602881,0.9809216174,0.9074074074,0.9986959919,0.8431481482,0.9105241474,5
2025.06.18_0.3_3,-16,ensemble__prediction_max,ensemble__prediction_max,True,0.8925795973,84494.69936,70964.05237,103904.9001,93971.96871,0.9618708848,0.9791786877,0.9181481482,0.9902209579,0.8687037037,0.9227815726,5
2025.06.18_0.3_3,-16,ensemble__simple_equal,ensemble__simple_equal,True,0.9048547045,81484.77865,63490.56145,128176.0443,117790.3972,0.9648251029,0.9809594063,0.9066666667,0.9986893791,0.8418518519,0.9096940657,5
2025.06.18_0.3_3,-16,ensemble__val_fold_legacy,ensemble__val_fold_legacy,False,0.9087388395,79738.21155,61767.85516,126067.0907,115341.5607,0.9650329218,0.9810959611,0.9075925926,0.9996316759,0.8425925926,0.9105474143,5
2025.06.18_0.3_3,-16,rf,RandomForest,True,0.8744889723,93343.81872,81123.3641,136230.9493,128330.6753,0.9435172325,0.9695723466,0.9066666667,0.9958107762,0.8447222222,0.910185058,5
2025.06.18_0.3_3,-20,alexnet,AlexNet,True,0.8596588069,99204.46036,79716.70851,154608.8421,141922.404,0.9396098251,0.9679570011,0.897962963,0.9976983126,0.8283333333,0.900286869,5
2025.06.18_0.3_3,-20,cnntf_v2_gap,CNN+Tf v2 GAP,True,0.8875190357,87298.38077,67743.49212,127881.7577,117402.5027,0.9496466049,0.9725719917,0.9061111111,0.9950441575,0.8437962963,0.9092881048,5
2025.06.18_0.3_3,-20,ensemble__inner_holdout,ensemble__inner_holdout,True,0.8909319771,86672.78182,70063.64801,135907.2432,128029.9056,0.9491707819,0.9727368608,0.9044444444,0.9966150899,0.8394444445,0.9072435166,5
2025.06.18_0.3_3,-20,ensemble__prediction_max,ensemble__prediction_max,True,0.8792039973,89192.9093,74302.61865,112382.2445,104154.6817,0.9469768519,0.9717915486,0.9116666667,0.9905556815,0.8575,0.9157877007,5
2025.06.18_0.3_3,-20,ensemble__simple_equal,ensemble__simple_equal,True,0.8911280836,86715.38622,69465.28397,136724.8484,128218.1459,0.9486046811,0.9725394698,0.9048148148,0.9983041191,0.8387962963,0.9075599184,5
2025.06.18_0.3_3,-20,ensemble__val_fold_legacy,ensemble__val_fold_legacy,False,0.8943125616,85269.01117,67971.98917,134196.1598,126102.3735,0.9492510288,0.9727678802,0.9042592592,0.997935795,0.837962963,0.9068419638,5
2025.06.18_0.3_3,-20,rf,RandomForest,True,0.8713631148,94384.09265,82282.02156,140707.177,134945.0368,0.9336788837,0.9647105083,0.9046296296,0.995756723,0.8401851852,0.90736877,5
2025.06.18_0.3_3,-4,alexnet,AlexNet,True,0.9379389847,65965.2629,51069.65046,72266.58777,62727.67539,0.9963523663,0.9977282036,0.89,0.9555405827,0.8572222222,0.8958561255,5
2025.06.18_0.3_3,-4,cnntf_v2_gap,CNN+Tf v2 GAP,True,0.9452785298,58688.90575,43664.76326,73816.72579,62789.27452,0.9962296811,0.9978110561,0.9203703704,0.9762178208,0.8882407407,0.9263278272,5
2025.06.18_0.3_3,-4,ensemble__inner_holdout,ensemble__inner_holdout,True,0.9488858338,58023.66138,43368.17958,68294.83102,58229.94073,0.9972317387,0.9981806328,0.9185185185,0.9914005736,0.8687962963,0.9228290421,5
2025.06.18_0.3_3,-4,ensemble__prediction_max,ensemble__prediction_max,True,0.9200990459,71834.36649,57757.40985,61079.5812,53743.23126,0.9956859568,0.997281053,0.9062962963,0.9432652354,0.8992592592,0.9145411527,5
2025.06.18_0.3_3,-4,ensemble__simple_equal,ensemble__simple_equal,True,0.9456939877,60235.63293,45479.60942,68417.48936,57406.47513,0.9967019033,0.9978011797,0.9148148148,0.9941908252,0.8606481481,0.9191748433,5
2025.06.18_0.3_3,-4,ensemble__val_fold_legacy,ensemble__val_fold_legacy,False,0.9518025502,56393.84446,42016.88079,67253.71189,57121.53968,0.9973703704,0.9982586801,0.9185185185,0.9924356512,0.8675925926,0.9226328215,5
2025.06.18_0.3_3,-4,rf,RandomForest,True,0.8959725223,84616.43683,71151.80502,85682.34793,74145.72942,0.9599295268,0.9771415121,0.8948148148,0.9922364945,0.8311111111,0.898911418,5
2025.06.18_0.3_3,-8,alexnet,AlexNet,True,0.9318000702,69303.58027,53872.77956,84763.44762,71673.61386,0.9908847737,0.9944282954,0.9031481482,0.9791102227,0.8541666667,0.9072196782,5
2025.06.18_0.3_3,-8,cnntf_v2_gap,CNN+Tf v2 GAP,True,0.9402025929,61904.95681,46614.49123,79456.15084,68562.72209,0.9911918724,0.9949477683,0.9266666667,0.9947154153,0.8809259259,0.9318299687,5
2025.06.18_0.3_3,-8,ensemble__inner_holdout,ensemble__inner_holdout,True,0.943028105,61956.2542,47415.66436,79410.70874,67956.88722,0.9929565329,0.9957847457,0.9157407408,0.9974419023,0.8593518518,0.9199770959,5
2025.06.18_0.3_3,-8,ensemble__prediction_max,ensemble__prediction_max,True,0.9176852619,72290.65159,59205.13237,68791.3271,59559.08611,0.991788323,0.994967584,0.9222222222,0.9727446665,0.8931481481,0.9279193497,5
2025.06.18_0.3_3,-8,ensemble__simple_equal,ensemble__simple_equal,True,0.9393333579,64160.86877,49865.55786,82254.90571,71250.62288,0.9922350823,0.9953384299,0.9112962963,0.9963409775,0.8528703704,0.9153548723,5
2025.06.18_0.3_3,-8,ensemble__val_fold_legacy,ensemble__val_fold_legacy,False,0.9461483022,60049.03187,45655.93711,78666.33444,67560.54398,0.992628858,0.9955616057,0.9157407407,0.997806179,0.8586111111,0.9197211826,5
2025.06.18_0.3_3,-8,rf,RandomForest,True,0.8870175286,88543.28562,76188.28766,108092.544,94350.64869,0.9571363169,0.9764381043,0.8987037037,0.9922174668,0.8363888889,0.9026443984,5
2025.06.18_0.3_3,0,alexnet,AlexNet,True,0.9369373843,66734.53088,51304.67106,67788.98431,59125.07496,0.9984521605,0.9991343238,0.8901851852,0.9593979741,0.8549074074,0.8962938908,5
2025.06.18_0.3_3,0,cnntf_v2_gap,CNN+Tf v2 GAP,True,0.9494308133,57644.27098,42965.42667,58800.36969,50162.127,0.9994104938,0.9995695664,0.9014814815,0.9533609182,0.8812037037,0.90916881,5
2025.06.18_0.3_3,0,ensemble__inner_holdout,ensemble__inner_holdout,True,0.9482690832,59018.83135,44678.80838,57594.13547,49792.31807,0.9990522119,0.9992463373,0.9096296296,0.9821267962,0.8635185185,0.9145705493,5
2025.06.18_0.3_3,0,ensemble__prediction_max,ensemble__prediction_max,True,0.9182763354,73656.5152,58197.79055,53933.00136,46674.92059,0.9957548868,0.9976035191,0.8955555556,0.9323345197,0.8953703704,0.9055541207,5
2025.06.18_0.3_3,0,ensemble__simple_equal,ensemble__simple_equal,True,0.9463818178,60401.8577,45921.31361,57152.97761,48960.15035,0.9987325103,0.9989990184,0.9090740741,0.9903570125,0.8551851852,0.9136696997,5
2025.06.18_0.3_3,0,ensemble__val_fold_legacy,ensemble__val_fold_legacy,False,0.9528320791,56376.00631,42264.39404,56890.27493,48912.74724,0.9993343622,0.9994881559,0.9122222222,0.9849361482,0.8646296296,0.9168222629,5
2025.06.18_0.3_3,0,rf,RandomForest,True,0.8941679126,84900.87145,69900.96245,70159.96622,60354.2843,0.9591532922,0.976536028,0.8931481481,0.9922522418,0.8290740741,0.8972679251,5
2025.06.18_0.3_3,no_noise,alexnet,AlexNet,True,0.9471345042,60764.31818,47085.41047,63512.80722,55430.82296,0.9999377572,0.9999592173,0.9001851852,0.9869300313,0.8447222222,0.904874158,5
2025.06.18_0.3_3,no_noise,cnntf_v2_gap,CNN+Tf v2 GAP,True,0.9643254323,49208.12046,37693.1108,47287.85939,39745.88608,0.9999915123,0.9999927757,0.9003703704,0.9605552475,0.8749074074,0.9086634102,5
2025.06.18_0.3_3,no_noise,ensemble__inner_holdout,ensemble__inner_holdout,True,0.9582469814,53333.38143,41104.12952,50220.40787,43815.25129,0.9999300411,0.9999276417,0.9016666667,0.9805083805,0.8543518518,0.9074073862,5
2025.06.18_0.3_3,no_noise,ensemble__prediction_max,ensemble__prediction_max,True,0.925740782,70060.59223,55503.48094,40523.54148,33309.59386,0.9993472222,0.9994065272,0.8964814815,0.9381633579,0.8919444444,0.9066344316,5
2025.06.18_0.3_3,no_noise,ensemble__simple_equal,ensemble__simple_equal,True,0.9534619688,56591.11579,43900.72027,49225.88676,43376.10999,0.9998330761,0.9998252551,0.9040740741,0.9907352485,0.8483333333,0.9091248588,5
2025.06.18_0.3_3,no_noise,ensemble__val_fold_legacy,ensemble__val_fold_legacy,False,0.9618323124,51183.23748,38737.05772,47393.25546,40941.5638,1,1,0.9081481482,0.9888683569,0.8562962963,0.9133195712,5
2025.06.18_0.3_3,no_noise,rf,RandomForest,True,0.896966741,83655.70985,69533.42134,56599.63467,48390.20156,0.9721702675,0.9823470422,0.8790740741,0.9716687999,0.8260185185,0.884089046,5
2025.07.09_0.3_1,-12,alexnet,AlexNet,True,0.2110032456,235162.0547,186784.8238,206038.7443,199504.5715,0.8067335391,0.9074149549,0.7104629629,0.7987807976,0.8555555556,0.8055178097,3
2025.07.09_0.3_1,-12,cnntf_v2_gap,CNN+Tf v2 GAP,True,0.4189888967,200798.3373,153475.8322,170411.646,151171.7264,0.8300308642,0.9202301925,0.7324074074,0.7944554867,0.8703703704,0.8189723557,3
2025.07.09_0.3_1,-12,ensemble__inner_holdout,ensemble__inner_holdout,True,0.4031145127,204313.7496,158227.5186,158420.3141,140252.8145,0.8561008231,0.9270195221,0.7552777778,0.818854652,0.8895061729,0.8370101721,3
2025.07.09_0.3_1,-12,ensemble__prediction_max,ensemble__prediction_max,True,0.3404482027,208524.3707,160263.4393,217404.723,210966.5078,0.8443672839,0.9219186969,0.7611111111,0.7680322135,0.9771604938,0.8517984385,3
2025.07.09_0.3_1,-12,ensemble__simple_equal,ensemble__simple_equal,True,0.4005211157,204761.82,158909.434,158733.7497,140926.7576,0.8604475309,0.9280642648,0.760462963,0.8238291037,0.8913580247,0.8402816869,3
2025.07.09_0.3_1,-12,ensemble__val_fold_legacy,ensemble__val_fold_legacy,False,0.4286057302,199677.5394,154710.1376,152946.1223,133706.3738,0.863595679,0.9290747418,0.767962963,0.8258122664,0.8944444444,0.8443128802,3
2025.07.09_0.3_1,-12,rf,RandomForest,True,0.4162637948,203420.4333,162657.6886,143908.9721,125856.2826,0.871718107,0.9296581035,0.7909259259,0.8544224063,0.875308642,0.8543747768,3
2025.07.09_0.3_1,-16,alexnet,AlexNet,True,0.3112920666,218333.5911,177662.9616,134798.3782,116768.2995,0.7879372428,0.8970216735,0.707962963,0.8052683541,0.8203703704,0.7876115692,3
2025.07.09_0.3_1,-16,cnntf_v2_gap,CNN+Tf v2 GAP,True,0.4617135693,194985.3658,151381.7859,145201.6143,122748.7163,0.8023919753,0.9061568227,0.7292592593,0.7827167496,0.8617283951,0.8138280352,3
2025.07.09_0.3_1,-16,ensemble__inner_holdout,ensemble__inner_holdout,True,0.4420170602,199473.1666,157768.5505,122740.1698,103537.9638,0.8254372428,0.9125352152,0.7337962963,0.8122578157,0.8524691358,0.8143465753,3
2025.07.09_0.3_1,-16,ensemble__prediction_max,ensemble__prediction_max,True,0.4215763154,198568.2521,154969.5297,171403.4226,154367.4238,0.8164454732,0.9087177104,0.7560185185,0.7563504539,0.9771604938,0.8476816203,3
2025.07.09_0.3_1,-16,ensemble__simple_equal,ensemble__simple_equal,True,0.4475643173,198572.806,157568.4439,121377.5976,102227.3167,0.8287860082,0.9135503753,0.7366666667,0.8119214419,0.8574074074,0.8171979427,3
2025.07.09_0.3_1,-16,ensemble__val_fold_legacy,ensemble__val_fold_legacy,False,0.4851635233,191862.1814,152604.9197,117427.1956,99072.4921,0.8301286008,0.9139698296,0.7518518518,0.803514849,0.8851851852,0.8320301127,3
2025.07.09_0.3_1,-16,rf,RandomForest,True,0.4030858735,207269.9851,167541.8727,121223.8831,104116.3162,0.8460185185,0.921739578,0.7363888889,0.844339291,0.8265432099,0.8136214723,3
2025.07.09_0.3_1,-20,alexnet,AlexNet,True,0.3221622284,219994.1629,179899.3682,148398.1779,128262.4405,0.7722633745,0.8933511464,0.6783333333,0.8033718428,0.7734567901,0.7661661615,3
2025.07.09_0.3_1,-20,cnntf_v2_gap,CNN+Tf v2 GAP,True,0.2380339677,230189.8822,178493.0126,209526.5772,192834.4448,0.7724485597,0.8942888808,0.7019444444,0.7692132213,0.8771604938,0.8039675532,3
2025.07.09_0.3_1,-20,ensemble__inner_holdout,ensemble__inner_holdout,True,0.3772902271,210685.1615,167886.1511,139041.1731,125081.1767,0.7992541152,0.9043190618,0.7006481482,0.7966343287,0.8419753086,0.7952599313,3
2025.07.09_0.3_1,-20,ensemble__prediction_max,ensemble__prediction_max,True,0.2707903709,222617.609,174445.0841,217515.5853,204074.095,0.7793364198,0.8959810926,0.7223148148,0.7407393334,0.9574074074,0.8276521279,3
2025.07.09_0.3_1,-20,ensemble__simple_equal,ensemble__simple_equal,True,0.3741165766,211084.6725,168604.1435,141164.3571,127583.2396,0.8006121399,0.9048068266,0.7041666667,0.7958949192,0.8475308642,0.7989011407,3
2025.07.09_0.3_1,-20,ensemble__val_fold_legacy,ensemble__val_fold_legacy,False,0.4005413609,207206.5026,166315.8062,128537.2938,115435.4907,0.7999485597,0.9047992751,0.7082407408,0.7957734232,0.8524691358,0.8023310485,3
2025.07.09_0.3_1,-20,rf,RandomForest,True,0.3952877715,209142.51,171678.703,95265.97328,87940.91056,0.7769650206,0.8966610757,0.6616666667,0.8014986877,0.7882716049,0.7577603139,3
2025.07.09_0.3_1,-4,alexnet,AlexNet,True,0.4977131624,188370.0764,147105.3203,137244.6695,121904.806,0.8781121399,0.9337251252,0.7912037037,0.8556413328,0.8635802469,0.8495221973,3
2025.07.09_0.3_1,-4,cnntf_v2_gap,CNN+Tf v2 GAP,True,0.5168435104,182985.9263,136752.8362,139598.9187,122372.3252,0.8849691358,0.9402575964,0.7992592592,0.8240440202,0.9141975309,0.8619006208,3
2025.07.09_0.3_1,-4,ensemble__inner_holdout,ensemble__inner_holdout,True,0.5293170982,180322.5053,135075.4744,140488.6796,131840.4791,0.9019032922,0.9435136182,0.8305555555,0.8658258306,0.9049382716,0.8793687594,3
2025.07.09_0.3_1,-4,ensemble__prediction_max,ensemble__prediction_max,True,0.4970138649,183474.235,137224.5681,161474.5974,139151.1153,0.8970010288,0.9407362122,0.8192592593,0.8151884502,0.961728395,0.8788698178,3
2025.07.09_0.3_1,-4,ensemble__simple_equal,ensemble__simple_equal,True,0.5389103038,178553.7482,134652.5859,133891.914,123423.115,0.906563786,0.9451191013,0.8356481482,0.8689626904,0.9092592593,0.883043042,3
2025.07.09_0.3_1,-4,ensemble__val_fold_legacy,ensemble__val_fold_legacy,False,0.5526492275,175945.1557,132817.3731,131671.2782,121401.0884,0.9058281893,0.9445692073,0.8378703704,0.8675330369,0.912962963,0.8845725006,3
2025.07.09_0.3_1,-4,rf,RandomForest,True,0.4694875929,190753.7841,150717.3712,164305.2545,156034.6807,0.8907716049,0.9348983219,0.8233333333,0.8765824413,0.8808641975,0.8728638751,3
2025.07.09_0.3_1,-8,alexnet,AlexNet,True,0.4233372235,201692.1548,159988.2758,111900.0174,98072.11057,0.8593415638,0.9264500147,0.7549074074,0.8511786493,0.8197530864,0.8210590978,3
2025.07.09_0.3_1,-8,cnntf_v2_gap,CNN+Tf v2 GAP,True,0.513293474,186075.6515,141162.9347,134242.9412,115136.448,0.8464557613,0.9260014102,0.7713888889,0.8088693015,0.8913580247,0.8437163565,3
2025.07.09_0.3_1,-8,ensemble__inner_holdout,ensemble__inner_holdout,True,0.4942814199,188820.3671,145326.5581,131481.0196,116756.339,0.8846244856,0.9370566243,0.802037037,0.8507355392,0.8851851852,0.8609538057,3
2025.07.09_0.3_1,-8,ensemble__prediction_max,ensemble__prediction_max,True,0.4783590345,189427.127,141888.758,154166.4063,129905.0607,0.8663888889,0.9296827639,0.8012962963,0.8017745952,0.9555555556,0.8682886104,3
2025.07.09_0.3_1,-8,ensemble__simple_equal,ensemble__simple_equal,True,0.5052219804,186794.9225,144588.6509,126918.9392,113045.666,0.891409465,0.9388721892,0.8098148148,0.8543088568,0.8919753086,0.8663267151,3
2025.07.09_0.3_1,-8,ensemble__val_fold_legacy,ensemble__val_fold_legacy,False,0.5300946985,181924.9907,140363.4091,124945.8782,111195.7058,0.8956018519,0.94012008,0.8210185185,0.8596173423,0.9018518519,0.8742850116,3
2025.07.09_0.3_1,-8,rf,RandomForest,True,0.4482742311,195892.921,155683.2553,152817.8531,137762.4757,0.8862397119,0.9329106002,0.8143518519,0.8666591497,0.8833333333,0.8679644817,3
2025.07.09_0.3_1,0,alexnet,AlexNet,True,0.3820475125,201735.757,153245.7318,168816.0608,154364.974,0.8789660494,0.9335141868,0.8081481481,0.8581269036,0.9030864198,0.8677089113,3
2025.07.09_0.3_1,0,cnntf_v2_gap,CNN+Tf v2 GAP,True,0.5148896925,183678.9408,136934.5869,136787.3102,120596.8593,0.8827263374,0.93704842,0.8117592593,0.8529871384,0.8956790124,0.8676909109,3
2025.07.09_0.3_1,0,ensemble__inner_holdout,ensemble__inner_holdout,True,0.5082643267,182491.3127,134906.6763,140223.5696,124970.9829,0.9036882716,0.9440708873,0.8383333333,0.8750532568,0.9055555555,0.8841219315,3
2025.07.09_0.3_1,0,ensemble__prediction_max,ensemble__prediction_max,True,0.454305227,188145.1321,142442.348,177448.0461,159286.9146,0.892037037,0.9360889509,0.8369444444,0.8389639883,0.9685185185,0.8921952823,3
2025.07.09_0.3_1,0,ensemble__simple_equal,ensemble__simple_equal,True,0.5052628957,182826.4684,135717.6435,139105.5766,120930.4283,0.9065123457,0.9448034032,0.8437962963,0.8749192289,0.9185185185,0.8896539051,3
2025.07.09_0.3_1,0,ensemble__val_fold_legacy,ensemble__val_fold_legacy,False,0.5269753558,178820.1201,132862.8102,137548.6133,121017.7861,0.9083230453,0.945738241,0.8443518519,0.8746873796,0.9172839506,0.8895427271,3
2025.07.09_0.3_1,0,rf,RandomForest,True,0.4884331343,186470.154,146887.511,164443.4751,156222.1487,0.8938734568,0.9362171199,0.8349074074,0.8818709259,0.8888888889,0.8800897312,3
2025.07.09_0.3_1,no_noise,alexnet,AlexNet,True,0.4622927501,189904.3274,143223.1372,138936.0923,130009.5051,0.8558384774,0.9188631076,0.8038888889,0.8595217389,0.874691358,0.8588675321,3
2025.07.09_0.3_1,no_noise,cnntf_v2_gap,CNN+Tf v2 GAP,True,0.4972329393,183764.739,137827.9303,152215.6162,142786.0778,0.8740329218,0.9278165152,0.8191666667,0.8611997548,0.8913580247,0.8702064378,3
2025.07.09_0.3_1,no_noise,ensemble__inner_holdout,ensemble__inner_holdout,True,0.5130064967,180365.3508,134321.9465,147710.5969,140927.354,0.8838168724,0.9301100818,0.8311111111,0.8721640383,0.8981481482,0.8785164086,3
2025.07.09_0.3_1,no_noise,ensemble__prediction_max,ensemble__prediction_max,True,0.5102945246,179127.9656,134812.1028,158612.4392,146220.491,0.8840380658,0.9309263698,0.8402777778,0.848470704,0.9382716049,0.8877921566,3
2025.07.09_0.3_1,no_noise,ensemble__simple_equal,ensemble__simple_equal,True,0.5224300432,178559.679,134207.1033,147210.7674,140577.1202,0.8861316872,0.930697146,0.8388888889,0.873643083,0.9067901235,0.8841719772,3
2025.07.09_0.3_1,no_noise,ensemble__val_fold_legacy,ensemble__val_fold_legacy,False,0.5335058678,176289.6608,133155.5211,146661.1526,140096.2702,0.8862551441,0.9307049248,0.8412962963,0.8727515823,0.9111111111,0.8862635585,3
2025.07.09_0.3_1,no_noise,rf,RandomForest,True,0.5021604227,184159.5907,145034.9891,161259.6379,154199.3591,0.8856790123,0.9314483349,0.8453703704,0.879706089,0.9037037037,0.8875761579,3
