experiment_name,max_freq_hz,noise_dir_name,snr_value,model_key,top_frequency_group,mean_r2_drop_after_mask,contributing_fold_rows
2025.06.18_0.3_3,maxfreq=10kHz,heatflux_reference_SNR=-12,-12,alexnet,freq_5000_10000Hz,8.708327852,3
2025.06.18_0.3_3,maxfreq=10kHz,heatflux_reference_SNR=-12,-12,cnntf_v2_gap,freq_2000_5000Hz,1.826945086,3
2025.06.18_0.3_3,maxfreq=10kHz,heatflux_reference_SNR=-12,-12,rf,freq_2000_5000Hz,0.2916234545,3
2025.06.18_0.3_3,maxfreq=10kHz,heatflux_reference_SNR=-16,-16,alexnet,freq_5000_10000Hz,7.677815268,3
2025.06.18_0.3_3,maxfreq=10kHz,heatflux_reference_SNR=-16,-16,cnntf_v2_gap,freq_5000_10000Hz,1.81073062,3
2025.06.18_0.3_3,maxfreq=10kHz,heatflux_reference_SNR=-16,-16,rf,freq_2000_5000Hz,0.2947384143,3
2025.06.18_0.3_3,maxfreq=10kHz,heatflux_reference_SNR=-20,-20,alexnet,freq_2000_5000Hz,14.17949409,3
2025.06.18_0.3_3,maxfreq=10kHz,heatflux_reference_SNR=-20,-20,cnntf_v2_gap,freq_1000_2000Hz,5.276413483,3
2025.06.18_0.3_3,maxfreq=10kHz,heatflux_reference_SNR=-20,-20,rf,freq_2000_5000Hz,0.3012856623,3
2025.06.18_0.3_3,maxfreq=10kHz,heatflux_reference_SNR=-4,-4,alexnet,freq_512_1000Hz,3.871744267,3
2025.06.18_0.3_3,maxfreq=10kHz,heatflux_reference_SNR=-4,-4,cnntf_v2_gap,freq_2000_5000Hz,1.126791005,3
2025.06.18_0.3_3,maxfreq=10kHz,heatflux_reference_SNR=-4,-4,rf,freq_2000_5000Hz,0.3120974216,3
2025.06.18_0.3_3,maxfreq=10kHz,heatflux_reference_SNR=-8,-8,alexnet,freq_1000_2000Hz,7.901603862,3
2025.06.18_0.3_3,maxfreq=10kHz,heatflux_reference_SNR=-8,-8,cnntf_v2_gap,freq_2000_5000Hz,1.691153213,3
2025.06.18_0.3_3,maxfreq=10kHz,heatflux_reference_SNR=-8,-8,rf,freq_2000_5000Hz,0.2997887701,3
2025.06.18_0.3_3,maxfreq=10kHz,heatflux_reference_SNR=0,0,alexnet,freq_2000_5000Hz,7.845245887,3
2025.06.18_0.3_3,maxfreq=10kHz,heatflux_reference_SNR=0,0,cnntf_v2_gap,freq_2000_5000Hz,0.8971696109,3
2025.06.18_0.3_3,maxfreq=10kHz,heatflux_reference_SNR=0,0,rf,freq_2000_5000Hz,0.3104041565,3
2025.06.18_0.3_3,maxfreq=10kHz,heatflux_no_noise,no_noise,alexnet,freq_1000_2000Hz,4.686017626,3
2025.06.18_0.3_3,maxfreq=10kHz,heatflux_no_noise,no_noise,cnntf_v2_gap,freq_5000_10000Hz,1.354986715,3
2025.06.18_0.3_3,maxfreq=10kHz,heatflux_no_noise,no_noise,rf,freq_2000_5000Hz,0.3040678113,3
2025.06.18_0.3_3,maxfreq=15kHz,heatflux_reference_SNR=-12,-12,alexnet,freq_10000_15000Hz,11.08431964,3
2025.06.18_0.3_3,maxfreq=15kHz,heatflux_reference_SNR=-12,-12,cnntf_v2_gap,freq_5000_10000Hz,1.598203974,3
2025.06.18_0.3_3,maxfreq=15kHz,heatflux_reference_SNR=-12,-12,rf,freq_2000_5000Hz,0.3039572958,3
2025.06.18_0.3_3,maxfreq=15kHz,heatflux_reference_SNR=-16,-16,alexnet,freq_10000_15000Hz,53.9845391,3
2025.06.18_0.3_3,maxfreq=15kHz,heatflux_reference_SNR=-16,-16,cnntf_v2_gap,freq_2000_5000Hz,1.030272836,3
2025.06.18_0.3_3,maxfreq=15kHz,heatflux_reference_SNR=-16,-16,rf,freq_2000_5000Hz,0.316526676,3
2025.06.18_0.3_3,maxfreq=15kHz,heatflux_reference_SNR=-20,-20,alexnet,freq_1000_2000Hz,53.08214443,3
2025.06.18_0.3_3,maxfreq=15kHz,heatflux_reference_SNR=-20,-20,cnntf_v2_gap,freq_1000_2000Hz,2.503968212,3
2025.06.18_0.3_3,maxfreq=15kHz,heatflux_reference_SNR=-20,-20,rf,freq_2000_5000Hz,0.3182615834,3
2025.06.18_0.3_3,maxfreq=15kHz,heatflux_reference_SNR=-4,-4,alexnet,freq_1000_2000Hz,6.122346373,3
2025.06.18_0.3_3,maxfreq=15kHz,heatflux_reference_SNR=-4,-4,cnntf_v2_gap,freq_1000_2000Hz,0.7360048112,3
2025.06.18_0.3_3,maxfreq=15kHz,heatflux_reference_SNR=-4,-4,rf,freq_2000_5000Hz,0.318917475,3
2025.06.18_0.3_3,maxfreq=15kHz,heatflux_reference_SNR=-8,-8,alexnet,freq_5000_10000Hz,8.784302739,3
2025.06.18_0.3_3,maxfreq=15kHz,heatflux_reference_SNR=-8,-8,cnntf_v2_gap,freq_2000_5000Hz,1.09547376,3
2025.06.18_0.3_3,maxfreq=15kHz,heatflux_reference_SNR=-8,-8,rf,freq_2000_5000Hz,0.3065551641,3
2025.06.18_0.3_3,maxfreq=15kHz,heatflux_reference_SNR=0,0,alexnet,freq_1000_2000Hz,3.266173064,3
2025.06.18_0.3_3,maxfreq=15kHz,heatflux_reference_SNR=0,0,cnntf_v2_gap,freq_5000_10000Hz,0.7818963733,3
2025.06.18_0.3_3,maxfreq=15kHz,heatflux_reference_SNR=0,0,rf,freq_2000_5000Hz,0.3294956257,3
2025.06.18_0.3_3,maxfreq=15kHz,heatflux_no_noise,no_noise,alexnet,freq_1000_2000Hz,5.552748877,3
2025.06.18_0.3_3,maxfreq=15kHz,heatflux_no_noise,no_noise,cnntf_v2_gap,freq_1000_2000Hz,1.112343983,3
2025.06.18_0.3_3,maxfreq=15kHz,heatflux_no_noise,no_noise,rf,freq_2000_5000Hz,0.3293355439,3
2025.06.18_0.3_3,maxfreq=22kHz,heatflux_reference_SNR=-12,-12,alexnet,freq_1000_2000Hz,37.67645963,3
2025.06.18_0.3_3,maxfreq=22kHz,heatflux_reference_SNR=-12,-12,cnntf_v2_gap,freq_5000_10000Hz,1.963250996,3
2025.06.18_0.3_3,maxfreq=22kHz,heatflux_reference_SNR=-12,-12,rf,freq_2000_5000Hz,0.3071789325,3
2025.06.18_0.3_3,maxfreq=22kHz,heatflux_reference_SNR=-16,-16,alexnet,freq_1000_2000Hz,94.05413206,3
2025.06.18_0.3_3,maxfreq=22kHz,heatflux_reference_SNR=-16,-16,cnntf_v2_gap,freq_2000_5000Hz,3.955252368,3
2025.06.18_0.3_3,maxfreq=22kHz,heatflux_reference_SNR=-16,-16,rf,freq_2000_5000Hz,0.3246168643,3
2025.06.18_0.3_3,maxfreq=22kHz,heatflux_reference_SNR=-20,-20,alexnet,freq_1000_2000Hz,183.2509479,3
2025.06.18_0.3_3,maxfreq=22kHz,heatflux_reference_SNR=-20,-20,cnntf_v2_gap,freq_2000_5000Hz,5.63652664,3
2025.06.18_0.3_3,maxfreq=22kHz,heatflux_reference_SNR=-20,-20,rf,freq_2000_5000Hz,0.3339087809,3
2025.06.18_0.3_3,maxfreq=22kHz,heatflux_reference_SNR=-4,-4,alexnet,freq_1000_2000Hz,30.72230825,3
2025.06.18_0.3_3,maxfreq=22kHz,heatflux_reference_SNR=-4,-4,cnntf_v2_gap,freq_2000_5000Hz,2.176950531,3
2025.06.18_0.3_3,maxfreq=22kHz,heatflux_reference_SNR=-4,-4,rf,freq_2000_5000Hz,0.3345436013,3
2025.06.18_0.3_3,maxfreq=22kHz,heatflux_reference_SNR=-8,-8,alexnet,freq_1000_2000Hz,22.66397222,3
2025.06.18_0.3_3,maxfreq=22kHz,heatflux_reference_SNR=-8,-8,cnntf_v2_gap,freq_2000_5000Hz,1.79754468,3
2025.06.18_0.3_3,maxfreq=22kHz,heatflux_reference_SNR=-8,-8,rf,freq_2000_5000Hz,0.3113363559,3
2025.06.18_0.3_3,maxfreq=22kHz,heatflux_reference_SNR=0,0,alexnet,freq_15000_22000Hz,7.106010655,3
2025.06.18_0.3_3,maxfreq=22kHz,heatflux_reference_SNR=0,0,cnntf_v2_gap,freq_2000_5000Hz,1.807444375,3
2025.06.18_0.3_3,maxfreq=22kHz,heatflux_reference_SNR=0,0,rf,freq_2000_5000Hz,0.3432157561,3
2025.06.18_0.3_3,maxfreq=22kHz,heatflux_no_noise,no_noise,alexnet,freq_1000_2000Hz,4.295799796,3
2025.06.18_0.3_3,maxfreq=22kHz,heatflux_no_noise,no_noise,cnntf_v2_gap,freq_10000_15000Hz,0.8155852847,3
2025.06.18_0.3_3,maxfreq=22kHz,heatflux_no_noise,no_noise,rf,freq_2000_5000Hz,0.3432763761,3
2025.06.18_0.3_3,maxfreq=3kHz,heatflux_reference_SNR=-12,-12,alexnet,freq_1000_2000Hz,9.338788182,3
2025.06.18_0.3_3,maxfreq=3kHz,heatflux_reference_SNR=-12,-12,cnntf_v2_gap,freq_512_1000Hz,1.412867305,3
2025.06.18_0.3_3,maxfreq=3kHz,heatflux_reference_SNR=-12,-12,rf,freq_2000_3000Hz,0.3191707863,3
2025.06.18_0.3_3,maxfreq=3kHz,heatflux_reference_SNR=-16,-16,alexnet,freq_2000_3000Hz,25.79929037,3
2025.06.18_0.3_3,maxfreq=3kHz,heatflux_reference_SNR=-16,-16,cnntf_v2_gap,freq_1000_2000Hz,1.715908071,3
2025.06.18_0.3_3,maxfreq=3kHz,heatflux_reference_SNR=-16,-16,rf,freq_2000_3000Hz,0.3136062268,3
2025.06.18_0.3_3,maxfreq=3kHz,heatflux_reference_SNR=-20,-20,alexnet,freq_2000_3000Hz,35.23631102,3
2025.06.18_0.3_3,maxfreq=3kHz,heatflux_reference_SNR=-20,-20,cnntf_v2_gap,freq_1000_2000Hz,1.263532053,3
2025.06.18_0.3_3,maxfreq=3kHz,heatflux_reference_SNR=-20,-20,rf,freq_2000_3000Hz,0.3143308283,3
2025.06.18_0.3_3,maxfreq=3kHz,heatflux_reference_SNR=-4,-4,alexnet,freq_1000_2000Hz,10.47926923,3
2025.06.18_0.3_3,maxfreq=3kHz,heatflux_reference_SNR=-4,-4,cnntf_v2_gap,freq_512_1000Hz,1.22942048,3
2025.06.18_0.3_3,maxfreq=3kHz,heatflux_reference_SNR=-4,-4,rf,freq_2000_3000Hz,0.3569026143,3
2025.06.18_0.3_3,maxfreq=3kHz,heatflux_reference_SNR=-8,-8,alexnet,freq_1000_2000Hz,11.84168208,3
2025.06.18_0.3_3,maxfreq=3kHz,heatflux_reference_SNR=-8,-8,cnntf_v2_gap,freq_1000_2000Hz,3.357415612,3
2025.06.18_0.3_3,maxfreq=3kHz,heatflux_reference_SNR=-8,-8,rf,freq_2000_3000Hz,0.343092922,3
2025.06.18_0.3_3,maxfreq=3kHz,heatflux_reference_SNR=0,0,alexnet,freq_1000_2000Hz,7.075195386,3
2025.06.18_0.3_3,maxfreq=3kHz,heatflux_reference_SNR=0,0,cnntf_v2_gap,freq_512_1000Hz,1.502782751,3
2025.06.18_0.3_3,maxfreq=3kHz,heatflux_reference_SNR=0,0,rf,freq_2000_3000Hz,0.3485107909,3
2025.06.18_0.3_3,maxfreq=3kHz,heatflux_no_noise,no_noise,alexnet,freq_1000_2000Hz,13.92755822,3
2025.06.18_0.3_3,maxfreq=3kHz,heatflux_no_noise,no_noise,cnntf_v2_gap,freq_2000_3000Hz,1.357251384,3
2025.06.18_0.3_3,maxfreq=3kHz,heatflux_no_noise,no_noise,rf,freq_2000_3000Hz,0.3512608937,3
2025.06.18_0.3_3,maxfreq=5kHz,heatflux_reference_SNR=-12,-12,alexnet,freq_1000_2000Hz,13.56043708,3
2025.06.18_0.3_3,maxfreq=5kHz,heatflux_reference_SNR=-12,-12,cnntf_v2_gap,freq_1000_2000Hz,0.8684201222,3
2025.06.18_0.3_3,maxfreq=5kHz,heatflux_reference_SNR=-12,-12,rf,freq_2000_5000Hz,0.3215202558,3
2025.06.18_0.3_3,maxfreq=5kHz,heatflux_reference_SNR=-16,-16,alexnet,freq_2000_5000Hz,28.82113398,3
2025.06.18_0.3_3,maxfreq=5kHz,heatflux_reference_SNR=-16,-16,cnntf_v2_gap,freq_2000_5000Hz,2.04827677,3
2025.06.18_0.3_3,maxfreq=5kHz,heatflux_reference_SNR=-16,-16,rf,freq_2000_5000Hz,0.3118454468,3
2025.06.18_0.3_3,maxfreq=5kHz,heatflux_reference_SNR=-20,-20,alexnet,freq_2000_5000Hz,12.17637548,3
2025.06.18_0.3_3,maxfreq=5kHz,heatflux_reference_SNR=-20,-20,cnntf_v2_gap,freq_512_1000Hz,1.223034317,3
2025.06.18_0.3_3,maxfreq=5kHz,heatflux_reference_SNR=-20,-20,rf,freq_2000_5000Hz,0.3184738869,3
2025.06.18_0.3_3,maxfreq=5kHz,heatflux_reference_SNR=-4,-4,alexnet,freq_1000_2000Hz,18.23791317,3
2025.06.18_0.3_3,maxfreq=5kHz,heatflux_reference_SNR=-4,-4,cnntf_v2_gap,freq_512_1000Hz,0.7633411295,3
2025.06.18_0.3_3,maxfreq=5kHz,heatflux_reference_SNR=-4,-4,rf,freq_2000_5000Hz,0.3497312278,3
2025.06.18_0.3_3,maxfreq=5kHz,heatflux_reference_SNR=-8,-8,alexnet,freq_1000_2000Hz,13.35245264,3
2025.06.18_0.3_3,maxfreq=5kHz,heatflux_reference_SNR=-8,-8,cnntf_v2_gap,freq_2000_5000Hz,0.8949892961,3
2025.06.18_0.3_3,maxfreq=5kHz,heatflux_reference_SNR=-8,-8,rf,freq_2000_5000Hz,0.3456085518,3
2025.06.18_0.3_3,maxfreq=5kHz,heatflux_reference_SNR=0,0,alexnet,freq_1000_2000Hz,12.20141584,3
2025.06.18_0.3_3,maxfreq=5kHz,heatflux_reference_SNR=0,0,cnntf_v2_gap,freq_2000_5000Hz,1.096995997,3
2025.06.18_0.3_3,maxfreq=5kHz,heatflux_reference_SNR=0,0,rf,freq_2000_5000Hz,0.3581210724,3
2025.06.18_0.3_3,maxfreq=5kHz,heatflux_no_noise,no_noise,alexnet,freq_1000_2000Hz,12.25422384,3
2025.06.18_0.3_3,maxfreq=5kHz,heatflux_no_noise,no_noise,cnntf_v2_gap,freq_512_1000Hz,1.012893115,3
2025.06.18_0.3_3,maxfreq=5kHz,heatflux_no_noise,no_noise,rf,freq_2000_5000Hz,0.3566381028,3
2025.07.09_0.3_1,maxfreq=10kHz,heatflux_reference_SNR=-12,-12,alexnet,freq_2000_5000Hz,27.44948355,3
2025.07.09_0.3_1,maxfreq=10kHz,heatflux_reference_SNR=-12,-12,cnntf_v2_gap,freq_5000_10000Hz,6.423184154,3
2025.07.09_0.3_1,maxfreq=10kHz,heatflux_reference_SNR=-12,-12,rf,freq_2000_5000Hz,0.224448903,3
2025.07.09_0.3_1,maxfreq=10kHz,heatflux_reference_SNR=-16,-16,alexnet,freq_1000_2000Hz,75.31020931,3
2025.07.09_0.3_1,maxfreq=10kHz,heatflux_reference_SNR=-16,-16,cnntf_v2_gap,freq_5000_10000Hz,4.037751361,3
2025.07.09_0.3_1,maxfreq=10kHz,heatflux_reference_SNR=-16,-16,rf,freq_2000_5000Hz,0.1764185564,3
2025.07.09_0.3_1,maxfreq=10kHz,heatflux_reference_SNR=-20,-20,alexnet,freq_1000_2000Hz,182.6255575,3
2025.07.09_0.3_1,maxfreq=10kHz,heatflux_reference_SNR=-20,-20,cnntf_v2_gap,freq_5000_10000Hz,5.436238931,3
2025.07.09_0.3_1,maxfreq=10kHz,heatflux_reference_SNR=-20,-20,rf,freq_2000_5000Hz,0.1234819356,3
2025.07.09_0.3_1,maxfreq=10kHz,heatflux_reference_SNR=-4,-4,alexnet,freq_2000_5000Hz,26.66532561,3
2025.07.09_0.3_1,maxfreq=10kHz,heatflux_reference_SNR=-4,-4,cnntf_v2_gap,freq_5000_10000Hz,4.761599027,3
2025.07.09_0.3_1,maxfreq=10kHz,heatflux_reference_SNR=-4,-4,rf,freq_2000_5000Hz,0.3048359437,3
2025.07.09_0.3_1,maxfreq=10kHz,heatflux_reference_SNR=-8,-8,alexnet,freq_2000_5000Hz,89.7820236,3
2025.07.09_0.3_1,maxfreq=10kHz,heatflux_reference_SNR=-8,-8,cnntf_v2_gap,freq_2000_5000Hz,5.613739547,3
2025.07.09_0.3_1,maxfreq=10kHz,heatflux_reference_SNR=-8,-8,rf,freq_2000_5000Hz,0.252361683,3
2025.07.09_0.3_1,maxfreq=10kHz,heatflux_reference_SNR=0,0,alexnet,freq_2000_5000Hz,23.66271905,3
2025.07.09_0.3_1,maxfreq=10kHz,heatflux_reference_SNR=0,0,cnntf_v2_gap,freq_2000_5000Hz,6.680909604,3
2025.07.09_0.3_1,maxfreq=10kHz,heatflux_reference_SNR=0,0,rf,freq_2000_5000Hz,0.4083403826,3
2025.07.09_0.3_1,maxfreq=10kHz,heatflux_no_noise,no_noise,alexnet,freq_2000_5000Hz,22.55413464,3
2025.07.09_0.3_1,maxfreq=10kHz,heatflux_no_noise,no_noise,cnntf_v2_gap,freq_5000_10000Hz,5.027490499,3
2025.07.09_0.3_1,maxfreq=10kHz,heatflux_no_noise,no_noise,rf,freq_2000_5000Hz,0.4528567427,3
2025.07.09_0.3_1,maxfreq=3kHz,heatflux_reference_SNR=-12,-12,alexnet,freq_2000_3000Hz,54.35886453,3
2025.07.09_0.3_1,maxfreq=3kHz,heatflux_reference_SNR=-12,-12,cnntf_v2_gap,freq_2000_3000Hz,2.323306696,3
2025.07.09_0.3_1,maxfreq=3kHz,heatflux_reference_SNR=-12,-12,rf,freq_2000_3000Hz,0.2323301607,3
2025.07.09_0.3_1,maxfreq=3kHz,heatflux_reference_SNR=-16,-16,alexnet,freq_2000_3000Hz,73.08555485,3
2025.07.09_0.3_1,maxfreq=3kHz,heatflux_reference_SNR=-16,-16,cnntf_v2_gap,freq_1000_2000Hz,1.940189876,3
2025.07.09_0.3_1,maxfreq=3kHz,heatflux_reference_SNR=-16,-16,rf,freq_2000_3000Hz,0.2018798948,3
2025.07.09_0.3_1,maxfreq=3kHz,heatflux_reference_SNR=-20,-20,alexnet,freq_2000_3000Hz,47.95164931,3
2025.07.09_0.3_1,maxfreq=3kHz,heatflux_reference_SNR=-20,-20,cnntf_v2_gap,freq_1000_2000Hz,1.6958554,3
2025.07.09_0.3_1,maxfreq=3kHz,heatflux_reference_SNR=-20,-20,rf,freq_2000_3000Hz,0.1578648923,3
2025.07.09_0.3_1,maxfreq=3kHz,heatflux_reference_SNR=-4,-4,alexnet,freq_2000_3000Hz,45.28691822,3
2025.07.09_0.3_1,maxfreq=3kHz,heatflux_reference_SNR=-4,-4,cnntf_v2_gap,freq_2000_3000Hz,2.937762547,3
2025.07.09_0.3_1,maxfreq=3kHz,heatflux_reference_SNR=-4,-4,rf,freq_2000_3000Hz,0.3445538625,3
2025.07.09_0.3_1,maxfreq=3kHz,heatflux_reference_SNR=-8,-8,alexnet,freq_2000_3000Hz,49.7296001,3
2025.07.09_0.3_1,maxfreq=3kHz,heatflux_reference_SNR=-8,-8,cnntf_v2_gap,freq_2000_3000Hz,2.845166042,3
2025.07.09_0.3_1,maxfreq=3kHz,heatflux_reference_SNR=-8,-8,rf,freq_2000_3000Hz,0.2732727121,3
2025.07.09_0.3_1,maxfreq=3kHz,heatflux_reference_SNR=0,0,alexnet,freq_2000_3000Hz,67.58375654,3
2025.07.09_0.3_1,maxfreq=3kHz,heatflux_reference_SNR=0,0,cnntf_v2_gap,freq_2000_3000Hz,3.206649876,3
2025.07.09_0.3_1,maxfreq=3kHz,heatflux_reference_SNR=0,0,rf,freq_2000_3000Hz,0.4430886269,3
2025.07.09_0.3_1,maxfreq=3kHz,heatflux_no_noise,no_noise,alexnet,freq_2000_3000Hz,69.02243883,3
2025.07.09_0.3_1,maxfreq=3kHz,heatflux_no_noise,no_noise,cnntf_v2_gap,freq_2000_3000Hz,3.223529357,3
2025.07.09_0.3_1,maxfreq=3kHz,heatflux_no_noise,no_noise,rf,freq_2000_3000Hz,0.4824024037,3
2025.07.09_0.3_1,maxfreq=5kHz,heatflux_reference_SNR=-12,-12,alexnet,freq_2000_5000Hz,237.1744801,3
2025.07.09_0.3_1,maxfreq=5kHz,heatflux_reference_SNR=-12,-12,cnntf_v2_gap,freq_2000_5000Hz,3.253246131,3
2025.07.09_0.3_1,maxfreq=5kHz,heatflux_reference_SNR=-12,-12,rf,freq_2000_5000Hz,0.2397917276,3
2025.07.09_0.3_1,maxfreq=5kHz,heatflux_reference_SNR=-16,-16,alexnet,freq_2000_5000Hz,134.8370916,3
2025.07.09_0.3_1,maxfreq=5kHz,heatflux_reference_SNR=-16,-16,cnntf_v2_gap,freq_1000_2000Hz,3.756351843,3
2025.07.09_0.3_1,maxfreq=5kHz,heatflux_reference_SNR=-16,-16,rf,freq_2000_5000Hz,0.2078944402,3
2025.07.09_0.3_1,maxfreq=5kHz,heatflux_reference_SNR=-20,-20,alexnet,freq_2000_5000Hz,273.5891104,3
2025.07.09_0.3_1,maxfreq=5kHz,heatflux_reference_SNR=-20,-20,cnntf_v2_gap,freq_512_1000Hz,2.642298462,3
2025.07.09_0.3_1,maxfreq=5kHz,heatflux_reference_SNR=-20,-20,rf,freq_2000_5000Hz,0.1761353944,3
2025.07.09_0.3_1,maxfreq=5kHz,heatflux_reference_SNR=-4,-4,alexnet,freq_1000_2000Hz,37.2659096,3
2025.07.09_0.3_1,maxfreq=5kHz,heatflux_reference_SNR=-4,-4,cnntf_v2_gap,freq_2000_5000Hz,3.060382355,3
2025.07.09_0.3_1,maxfreq=5kHz,heatflux_reference_SNR=-4,-4,rf,freq_2000_5000Hz,0.3670725746,3
2025.07.09_0.3_1,maxfreq=5kHz,heatflux_reference_SNR=-8,-8,alexnet,freq_2000_5000Hz,37.67890538,3
2025.07.09_0.3_1,maxfreq=5kHz,heatflux_reference_SNR=-8,-8,cnntf_v2_gap,freq_2000_5000Hz,3.329294378,3
2025.07.09_0.3_1,maxfreq=5kHz,heatflux_reference_SNR=-8,-8,rf,freq_2000_5000Hz,0.2676170655,3
2025.07.09_0.3_1,maxfreq=5kHz,heatflux_reference_SNR=0,0,alexnet,freq_2000_5000Hz,20.97691331,3
2025.07.09_0.3_1,maxfreq=5kHz,heatflux_reference_SNR=0,0,cnntf_v2_gap,freq_2000_5000Hz,3.73451174,3
2025.07.09_0.3_1,maxfreq=5kHz,heatflux_reference_SNR=0,0,rf,freq_2000_5000Hz,0.4468328237,3
2025.07.09_0.3_1,maxfreq=5kHz,heatflux_no_noise,no_noise,alexnet,freq_2000_5000Hz,15.86803137,3
2025.07.09_0.3_1,maxfreq=5kHz,heatflux_no_noise,no_noise,cnntf_v2_gap,freq_2000_5000Hz,3.096383161,3
2025.07.09_0.3_1,maxfreq=5kHz,heatflux_no_noise,no_noise,rf,freq_2000_5000Hz,0.5347615068,3
