experiment_name,source_wav,filtered_rms
2025.06.11_0.3_2,Pool_boiling/Subcooling_20_degrees/0.3/2025.06.11_0.3_2/録音データ_熱流束/index=1.3.28E-04.wav,0.0001690004399
2025.06.11_0.3_2,Pool_boiling/Subcooling_20_degrees/0.3/2025.06.11_0.3_2/録音データ_熱流束/index=10.3.15E+05.wav,0.001733806745
2025.06.11_0.3_2,Pool_boiling/Subcooling_20_degrees/0.3/2025.06.11_0.3_2/録音データ_熱流束/index=11.3.69E+05.wav,0.004066520973
2025.06.11_0.3_2,Pool_boiling/Subcooling_20_degrees/0.3/2025.06.11_0.3_2/録音データ_熱流束/index=12.4.27E+05.wav,0.008052693346
2025.06.11_0.3_2,Pool_boiling/Subcooling_20_degrees/0.3/2025.06.11_0.3_2/録音データ_熱流束/index=13.4.89E+05.wav,0.01150350405
2025.06.11_0.3_2,Pool_boiling/Subcooling_20_degrees/0.3/2025.06.11_0.3_2/録音データ_熱流束/index=14.5.54E+05.wav,0.01603955345
2025.06.11_0.3_2,Pool_boiling/Subcooling_20_degrees/0.3/2025.06.11_0.3_2/録音データ_熱流束/index=15.6.24E+05.wav,0.0210769724
2025.06.11_0.3_2,Pool_boiling/Subcooling_20_degrees/0.3/2025.06.11_0.3_2/録音データ_熱流束/index=16.6.98E+05.wav,0.02581247988
2025.06.11_0.3_2,Pool_boiling/Subcooling_20_degrees/0.3/2025.06.11_0.3_2/録音データ_熱流束/index=17.7.77E+05.wav,0.03012687763
2025.06.11_0.3_2,Pool_boiling/Subcooling_20_degrees/0.3/2025.06.11_0.3_2/録音データ_熱流束/index=18.8.59E+05.wav,0.03496383816
2025.06.11_0.3_2,Pool_boiling/Subcooling_20_degrees/0.3/2025.06.11_0.3_2/録音データ_熱流束/index=2.2.36E+03.wav,0.0002156210562
2025.06.11_0.3_2,Pool_boiling/Subcooling_20_degrees/0.3/2025.06.11_0.3_2/録音データ_熱流束/index=3.2.10E+04.wav,0.0002095219829
2025.06.11_0.3_2,Pool_boiling/Subcooling_20_degrees/0.3/2025.06.11_0.3_2/録音データ_熱流束/index=4.5.76E+04.wav,0.0002184943142
2025.06.11_0.3_2,Pool_boiling/Subcooling_20_degrees/0.3/2025.06.11_0.3_2/録音データ_熱流束/index=5.1.11E+05.wav,0.0002112631636
2025.06.11_0.3_2,Pool_boiling/Subcooling_20_degrees/0.3/2025.06.11_0.3_2/録音データ_熱流束/index=6.1.44E+05.wav,0.0002047308906
2025.06.11_0.3_2,Pool_boiling/Subcooling_20_degrees/0.3/2025.06.11_0.3_2/録音データ_熱流束/index=7.1.81E+05.wav,0.0001989484062
2025.06.11_0.3_2,Pool_boiling/Subcooling_20_degrees/0.3/2025.06.11_0.3_2/録音データ_熱流束/index=8.2.22E+05.wav,0.0001651709685
2025.06.11_0.3_2,Pool_boiling/Subcooling_20_degrees/0.3/2025.06.11_0.3_2/録音データ_熱流束/index=9.2.67E+05.wav,0.001043398081
2025.06.18_0.3_3,Pool_boiling/Subcooling_20_degrees/0.3/2025.06.18_0.3_3/録音データ_熱流束/index=1.0.wav,0.0001033364606
2025.06.18_0.3_3,Pool_boiling/Subcooling_20_degrees/0.3/2025.06.18_0.3_3/録音データ_熱流束/index=10.322114.wav,0.001004034524
2025.06.18_0.3_3,Pool_boiling/Subcooling_20_degrees/0.3/2025.06.18_0.3_3/録音データ_熱流束/index=11.376320.wav,0.001896620773
2025.06.18_0.3_3,Pool_boiling/Subcooling_20_degrees/0.3/2025.06.18_0.3_3/録音データ_熱流束/index=12.434018.wav,0.00546149204
2025.06.18_0.3_3,Pool_boiling/Subcooling_20_degrees/0.3/2025.06.18_0.3_3/録音データ_熱流束/index=13.496023.wav,0.009272828612
2025.06.18_0.3_3,Pool_boiling/Subcooling_20_degrees/0.3/2025.06.18_0.3_3/録音データ_熱流束/index=14.562158.wav,0.01437555732
2025.06.18_0.3_3,Pool_boiling/Subcooling_20_degrees/0.3/2025.06.18_0.3_3/録音データ_熱流束/index=15.633482.wav,0.01931011134
2025.06.18_0.3_3,Pool_boiling/Subcooling_20_degrees/0.3/2025.06.18_0.3_3/録音データ_熱流束/index=16.709792.wav,0.02369307995
2025.06.18_0.3_3,Pool_boiling/Subcooling_20_degrees/0.3/2025.06.18_0.3_3/録音データ_熱流束/index=17.789500.wav,0.02665658501
2025.06.18_0.3_3,Pool_boiling/Subcooling_20_degrees/0.3/2025.06.18_0.3_3/録音データ_熱流束/index=18.873637.wav,0.02958714075
2025.06.18_0.3_3,Pool_boiling/Subcooling_20_degrees/0.3/2025.06.18_0.3_3/録音データ_熱流束/index=2.2380.wav,0.0001261152092
2025.06.18_0.3_3,Pool_boiling/Subcooling_20_degrees/0.3/2025.06.18_0.3_3/録音データ_熱流束/index=3.21242.wav,0.0001255305593
2025.06.18_0.3_3,Pool_boiling/Subcooling_20_degrees/0.3/2025.06.18_0.3_3/録音データ_熱流束/index=4.58389.wav,0.0001259568854
2025.06.18_0.3_3,Pool_boiling/Subcooling_20_degrees/0.3/2025.06.18_0.3_3/録音データ_熱流束/index=5.113188.wav,0.0002121499582
2025.06.18_0.3_3,Pool_boiling/Subcooling_20_degrees/0.3/2025.06.18_0.3_3/録音データ_熱流束/index=6.146381.wav,0.0002123819777
2025.06.18_0.3_3,Pool_boiling/Subcooling_20_degrees/0.3/2025.06.18_0.3_3/録音データ_熱流束/index=7.184190.wav,0.0001735471697
2025.06.18_0.3_3,Pool_boiling/Subcooling_20_degrees/0.3/2025.06.18_0.3_3/録音データ_熱流束/index=8.225704.wav,0.0002131130123
2025.06.18_0.3_3,Pool_boiling/Subcooling_20_degrees/0.3/2025.06.18_0.3_3/録音データ_熱流束/index=9.271677.wav,0.0004822199855
2025.07.09_0.3_1,Pool_boiling/Subcooling_20_degrees/0.3/2025.07.09_0.3_1/録音データ_熱流束/index=1.0.wav,0.0002921864574
2025.07.09_0.3_1,Pool_boiling/Subcooling_20_degrees/0.3/2025.07.09_0.3_1/録音データ_熱流束/index=10.383287.wav,0.0002427191301
2025.07.09_0.3_1,Pool_boiling/Subcooling_20_degrees/0.3/2025.07.09_0.3_1/録音データ_熱流束/index=11.442169.wav,0.0002442090306
2025.07.09_0.3_1,Pool_boiling/Subcooling_20_degrees/0.3/2025.07.09_0.3_1/録音データ_熱流束/index=12.505101.wav,0.0002443683191
2025.07.09_0.3_1,Pool_boiling/Subcooling_20_degrees/0.3/2025.07.09_0.3_1/録音データ_熱流束/index=13.571694.wav,0.001063764015
2025.07.09_0.3_1,Pool_boiling/Subcooling_20_degrees/0.3/2025.07.09_0.3_1/録音データ_熱流束/index=14.643516.wav,0.001063195135
2025.07.09_0.3_1,Pool_boiling/Subcooling_20_degrees/0.3/2025.07.09_0.3_1/録音データ_熱流束/index=15.720690.wav,0.0060382087
2025.07.09_0.3_1,Pool_boiling/Subcooling_20_degrees/0.3/2025.07.09_0.3_1/録音データ_熱流束/index=16.802409.wav,0.01138136613
2025.07.09_0.3_1,Pool_boiling/Subcooling_20_degrees/0.3/2025.07.09_0.3_1/録音データ_熱流束/index=17.887789.wav,0.01851924811
2025.07.09_0.3_1,Pool_boiling/Subcooling_20_degrees/0.3/2025.07.09_0.3_1/録音データ_熱流束/index=2.2424.wav,0.0002797134949
2025.07.09_0.3_1,Pool_boiling/Subcooling_20_degrees/0.3/2025.07.09_0.3_1/録音データ_熱流束/index=4.59375.wav,0.0003277588496
2025.07.09_0.3_1,Pool_boiling/Subcooling_20_degrees/0.3/2025.07.09_0.3_1/録音データ_熱流束/index=6.187171.wav,0.0003336302801
2025.07.09_0.3_1,Pool_boiling/Subcooling_20_degrees/0.3/2025.07.09_0.3_1/録音データ_熱流束/index=8.275174.wav,0.0002782715963
