snr,fold,experiment_name,source_wav_id,source_wav_name,y_true,true_onb_state,n_chunks,first_chunk_start_seconds,last_chunk_start_seconds,rf_pred_mean,rf_pred_median,rf_pred_p90,rf_pred_std,rf_predicted_positive_chunk_count,rf_predicted_positive_chunk_rate,rf_predicted_positive_run_count,rf_first_predicted_positive_seconds,rf_longest_predicted_positive_run_seconds,cnntf_v2_gap_pred_mean,cnntf_v2_gap_pred_median,cnntf_v2_gap_pred_p90,cnntf_v2_gap_pred_std,cnntf_v2_gap_predicted_positive_chunk_count,cnntf_v2_gap_predicted_positive_chunk_rate,cnntf_v2_gap_predicted_positive_run_count,cnntf_v2_gap_first_predicted_positive_seconds,cnntf_v2_gap_longest_predicted_positive_run_seconds,alexnet_pred_mean,alexnet_pred_median,alexnet_pred_p90,alexnet_pred_std,alexnet_predicted_positive_chunk_count,alexnet_predicted_positive_chunk_rate,alexnet_predicted_positive_run_count,alexnet_first_predicted_positive_seconds,alexnet_longest_predicted_positive_run_seconds,ensemble__simple_equal_pred_mean,ensemble__simple_equal_pred_median,ensemble__simple_equal_pred_p90,ensemble__simple_equal_pred_std,ensemble__simple_equal_predicted_positive_chunk_count,ensemble__simple_equal_predicted_positive_chunk_rate,ensemble__simple_equal_predicted_positive_run_count,ensemble__simple_equal_first_predicted_positive_seconds,ensemble__simple_equal_longest_predicted_positive_run_seconds,ensemble__inner_holdout_pred_mean,ensemble__inner_holdout_pred_median,ensemble__inner_holdout_pred_p90,ensemble__inner_holdout_pred_std,ensemble__inner_holdout_predicted_positive_chunk_count,ensemble__inner_holdout_predicted_positive_chunk_rate,ensemble__inner_holdout_predicted_positive_run_count,ensemble__inner_holdout_first_predicted_positive_seconds,ensemble__inner_holdout_longest_predicted_positive_run_seconds
no_noise,3,2025.06.11_0.3_2,index=1.3.28E-04,index=1.3.28E-04.wav,0.00032804699999999998,0,60,0,59,171264.79973958334,183862.7265625,219928.11093749999,47098.165349029994,0,0,0,,0,156962.25371093751,160129.7890625,220854.64531250001,48317.214518779678,0,0,0,,0,176433.90182291667,187605.65625,231786.56875000001,52994.013964465172,0,0,0,,0,168220.31842447913,176955.59244791666,220719.77968750001,46901.223698829031,0,0,0,,0,167316.87436683089,177925.05839767531,220398.80518111188,47385.495538033138,0,0,0,,0
no_noise,3,2025.06.11_0.3_2,index=2.2.36E+03,index=2.2.36E+03.wav,2355.3353499999998,0,60,0,59,123159.78958333333,103641.93359375,199811.32343750002,40390.219889236963,0,0,0,,0,69820.322448730469,65198.455078125,117518.53125,36570.212890609124,0,0,0,,0,65290.368123372398,58192.18359375,122338.21015625002,38724.97817934709,0,0,0,,0,86090.160051812054,75684.880208333328,142009.96328125001,35156.856736902562,0,0,0,,0,80189.263426867823,71243.553022526467,132784.37698557816,35057.197431673369,0,0,0,,0
no_noise,1,2025.06.11_0.3_2,index=3.2.10E+04,index=3.2.10E+04.wav,20979.716039999999,0,60,0,59,74470.208723958334,70602.84375,80551.682812500003,12054.06191045527,0,0,0,,0,12578.801562500001,7931.537109375,67430.142968750006,37498.284863774519,0,0,0,,0,2521.5803731282554,-11790.67724609375,65762.251953125,37137.712383841041,0,0,0,,0,29856.863553195526,21565.904215494789,70839.348828125003,25303.845590437613,0,0,0,,0,23803.199305756669,18791.781090484925,70104.831502086556,28696.404256310518,0,0,0,,0
no_noise,2,2025.06.11_0.3_2,index=4.5.76E+04,index=4.5.76E+04.wav,57593.316650000001,0,60,0,59,73951.997591145831,69147.31640625,87917.072656250006,20855.328885410916,0,0,0,,0,87442.096354166672,86865.09375,120513.87890625,29330.157027795263,0,0,0,,0,84435.11243489584,84632.0390625,115002.96562500001,23913.379238378551,0,0,0,,0,81943.068793402766,83942.217447916657,99452.66979166666,21117.760291530409,0,0,0,,0,83102.672786739175,84265.10155935373,103938.29109342145,22181.387742753719,0,0,0,,0
no_noise,3,2025.06.11_0.3_2,index=5.1.11E+05,index=5.1.11E+05.wav,111264.70170000001,0,60,0,59,104647.53619791666,103542.0546875,118378.60859375,12927.435168177137,0,0,0,,0,93843.42786458334,96652.16796875,122118.8875,19810.518765384633,0,0,0,,0,79497.40319010416,82304.34765625,108921.99765624999,20600.686876918739,0,0,0,,0,92662.789084201402,91460.757812499985,105198.18072916666,11600.570223085309,0,0,0,,0,91026.877527329678,89358.015168797094,106659.45146167353,13169.805287863022,0,0,0,,0
no_noise,1,2025.06.11_0.3_2,index=6.1.44E+05,index=6.1.44E+05.wav,144324.26180000001,0,60,0,59,84740.17298177084,78928.68359375,114378.2421875,19064.460969192143,0,0,0,,0,85548.245149739581,82398,132388.31406249999,34958.883627914918,0,0,0,,0,81867.347395833334,77072.76171875,121995.45,30698.395298320294,0,0,0,,0,84051.921842447919,77760.8046875,119309.82552083333,23826.262279510509,0,0,0,,0,84408.102879074228,79139.970113640928,118162.33565013854,26554.019024270216,0,0,0,,0
no_noise,2,2025.06.11_0.3_2,index=7.1.81E+05,index=7.1.81E+05.wav,181378.003,0,60,0,59,57982.946940104164,56694.017578125,67278.457812499997,8421.3971932503518,0,0,0,,0,98792.079817708334,95345.46875,137462.13125000001,27445.464634012766,0,0,0,,0,62733.114552307132,64176.3984375,89001.09375,23717.473201708908,0,0,0,,0,73169.380436706531,71057.6875,99121.807942708343,16378.411537131075,0,0,0,,0,76830.927689706485,75410.657628623783,103486.05169162329,18155.725968981362,0,0,0,,0
no_noise,2,2025.06.11_0.3_2,index=8.2.22E+05,index=8.2.22E+05.wav,221505.1102,0,60,0,59,111265.39010416667,88444.8515625,155547.74687500001,36058.802487751636,0,0,0,,0,158800.45690104167,153941.234375,187777.33125000002,24826.743351911813,0,0,0,,0,161068.5,160925.0390625,198376.52499999999,28052.588183294396,0,0,0,,0,143711.44900173609,146165.05859375,171054.29895833333,21870.925882390617,0,0,0,,0,147724.25951060888,146454.60604540072,172612.3628820829,21041.54839902031,0,0,0,,0
no_noise,1,2025.06.11_0.3_2,index=9.2.67E+05,index=9.2.67E+05.wav,266907.69650000002,0,60,0,59,214747.60091145834,286823.5625,307175.10312500002,108036.22937909405,0,0,0,,0,214502.48876953125,230325.1328125,326150.29999999999,92282.502442522178,1,0.016666666666666666,1,49,1,149709.87790222169,167891.84375,282258.30312500003,99813.971612753798,0,0,0,,0,192986.65586107041,232875.390625,301892.90208333329,94011.447837681219,0,0,0,,0,197670.12572499024,229656.74667889805,311077.11095284543,92463.323755329271,0,0,0,,0
no_noise,3,2025.06.11_0.3_2,index=10.3.15E+05,index=10.3.15E+05.wav,315466.11729999998,0,60,0,59,283643.48776041664,273784.515625,370199.14374999999,47830.197131327572,7,0.11666666666666667,6,11,2,270020.296875,269934.125,314258.84375,36869.252167745377,0,0,0,,0,249690.60859374999,243040.375,291087.11875000002,28416.670097300463,0,0,0,,0,267784.79774305556,262657.98177083331,314322.2494791667,33156.328391992589,0,0,0,,0,265648.51282507804,260304.53638337081,312249.91016213188,31939.91334881619,0,0,0,,0
no_noise,1,2025.06.11_0.3_2,index=11.3.69E+05,index=11.3.69E+05.wav,368978.10499999998,1,60,0,59,342905.10625000001,347604.09375,366610.23749999999,23706.483656193035,5,0.083333333333333329,3,5,2,344870.27656249999,352977.28125,376487.18437500001,25607.700905320933,11,0.18333333333333332,6,4,5,342424.12421874999,351873.859375,371258.95000000001,27243.76755425326,7,0.11666666666666667,7,0,1,343399.83567708323,351330.72916666663,366403.48958333331,23173.223393239859,4,0.066666666666666666,3,5,2,343793.09854401118,351147.64117504988,367722.39119832037,23446.860247655404,5,0.083333333333333329,5,5,1
no_noise,2,2025.06.11_0.3_2,index=12.4.27E+05,index=12.4.27E+05.wav,427276.19500000001,1,60,0,59,434129.74062499998,408724.375,501708.5625,45076.758670433075,60,1,1,0,60,449732.00624999998,450834.96875,473086.765625,18627.496489968333,60,1,1,0,60,422511.87604166666,421702.625,450269.72187499999,19367.056524766354,60,1,1,0,60,435457.87430555554,426725.13541666663,471690.80833333329,24172.088432670036,60,1,1,0,60,436934.30277145526,430571.76702659996,468651.24868582829,21988.766088589193,60,1,1,0,60
no_noise,3,2025.06.11_0.3_2,index=13.4.89E+05,index=13.4.89E+05.wav,489453.99810000003,1,60,0,59,526192.03437500005,558902.375,565803.53125,58635.999016027476,60,1,1,0,60,487838.42239583336,483247.578125,522763.78749999998,28820.037055828579,60,1,1,0,60,446107.65312500001,447078.046875,479926.47499999998,28969.689811368098,60,1,1,0,60,486712.70329861104,497749.75,522933.65104166669,35065.184016586762,60,1,1,0,60,481207.14735098521,488191.82942312479,517418.80577866186,32078.754568007913,60,1,1,0,60
no_noise,1,2025.06.11_0.3_2,index=14.5.54E+05,index=14.5.54E+05.wav,554196.32180000003,1,60,0,59,558709.7734375,578829.25,597961.4375,48184.421621022178,60,1,1,0,60,533783.58750000002,534345.34375,574624.64375000005,34007.805500335162,60,1,1,0,60,499025.23541666666,498382.015625,539265.48750000005,34572.248382523503,60,1,1,0,60,530506.19878472225,537918.32291666663,569118.85624999995,35340.741769074171,60,1,1,0,60,530300.56724171317,529530.86551062681,571928.42529989372,33942.909386822706,60,1,1,0,60
no_noise,2,2025.06.11_0.3_2,index=15.6.24E+05,index=15.6.24E+05.wav,624442.5514,1,60,0,59,628841.12812500005,615626.78125,700497.47499999998,48356.089765374221,60,1,1,0,60,634125.00208333333,633035,665108.81874999998,29470.812172141996,60,1,1,0,60,602918.48750000005,600417.84375,646927.79375000007,32623.223276905726,60,1,1,0,60,621961.53923611098,614897.9375,665502.79166666663,30680.207199297292,60,1,1,0,60,622586.81690337579,616038.73773293709,662576.74865462643,29489.370985617687,60,1,1,0,60
no_noise,3,2025.06.11_0.3_2,index=16.6.98E+05,index=16.6.98E+05.wav,698421.29599999997,1,60,0,59,689517.83333333337,672929.34375,777930.90625,62901.80248525655,60,1,1,0,60,729461.88749999995,732595.15625,763761.15000000002,34010.540886978612,60,1,1,0,60,669942.11458333337,672617.78125,712007.1875,40737.249018393602,60,1,1,0,60,696307.27847222227,690691.26041666663,744498.86250000005,37067.825282801663,60,1,1,0,60,698661.75575125159,697417.28541415487,740515.85196539713,35195.400489880289,60,1,1,0,60
no_noise,1,2025.06.11_0.3_2,index=17.7.77E+05,index=17.7.77E+05.wav,776647.22230000002,1,60,0,59,747942.65416666667,719241.75,813934.36875000002,55107.178417428244,60,1,1,0,60,761948.71458333335,765384.8125,815233.19374999998,39871.856194386724,60,1,1,0,60,715980.30625000002,719064.71875,757874.48750000005,32353.320175205139,60,1,1,0,60,741957.22499999974,736012.15625,791017.9229166666,36474.938655135957,60,1,1,0,60,746834.47629248956,745153.70844676311,796699.34396943753,35950.460690451677,60,1,1,0,60
no_noise,2,2025.06.11_0.3_2,index=18.8.59E+05,index=18.8.59E+05.wav,859343.9142,1,60,0,59,743609.32395833335,743357,752773.38124999998,6897.0636034238078,60,1,1,0,60,791367.65208333335,792359.84375,809331.30000000005,16391.724729314188,60,1,1,0,60,728136.98541666672,728713.9375,748451.83750000002,17138.526991760795,60,1,1,0,60,754371.32048611098,755264.90625,766912.5791666666,9988.8594532658753,60,1,1,0,60,758776.19412532821,759182.17675811052,771887.84444784885,10895.504283637527,60,1,1,0,60
0,3,2025.06.11_0.3_2,index=1.3.28E-04,index=1.3.28E-04.wav,0.00032804699999999998,0,60,0,59,169937.68398437501,181391.4140625,218588.91093750001,47307.080544230448,0,0,0,,0,173415.52291666667,176796.1796875,229811.5078125,42513.003515969845,0,0,0,,0,201380.34205729168,209947.0546875,248401.64218749999,44627.958277513193,0,0,0,,0,181577.84965277775,189586.7421875,230122.77968749998,41625.920939802527,0,0,0,,0,183590.18516476933,190656.68022402393,232973.00091949847,41558.853820086217,0,0,0,,0
0,3,2025.06.11_0.3_2,index=2.2.36E+03,index=2.2.36E+03.wav,2355.3353499999998,0,60,0,59,120437.52473958333,102537.33203125,205426.46875,40516.888112925284,0,0,0,,0,69997.160392252597,63836.224609375,120312.82265625003,39765.17978809162,0,0,0,,0,93876.635904947922,83034.921875,164319.94375000001,44522.013984954036,0,0,0,,0,94770.44034559463,82139.654296875,166171.79505208333,37875.781277815644,0,0,0,,0,91343.677323810116,80973.430660834303,159693.63384698605,38475.571155661644,0,0,0,,0
0,1,2025.06.11_0.3_2,index=3.2.10E+04,index=3.2.10E+04.wav,20979.716039999999,0,60,0,59,77631.105078124994,76061.515625,84646.15625,7509.8217199562187,0,0,0,,0,27867.414176432292,21920.986328125,78669.390625000015,39858.579993568557,0,0,0,,0,16739.493985366822,6841.632080078125,57672.557812500003,28298.768962201604,0,0,0,,0,40746.004413308023,34845.805338541664,74012.516666666663,21702.019920191007,0,0,0,,0,35835.852179713685,28789.676305287016,74028.369471875107,26544.414587554449,0,0,0,,0
0,2,2025.06.11_0.3_2,index=4.5.76E+04,index=4.5.76E+04.wav,57593.316650000001,0,60,0,59,74059.45592447916,70663.5,93374.494531250006,16877.533249089396,0,0,0,,0,66329.657841936743,68080,102154.22890625001,30113.25995234388,0,0,0,,0,101913.45253906251,97659.140625,140473.06875000001,27466.640335121847,0,0,0,,0,80767.522101826122,78405.388020833328,105889.09830729167,20473.883119219183,0,0,0,,0,79872.161316523794,77690.170735497348,106903.37156672754,21349.804923352342,0,0,0,,0
0,3,2025.06.11_0.3_2,index=5.1.11E+05,index=5.1.11E+05.wav,111264.70170000001,0,60,0,59,104301.9453125,102179.3125,119873.6125,13624.45545509007,0,0,0,,0,95012.107747395828,98319.58203125,130644.41484375,25894.693234527891,0,0,0,,0,116360.87975260416,116360.78515625,146232.98125000001,24871.928041625466,0,0,0,,0,105224.97760416665,108336.5234375,126203.94921875,15407.076787746248,0,0,0,,0,105610.54866557628,107392.47112819106,129529.51878617969,17647.510771220117,0,0,0,,0
0,1,2025.06.11_0.3_2,index=6.1.44E+05,index=6.1.44E+05.wav,144324.26180000001,0,60,0,59,84872.434895833328,81684.5390625,99652.94921875,11642.816559381667,0,0,0,,0,92845.314843750006,90531.98046875,139918.62656249999,33308.521484085446,0,0,0,,0,88258.184830729166,87399.81640625,128359.34296875,29203.534919564107,0,0,0,,0,88658.644856770828,85478.610677083328,118424.47578125,20859.601318420369,0,0,0,,0,89834.647346625788,87340.495221959573,122511.42576857895,24112.550979820171,0,0,0,,0
0,2,2025.06.11_0.3_2,index=7.1.81E+05,index=7.1.81E+05.wav,181378.003,0,60,0,59,55675.048828125,52498.775390625,66034.539843749997,8844.1718081187664,0,0,0,,0,70748.970898437503,69570.5,96366.66015625,25999.191895310814,0,0,0,,0,88782.716861979163,83242.1171875,124611.28515625,23335.289129625093,0,0,0,,0,71735.578862847236,67723.615885416657,97564.923437499994,15085.506433695866,0,0,0,,0,72248.360638596219,68498.48288353761,98160.575352878965,16170.576974140185,0,0,0,,0
0,2,2025.06.11_0.3_2,index=8.2.22E+05,index=8.2.22E+05.wav,221505.1102,0,60,0,59,97451.028124999997,97924.37890625,119392.27109375001,17590.249177687518,0,0,0,,0,134768.73606770832,130158.6953125,181304.52812500001,27683.752059481518,0,0,0,,0,182074.97799479167,184128.390625,214076.48281250001,26687.368443153609,0,0,0,,0,138098.24739583331,134827.38671875,165121.20989583331,16473.868823388882,0,0,0,,0,139330.17603640637,135901.59205688949,166286.04137708576,17352.705006813947,0,0,0,,0
0,1,2025.06.11_0.3_2,index=9.2.67E+05,index=9.2.67E+05.wav,266907.69650000002,0,60,0,59,222131.70240885418,293368.421875,308205.61562499998,103582.69395542197,0,0,0,,0,212233.28408203126,231173.1875,322290.84375,95354.274926229467,3,0.050000000000000003,2,10,2,153665.83344726561,169067.171875,276040.40000000002,98559.86521662341,0,0,0,,0,196010.27331271701,239036.90364583331,296795.67343749997,94040.795364548321,0,0,0,,0,198477.86941973027,234292.86765942833,306051.19827725401,93425.45764685492,0,0,0,,0
0,3,2025.06.11_0.3_2,index=10.3.15E+05,index=10.3.15E+05.wav,315466.11729999998,0,60,0,59,281775.92916666664,272714.046875,369796.75312499999,49537.913006879498,7,0.11666666666666667,6,11,2,264533.59583333333,263914.40625,311629.296875,38687.526975420602,0,0,0,,0,255022.61536458333,248555.4453125,301245.140625,30757.836044322823,0,0,0,,0,267110.71345486108,262971.8359375,313372.53437499999,33566.641637998335,0,0,0,,0,264879.25937839167,259526.93062903374,309823.29136640008,32485.429010663607,0,0,0,,0
0,1,2025.06.11_0.3_2,index=11.3.69E+05,index=11.3.69E+05.wav,368978.10499999998,1,60,0,59,347962.00572916667,352053.296875,373843.87812499999,23325.724796147457,8,0.13333333333333333,6,5,2,346893.85625000001,351054.234375,377447.546875,25137.639497920551,8,0.13333333333333333,7,8,2,333281.88359375001,336734.515625,360146.50624999998,28631.930563209957,1,0.016666666666666666,1,6,1,342712.58185763884,351310.90625,362959.84687499999,22771.160278832762,2,0.033333333333333333,2,6,1,343424.5317342467,348924.88835438975,367811.44902008085,22931.695867453145,3,0.050000000000000003,3,11,1
0,2,2025.06.11_0.3_2,index=12.4.27E+05,index=12.4.27E+05.wav,427276.19500000001,1,60,0,59,460276.97968749999,445419.765625,501538.84062500001,27562.644566146893,60,1,1,0,60,425932.60416666669,427044.5,453428.59687499999,20292.154317496053,60,1,1,0,60,418684.546875,419431.375,445729.77500000002,22551.146520887283,59,0.98333333333333328,2,0,55,434964.71024305554,432310.14583333326,461183.63749999995,19699.007651777934,60,1,1,0,60,433319.02913393563,431843.19219118811,459307.76357022295,19367.429168896877,60,1,1,0,60
0,3,2025.06.11_0.3_2,index=13.4.89E+05,index=13.4.89E+05.wav,489453.99810000003,1,60,0,59,526615.85677083337,558780.21875,565441.875,58616.09767014729,60,1,1,0,60,486132.42864583334,488358.671875,522695.00625000003,27454.635288436522,60,1,1,0,60,443635.62343749998,443531.71875,470292.50312499999,23540.984631186853,60,1,1,0,60,485461.30295138888,495007.58854166663,517527.08020833333,32727.652111277086,60,1,1,0,60,479012.51818443876,485691.22577460622,510405.28235802409,29661.969275386429,60,1,1,0,60
0,1,2025.06.11_0.3_2,index=14.5.54E+05,index=14.5.54E+05.wav,554196.32180000003,1,60,0,59,554727.15416666667,570113.90625,591582.91249999998,45249.293158338864,60,1,1,0,60,520277.03593750001,520448.609375,562866.28125,35586.990887790031,60,1,1,0,60,497492.93854166666,498791.28125,546249.48124999995,37895.763886734268,60,1,1,0,60,524165.70954861114,525714.05729166663,567874.28541666665,35893.660963443486,60,1,1,0,60,521688.23546553758,521735.73557253258,562229.75160747848,35134.584255824644,60,1,1,0,60
0,2,2025.06.11_0.3_2,index=15.6.24E+05,index=15.6.24E+05.wav,624442.5514,1,60,0,59,628832.00104166672,618057.09375,698662.98124999995,48101.697357673947,60,1,1,0,60,626026.73750000005,622979.125,665442.72499999998,33506.024921088509,60,1,1,0,60,599112.02812499995,595481.28125,652988.08125000005,32808.804969475124,60,1,1,0,60,617990.25555555546,610893.625,668918.05000000005,32265.407282036253,60,1,1,0,60,618227.15438632737,611909.93334638816,667154.18574693252,31742.515421314394,60,1,1,0,60
0,3,2025.06.11_0.3_2,index=16.6.98E+05,index=16.6.98E+05.wav,698421.29599999997,1,60,0,59,690292.89375000005,675209.03125,778146.44999999995,62527.00197104879,60,1,1,0,60,722490.35624999995,724081.59375,765183.09375,34741.599377879997,60,1,1,0,60,660618.28333333333,669305.90625,708233.70625000005,41468.057103583051,60,1,1,0,60,691133.84444444452,685067.96875,740975.5708333333,37695.895355555542,60,1,1,0,60,690524.46184331365,687117.93676298833,735755.75733119133,36031.304040709896,60,1,1,0,60
0,1,2025.06.11_0.3_2,index=17.7.77E+05,index=17.7.77E+05.wav,776647.22230000002,1,60,0,59,747829.71458333335,720937.84375,812485.00624999998,53201.393952504957,60,1,1,0,60,749118.98333333328,751961.28125,795443.99375000002,40002.295620391014,60,1,1,0,60,701764.78437500005,700854.1875,742053.75,30923.188496173014,60,1,1,0,60,732904.49409722199,727809.98958333326,781589.67083333328,34964.672203291462,60,1,1,0,60,735943.53851767757,730633.87532326346,781814.24621194659,34701.214455268127,60,1,1,0,60
0,2,2025.06.11_0.3_2,index=18.8.59E+05,index=18.8.59E+05.wav,859343.9142,1,60,0,59,743034.6947916667,743245.4375,752942.91874999995,7321.4126977227916,60,1,1,0,60,791111.19062500005,793403.5625,814156.34999999998,20960.766574798265,60,1,1,0,60,735015.51770833333,738471.5,754281.90000000002,18508.735871524583,60,1,1,0,60,756387.13437499991,757730.97916666663,770561.72083333333,12038.46734170403,60,1,1,0,60,759625.25214547978,760833.61365206726,774907.30126561876,12896.778499645599,60,1,1,0,60
-4,3,2025.06.11_0.3_2,index=1.3.28E-04,index=1.3.28E-04.wav,0.00032804699999999998,0,60,0,59,162366.57343749999,164017.8203125,214174.79218749999,43107.513661600657,0,0,0,,0,168378.29661458332,176003.9296875,218077.328125,43315.214851908939,0,0,0,,0,187340.64876302084,203035.9375,240487.90781249999,51225.082844452088,0,0,0,,0,172695.17293836799,186973.21875,217806.7890625,42366.982283662175,0,0,0,,0,175398.28251543996,186737.05483712006,220911.77182668319,43761.788211169929,0,0,0,,0
-4,3,2025.06.11_0.3_2,index=2.2.36E+03,index=2.2.36E+03.wav,2355.3353499999998,0,60,0,59,122692.38802083333,107914.55078125,191641.22343750001,35195.382401535477,0,0,0,,0,74694.558793131509,65790.51171875,144925.19687500002,44092.076564045055,0,0,0,,0,63587.203552246094,49820.607421875,153157.71718750001,53166.347501562115,0,0,0,,0,86991.383455403629,72991.61328125,167000.97369791666,40176.821919954069,0,0,0,,0,80615.315962035995,68075.179222297782,163828.48770947897,42713.708330536334,0,0,0,,0
-4,1,2025.06.11_0.3_2,index=3.2.10E+04,index=3.2.10E+04.wav,20979.716039999999,0,60,0,59,80208.439453125,77887.43359375,91816.409375000003,8855.8464524200044,0,0,0,,0,17633.214548746746,13554.185546875,69501.45703125,35119.006195475733,0,0,0,,0,17689.252666473389,14123.74365234375,55985.623437500006,26930.641081595102,0,0,0,,0,38510.302222781713,34471.544108072914,67002.986328125,19892.715385106221,0,0,0,,0,32889.668864900028,29160.021760804913,66152.634618039549,22847.757296819989,0,0,0,,0
-4,2,2025.06.11_0.3_2,index=4.5.76E+04,index=4.5.76E+04.wav,57593.316650000001,0,60,0,59,75607.397135416672,72922.296875,83666.141406249997,21482.239901051285,0,0,0,,0,66030.734267171225,62930.349609375,100535.74375000001,35227.869705597492,0,0,0,,0,105293.9533203125,102391.98828125,137883.77187500001,27983.429329399176,0,0,0,,0,82310.694907633457,80553.861328125,105426.40807291666,23543.923097140403,0,0,0,,0,80976.768222170125,77745.051623653912,109803.69584652509,24961.828349179828,0,0,0,,0
-4,3,2025.06.11_0.3_2,index=5.1.11E+05,index=5.1.11E+05.wav,111264.70170000001,0,60,0,59,108321.58854166667,103960.59375,128089.34375,13015.750468455741,0,0,0,,0,100244.94980468749,102513.35546875,128126.48281250001,22197.907298357411,0,0,0,,0,91584.234635416666,93963.109375,128420.9609375,25620.900979732789,0,0,0,,0,100050.25766059029,101398.04817708333,118317.8,13853.763497006516,0,0,0,,0,98241.213360986876,98416.71714648846,119012.14906071655,16316.578847274046,0,0,0,,0
-4,1,2025.06.11_0.3_2,index=6.1.44E+05,index=6.1.44E+05.wav,144324.26180000001,0,60,0,59,87825.065885416669,82687.49609375,106078.53203125,12171.760202438263,0,0,0,,0,67791.550752766925,64292.255859375,109277.85000000001,32440.828366806538,0,0,0,,0,75845.924089304608,73157.84375,128506.62656250001,38462.681194855162,0,0,0,,0,77154.180242496077,73708.2109375,107858.13072916666,23470.883660955675,0,0,0,,0,75131.501562582722,74276.572528478195,106200.26507923467,25448.987548644385,0,0,0,,0
-4,2,2025.06.11_0.3_2,index=7.1.81E+05,index=7.1.81E+05.wav,181378.003,0,60,0,59,59889.388411458334,56911.80859375,70550.73828125,8678.2238515903864,0,0,0,,0,67326.288663736981,64620.66015625,109147.07265625001,32382.690955802987,0,0,0,,0,91613.451855468753,77894.99609375,150766.86406250001,38737.057118265097,0,0,0,,0,72943.042976888028,69605.161458333328,102879.57369791667,20251.039586885498,0,0,0,,0,73224.355493156167,70289.21755539201,107249.0573442262,22251.810594503986,0,0,0,,0
-4,2,2025.06.11_0.3_2,index=8.2.22E+05,index=8.2.22E+05.wav,221505.1102,0,60,0,59,100144.83971354166,97735.87890625,126519.6984375,21402.070788950208,0,0,0,,0,131120.12708333333,125758.0390625,176654.64218749999,30438.857469325398,0,0,0,,0,226590.83984375,222816.1796875,276853.640625,37954.440565359509,0,0,0,,0,152618.60221354163,146686.29947916666,183685.27135416665,21180.239627491908,0,0,0,,0,153868.63435326482,147601.07991990264,189291.22644856226,22697.110959030731,0,0,0,,0
-4,1,2025.06.11_0.3_2,index=9.2.67E+05,index=9.2.67E+05.wav,266907.69650000002,0,60,0,59,220100.62942708333,290589.46875,306249.96250000002,102862.91705585555,0,0,0,,0,197881.11636352539,200865.71875,321200.00937500002,98238.796977478836,1,0.016666666666666666,1,49,1,149946.71370241343,158408.984375,277395.97499999998,99451.471332586632,0,0,0,,0,189309.48649767402,228227.88541666663,297400.97291666665,95001.388095812406,0,0,0,,0,188645.7103483988,222485.85239749748,298946.41356025281,94974.87217916605,0,0,0,,0
-4,3,2025.06.11_0.3_2,index=10.3.15E+05,index=10.3.15E+05.wav,315466.11729999998,0,60,0,59,283323.59609374998,274958.90625,370734.46875,50664.22279848098,7,0.11666666666666667,6,11,2,276457.45598958334,278136.96875,325609.28437499999,41312.927278279312,0,0,0,,0,254861.26770833333,252346.0234375,295220.28437499999,29243.124502031038,0,0,0,,0,271547.43993055559,268196.92447916663,320992.04270833329,35629.421529405394,0,0,0,,0,268466.78290291684,266370.20367453375,314206.47264149535,33451.095606601906,0,0,0,,0
-4,1,2025.06.11_0.3_2,index=11.3.69E+05,index=11.3.69E+05.wav,368978.10499999998,1,60,0,59,344435.49010416667,348230.53125,371862.19062499999,23242.207918226668,7,0.11666666666666667,5,5,2,367149.39531250001,372209.234375,394572.83124999999,25899.728007735939,33,0.55000000000000004,7,0,11,336444.44895833335,344720.65625,363422.27812500001,28964.97982488657,4,0.066666666666666666,4,6,1,349343.11145833327,358396.76041666663,369558.00729166664,23527.975436592675,7,0.11666666666666667,5,5,2,352235.64595827833,358912.82666812459,373347.06250468863,23748.635564318982,18,0.29999999999999999,10,0,4
-4,2,2025.06.11_0.3_2,index=12.4.27E+05,index=12.4.27E+05.wav,427276.19500000001,1,60,0,59,424111.31927083334,391519.140625,502477.91562500002,52895.414673421175,60,1,1,0,60,416231.95156249998,415056.03125,439934.43437500001,17573.552427382179,60,1,1,0,60,438912.53593750001,439278.96875,465367.32187500002,19507.31536611569,60,1,1,0,60,426418.60225694434,416876.36979166663,465166.61458333331,25326.480415081725,60,1,1,0,60,425453.66128969012,419405.44896997308,459276.28074187972,22468.35283255508,60,1,1,0,60
-4,3,2025.06.11_0.3_2,index=13.4.89E+05,index=13.4.89E+05.wav,489453.99810000003,1,60,0,59,526521.63593750005,558404.90625,565565.15625,58226.211044640651,60,1,1,0,60,480752.00729166664,480240.53125,514253.078125,24054.164881554356,60,1,1,0,60,470836.67864583334,473569.859375,503499.61875000002,27918.795102661181,60,1,1,0,60,492703.44062499993,501232.46354166663,525246.63854166667,32179.875922081581,60,1,1,0,60,486696.68177071231,491814.2545150324,518377.57919827045,29120.17832690087,60,1,1,0,60
-4,1,2025.06.11_0.3_2,index=14.5.54E+05,index=14.5.54E+05.wav,554196.32180000003,1,60,0,59,554106.85572916665,572282.4375,592999.95625000005,47999.613449862634,60,1,1,0,60,570137.01249999995,574882.75,613776.05625000002,36601.196725966365,60,1,1,0,60,501350.12812499999,501488.125,546050.66249999998,32809.265616270073,60,1,1,0,60,541864.66545138881,544578.68229166663,584294.65208333335,35599.82128818128,60,1,1,0,60,545214.81949322775,547028.33245512773,587439.93619199947,34943.727480459944,60,1,1,0,60
-4,2,2025.06.11_0.3_2,index=15.6.24E+05,index=15.6.24E+05.wav,624442.5514,1,60,0,59,629714.52812499995,618332.9375,699933.03749999998,47914.647214701479,60,1,1,0,60,604257.51979166665,602795.5,644249.78749999998,29406.918891895446,60,1,1,0,60,613580.87916666665,610968.21875,663061.09999999998,36975.02922046552,60,1,1,0,60,615850.97569444438,609206.38541666663,669496.26041666663,32613.535220627298,60,1,1,0,60,613614.3770373161,607918.74753799895,663421.20792582561,31393.125169613253,60,1,1,0,60
-4,3,2025.06.11_0.3_2,index=16.6.98E+05,index=16.6.98E+05.wav,698421.29599999997,1,60,0,59,690286.97395833337,675747.6875,778263.35624999995,62273.041753943973,60,1,1,0,60,724312.68645833328,724366.84375,759489.39375000005,29453.764315074037,60,1,1,0,60,689897.33125000005,688406.875,733999.83750000002,36247.548322365205,60,1,1,0,60,701498.99722222215,692999.58333333326,747883.65416666667,35469.813246809586,60,1,1,0,60,701435.32538605167,692964.40623114072,742969.2058848578,33288.46239977084,60,1,1,0,60
-4,1,2025.06.11_0.3_2,index=17.7.77E+05,index=17.7.77E+05.wav,776647.22230000002,1,60,0,59,746348.49583333335,715901.1875,813074.59999999998,53653.636032455775,60,1,1,0,60,794805.17291666672,787660.5625,838906.63124999998,34705.164824573716,60,1,1,0,60,701815.5072916667,701675.21875,744476.48124999995,31666.281529877157,60,1,1,0,60,747656.39201388881,742284.10416666663,792633.30208333337,33871.820547196359,60,1,1,0,60,754590.63521345216,750728.09424926667,799429.15154421492,32647.799324199474,60,1,1,0,60
-4,2,2025.06.11_0.3_2,index=18.8.59E+05,index=18.8.59E+05.wav,859343.9142,1,60,0,59,743490.89583333337,742904.9375,752314.02500000002,6997.9404752776736,60,1,1,0,60,770106.49479166663,774895.59375,789942.54374999995,19507.704613939732,60,1,1,0,60,742200.39687499998,741417.59375,762797.81874999998,16977.074578213469,60,1,1,0,60,751932.59583333321,751809.45833333326,765530.92708333326,11023.289729022545,60,1,1,0,60,754521.1202076145,755373.5608603576,769103.22237540863,12333.985725826027,60,1,1,0,60
-8,3,2025.06.11_0.3_2,index=1.3.28E-04,index=1.3.28E-04.wav,0.00032804699999999998,0,60,0,59,152870.98658854168,142867.890625,210521.70468749999,35395.010423987689,0,0,0,,0,180491.10625000001,186625.6328125,230173.99062500001,43881.327149754368,0,0,0,,0,185640.84192708333,203184.421875,248523.49687500001,59717.634538020422,0,0,0,,0,173000.97825520829,182932.17708333331,219473.70624999999,41614.542240553637,0,0,0,,0,176617.06308190041,188936.11137215199,225526.53089539704,44966.864242910342,0,0,0,,0
-8,3,2025.06.11_0.3_2,index=2.2.36E+03,index=2.2.36E+03.wav,2355.3353499999998,0,60,0,59,123532.26927083333,112356.078125,148865.91250000001,24562.61059166745,0,0,0,,0,88836.356429036459,87600.875,157604.61406250001,49553.675694441554,0,0,0,,0,57719.525231933592,41592.681640625,161401.75,59372.56592332499,0,0,0,,0,90029.383643934474,80545.52734375,157471.83229166665,39384.492354849688,0,0,0,,0,83279.393624886157,72838.300450662166,164019.70197663663,44146.030705053527,0,0,0,,0
-8,1,2025.06.11_0.3_2,index=3.2.10E+04,index=3.2.10E+04.wav,20979.716039999999,0,60,0,59,84456.435546875,83129.85546875,95398.803906250003,7410.5639653255112,0,0,0,,0,53403.554168701172,48971.34375,115113.95,41765.239085548863,0,0,0,,0,17546.789656575522,13499.26513671875,60284.204296875003,31006.719287796255,0,0,0,,0,51802.259790717231,49997.834086100258,85786.175130208343,22742.529561510208,0,0,0,,0,49853.281895790329,46426.303942901097,91398.004198404276,26259.949995344141,0,0,0,,0
-8,2,2025.06.11_0.3_2,index=4.5.76E+04,index=4.5.76E+04.wav,57593.316650000001,0,60,0,59,77572.96861979166,75061.93359375,87867.799218750006,21374.86970283254,0,0,0,,0,62592.92870279948,64079.666015625,99255.010156250006,32085.200182035958,0,0,0,,0,84124.552083333328,77279.98046875,116980.91953125001,26561.350566325844,0,0,0,,0,74763.483135308154,73120.478515625,91331.7421875,22248.660978060583,0,0,0,,0,75031.948406806172,72725.459657117637,93441.330505852588,22582.702754212714,0,0,0,,0
-8,3,2025.06.11_0.3_2,index=5.1.11E+05,index=5.1.11E+05.wav,111264.70170000001,0,60,0,59,117168.71119791667,112846.7421875,129470.96015625,9947.9840873350659,0,0,0,,0,115561.79075520833,113219.05078125,150444.24374999999,26330.591212773765,0,0,0,,0,92245.263216145831,90122.8203125,131625.44218750001,29304.307453002479,0,0,0,,0,108325.2550564236,107599.92578125,132546.67421875001,15084.937909943495,0,0,0,,0,106053.41457145631,104512.00179089243,135586.87100960634,18245.673432467607,0,0,0,,0
-8,1,2025.06.11_0.3_2,index=6.1.44E+05,index=6.1.44E+05.wav,144324.26180000001,0,60,0,59,91092.557552083337,89453.703125,104804.29062500001,10832.035758519653,0,0,0,,0,109497.22819010417,112547.50390625,163402.52656249999,35806.451275223284,0,0,0,,0,83329.623730468753,81816.82421875,139184.6875,40594.037532447066,0,0,0,,0,94639.803157552073,95641.923177083328,129021.38203124999,25007.221088498591,0,0,0,,0,96647.95105853978,97843.312222953755,134327.21559616207,27261.933569451667,0,0,0,,0
-8,2,2025.06.11_0.3_2,index=7.1.81E+05,index=7.1.81E+05.wav,181378.003,0,60,0,59,65948.57337239584,64806.6171875,79169.162500000006,8645.0316064824674,0,0,0,,0,64048.161360677084,68548.875,95866.591406249994,28129.696764739569,0,0,0,,0,70881.648160807294,63027.970703125,126905.8703125,35904.093450713728,0,0,0,,0,66959.460964626734,66029.319010416657,88656.066080729157,18724.054033564331,0,0,0,,0,67212.617637129413,65355.355212147573,91577.052010637417,20219.99331825435,0,0,0,,0
-8,2,2025.06.11_0.3_2,index=8.2.22E+05,index=8.2.22E+05.wav,221505.1102,0,60,0,59,87529.48828125,87979.703125,103771.53515625,11863.958961650045,0,0,0,,0,97237.98352864584,92474.609375,142369.13906250001,29236.293288607532,0,0,0,,0,175100.53385416666,172128,231151.56562500002,36855.686935642581,0,0,0,,0,119956.00188802084,117167.10546875,151035.36145833333,20406.736650824048,0,0,0,,0,124686.29194871789,122345.77592010319,157725.33752362971,22045.392129822972,0,0,0,,0
-8,1,2025.06.11_0.3_2,index=9.2.67E+05,index=9.2.67E+05.wav,266907.69650000002,0,60,0,59,226712.28255208334,298820.71875,311841.70937499998,102801.71173417002,0,0,0,,0,228024.94973958333,237998.78125,338250.69062500005,99861.20786599342,4,0.066666666666666666,3,10,2,162939.86226399741,185937.328125,303669.04062500002,108253.41272720114,0,0,0,,0,205892.36485188801,245644.26822916663,317460.29583333334,98010.414688791003,0,0,0,,0,207172.81045752851,242662.66749998671,320149.39855814818,97894.869608772104,0,0,0,,0
-8,3,2025.06.11_0.3_2,index=10.3.15E+05,index=10.3.15E+05.wav,315466.11729999998,0,60,0,59,283731.46250000002,276744.453125,370147.70937499998,53480.699396579585,7,0.11666666666666667,6,11,2,287794.55729166669,285774.71875,345481.13124999998,39393.247694944446,0,0,0,,0,260042.60312499999,260867.9140625,298644.90937499999,28768.860919476541,0,0,0,,0,277189.54097222222,275549.46875,321956.21666666667,35401.479091596659,0,0,0,,0,275168.09904408839,274093.14009792951,314374.38495765231,33112.588978979002,0,0,0,,0
-8,1,2025.06.11_0.3_2,index=11.3.69E+05,index=11.3.69E+05.wav,368978.10499999998,1,60,0,59,350806.55156250001,355102.125,374996.40000000002,22995.415537171215,10,0.16666666666666666,8,5,2,350184.77291666664,355901.09375,381044.65937499999,27710.516688957166,18,0.29999999999999999,9,2,7,361891.28333333333,369982.171875,388246.43437500001,28678.472986247234,31,0.51666666666666672,9,0,10,354294.20260416664,362412.15625,376196.96354166663,23030.762877363657,16,0.26666666666666666,8,5,4,354031.67829403304,361368.22359213943,377701.06324502861,23385.894752618795,18,0.29999999999999999,8,4,4
-8,2,2025.06.11_0.3_2,index=12.4.27E+05,index=12.4.27E+05.wav,427276.19500000001,1,60,0,59,424179.85312500002,392348.6875,502208.05937500001,52498.956084259014,60,1,1,0,60,430591.22343750001,430679.859375,451399.84375,18879.789991734364,60,1,1,0,60,424883.33906249999,423741.6875,451163.47812500002,21624.668940912441,60,1,1,0,60,426551.47187499993,415283.54166666663,465945.09166666662,26805.091824866733,60,1,1,0,60,426623.9198497145,417346.06199339725,462978.07202933391,24968.116412662461,60,1,1,0,60
-8,3,2025.06.11_0.3_2,index=13.4.89E+05,index=13.4.89E+05.wav,489453.99810000003,1,60,0,59,527078.8197916667,559818.21875,565871.55000000005,58703.088843726764,60,1,1,0,60,477490.33750000002,475331.171875,506903.13750000001,21640.343606553339,60,1,1,0,60,451695.45156249998,451533.859375,481871.04999999999,25574.228007804966,60,1,1,0,60,485421.53628472221,496026.60416666663,516859.56562499993,30991.824660149781,60,1,1,0,60,477447.1165225025,484600.14519109204,506907.30152928672,27355.083976012924,60,1,1,0,60
-8,1,2025.06.11_0.3_2,index=14.5.54E+05,index=14.5.54E+05.wav,554196.32180000003,1,60,0,59,556734.33125000005,576760.3125,594356.13124999998,48139.511507697229,60,1,1,0,60,536052.87135416665,535212.9375,579523.17500000005,35933.718638949409,60,1,1,0,60,540131.08281249995,542852.375,585181.46250000002,36122.07175557717,60,1,1,0,60,544306.09513888881,551218.65625,588598.70208333328,36583.075264075393,60,1,1,0,60,542505.11457823473,549713.06668127177,585803.64004997513,35751.068393862566,60,1,1,0,60
-8,2,2025.06.11_0.3_2,index=15.6.24E+05,index=15.6.24E+05.wav,624442.5514,1,60,0,59,629687.32604166667,616074.4375,699477.33750000002,47799.562359038777,60,1,1,0,60,625037.12604166672,625679.375,657858.96875,31441.879144892773,60,1,1,0,60,612993.32604166667,603043.03125,659574.78749999998,34009.077183299865,60,1,1,0,60,622572.59270833316,616326.80208333326,668794.45833333337,31393.823937327779,60,1,1,0,60,621655.61313055153,615521.44752511987,665876.53904553794,30848.381957586156,60,1,1,0,60
-8,3,2025.06.11_0.3_2,index=16.6.98E+05,index=16.6.98E+05.wav,698421.29599999997,1,60,0,59,689523.24791666667,675862.9375,775991.19374999998,61904.824763157892,60,1,1,0,60,709352.73541666672,713365.28125,746372.46250000002,34026.630024123981,60,1,1,0,60,679289.11458333337,683766.34375,731799.69999999995,38952.225501690235,60,1,1,0,60,692721.69930555543,686154.23958333326,739550.46458333335,36990.924135633708,60,1,1,0,60,692294.10695418972,691151.94810455746,733577.33271079499,35043.216035234094,60,1,1,0,60
-8,1,2025.06.11_0.3_2,index=17.7.77E+05,index=17.7.77E+05.wav,776647.22230000002,1,60,0,59,747103.80833333335,717669.90625,815292.1875,55526.767377509714,60,1,1,0,60,773926.36458333337,771257.65625,835160.16875000007,41677.506135362426,60,1,1,0,60,751934.87083333335,751023.65625,797202.43125000002,34537.911883933084,60,1,1,0,60,757655.01458333328,752254.83333333326,809712.83333333337,36958.91492654536,60,1,1,0,60,760291.22527702106,756119.41854336951,811847.24849226396,36214.080520214935,60,1,1,0,60
-8,2,2025.06.11_0.3_2,index=18.8.59E+05,index=18.8.59E+05.wav,859343.9142,1,60,0,59,743555.53333333333,743280.34375,752188.10624999995,6581.227733545612,60,1,1,0,60,777201.58125000005,780982.75,796907.77500000002,18155.512943413371,60,1,1,0,60,751729.65416666667,754256.59375,772006.04374999995,20455.478633083221,60,1,1,0,60,757495.58958333323,758205.27083333326,771644.08958333335,11774.365545326396,60,1,1,0,60,758115.20391128433,759032.07799784455,773211.79558140878,12705.415698948951,60,1,1,0,60
-12,3,2025.06.11_0.3_2,index=1.3.28E-04,index=1.3.28E-04.wav,0.00032804699999999998,0,60,0,59,144262.22539062501,136511.0234375,176915.91093750001,20990.269228159395,0,0,0,,0,183370.7763671875,184471.265625,237332.53437500002,48678.993043273469,0,0,0,,0,190620.90729166666,198338.3359375,243502.47968749999,45048.466531887861,0,0,0,,0,172751.30301649301,181810.71875,213156.09739583332,33808.099158354293,0,0,0,,0,178521.02826636881,188060.78129232407,223439.88628142886,38605.241674757322,0,0,0,,0
-12,3,2025.06.11_0.3_2,index=2.2.36E+03,index=2.2.36E+03.wav,2355.3353499999998,0,60,0,59,128752.23476562501,122818.6484375,147589.04843749999,13898.941737432797,0,0,0,,0,97601.691939290366,99308.6328125,171807.66250000003,53811.031704577064,0,0,0,,0,95229.91637369791,81424.75390625,197328.22031249999,60361.698460632724,0,0,0,,0,107194.61435953775,101637.71744791666,170073.38125000001,38893.033710630523,0,0,0,,0,102734.73521261978,95500.607996190214,177083.84966040219,45340.21907190996,0,0,0,,0
-12,1,2025.06.11_0.3_2,index=3.2.10E+04,index=3.2.10E+04.wav,20979.716039999999,0,60,0,59,90447.33580729166,89259.19140625,101846.15546875,9370.1556875701244,0,0,0,,0,65583.152034505212,64769.4296875,104821.39609375001,30300.152530616295,0,0,0,,0,30788.970855712891,28266.8955078125,69638.371875000012,31865.658202803032,0,0,0,,0,62273.152899169916,61563.707682291664,85537.203776041672,18355.923268487884,0,0,0,,0,62074.948438673055,61409.169235478279,86999.08494546602,19403.899847703316,0,0,0,,0
-12,2,2025.06.11_0.3_2,index=4.5.76E+04,index=4.5.76E+04.wav,57593.316650000001,0,60,0,59,75918.37903645834,76247.515625,83654.453906249997,10259.76705046345,0,0,0,,0,50962.683101399736,48901.291015625,86952.577343750003,34660.01687284802,0,0,0,,0,90607.029752604169,88608.29296875,125169.89921875001,33078.182068606817,0,0,0,,0,72496.03063015407,72170.907552083328,95657.979427083337,22426.978630081852,0,0,0,,0,71439.103883828837,71704.395016272843,97421.019222441086,23969.948071136241,0,0,0,,0
-12,3,2025.06.11_0.3_2,index=5.1.11E+05,index=5.1.11E+05.wav,111264.70170000001,0,60,0,59,128974.18177083334,125079.24609375,141463.08906249999,10440.132851491542,0,0,0,,0,120895.473828125,116507.4375,161857.04999999999,31136.121299655963,0,0,0,,0,119562.54674479166,119603.95703125,155291.23749999999,25388.71706060939,0,0,0,,0,123144.06744791668,122806.42708333333,143894.39869791665,15110.977562566937,0,0,0,,0,121958.78100025345,121975.37725037328,146088.06743666579,18858.246197288732,0,0,0,,0
-12,1,2025.06.11_0.3_2,index=6.1.44E+05,index=6.1.44E+05.wav,144324.26180000001,0,60,0,59,96036.557421874997,92583.56640625,113462.73593749999,11547.042859090923,0,0,0,,0,78887.42151692709,77638.3828125,123893.28828125,31351.649964383865,0,0,0,,0,73782.924605305991,72496.390625,128930.73125,41366.561309095989,0,0,0,,0,82902.301181369359,82479.103515625,107279.75286458332,19568.282814357404,0,0,0,,0,82244.603920931215,81713.733192089741,108358.20721966642,20076.332566209177,0,0,0,,0
-12,2,2025.06.11_0.3_2,index=7.1.81E+05,index=7.1.81E+05.wav,181378.003,0,60,0,59,69310.026627604166,67457.78515625,80859.460156250003,8653.015086024996,0,0,0,,0,52414.932962290448,56269.009765625,88011.642187499994,35028.058956408095,0,0,0,,0,79988.285384114584,72166.0234375,135799.93593750001,36890.907111084925,0,0,0,,0,67237.748324669723,66002.549479166657,92130.8984375,17729.053029161321,0,0,0,,0,66533.522462112189,65133.568076433592,92670.364564693577,19207.804498086836,0,0,0,,0
-12,2,2025.06.11_0.3_2,index=8.2.22E+05,index=8.2.22E+05.wav,221505.1102,0,60,0,59,77988.892773437503,76819.796875,84960.850781250003,11928.770233203342,0,0,0,,0,77660.419401041669,74148.828125,107585.85234375001,27418.870606061068,0,0,0,,0,137093.884765625,136025.609375,192719.24687500001,39797.308081144707,0,0,0,,0,97581.065646701361,94527.807291666657,120862.36328125,19347.649933964331,0,0,0,,0,98475.500767078702,95034.810163974413,123279.88028389726,20681.965243442304,0,0,0,,0
-12,1,2025.06.11_0.3_2,index=9.2.67E+05,index=9.2.67E+05.wav,266907.69650000002,0,60,0,59,229047.90794270832,303695.390625,313976.75937500002,104411.99642139467,0,0,0,,0,213074.98977864583,203162.4921875,350025.79062500002,99951.798215163726,4,0.066666666666666666,3,5,2,171862.16909993489,181928.6484375,283590.95937499998,96462.653243664405,0,0,0,,0,204661.68894042968,237983.74479166666,313529.7197916666,94564.018444015455,0,0,0,,0,205054.45321265564,233144.95563136885,317521.70369683113,94566.765569878538,0,0,0,,0
-12,3,2025.06.11_0.3_2,index=10.3.15E+05,index=10.3.15E+05.wav,315466.11729999998,0,60,0,59,286558.89557291666,284372.3125,371993.57187500002,57622.507445181094,7,0.11666666666666667,6,11,2,294735.61171874998,296010.875,340576.54999999999,38024.258236147776,0,0,0,,0,254741.46406249999,254372.2890625,296834.171875,27523.99872115102,0,0,0,,0,278678.65711805556,277500.6640625,325446.94999999995,34582.628478433136,0,0,0,,0,278228.59739354131,278254.35107471689,321406.61152552726,31852.287419041622,0,0,0,,0
-12,1,2025.06.11_0.3_2,index=11.3.69E+05,index=11.3.69E+05.wav,368978.10499999998,1,60,0,59,353310.04895833333,359809.625,375082.76874999999,22099.76732972265,11,0.18333333333333332,9,5,2,363679.77239583334,372081.5,392750.34687499999,27719.756201014021,32,0.53333333333333333,11,0,9,354496.34947916667,365589.140625,387809.75312499999,29208.869727709913,24,0.40000000000000002,11,0,5,357162.05694444448,366005.03125,380051.8364583333,23563.025525670804,22,0.36666666666666664,13,0,5,357898.10163622478,367249.78616579797,381085.69551662292,23838.146177213701,24,0.40000000000000002,12,0,9
-12,2,2025.06.11_0.3_2,index=12.4.27E+05,index=12.4.27E+05.wav,427276.19500000001,1,60,0,59,423910.71614583331,391245.5625,501607.82500000001,52183.318055206968,60,1,1,0,60,426649.16770833335,427487.640625,447949.21875,19622.403431770512,60,1,1,0,60,418530.61614583334,419041.65625,442011.94687500002,19045.827330568492,60,1,1,0,60,423030.16666666663,412186.58333333326,457775.26770833333,25428.218782194643,60,1,1,0,60,423088.04361969791,414626.25389962789,454540.89810448454,23176.339648906902,60,1,1,0,60
-12,3,2025.06.11_0.3_2,index=13.4.89E+05,index=13.4.89E+05.wav,489453.99810000003,1,60,0,59,526567.38802083337,559988.09375,565160.08750000002,58340.647941320982,60,1,1,0,60,484985.00468750001,480429.671875,516979.171875,23011.191127555328,60,1,1,0,60,441567.59947916667,441292.125,467876.30625000002,24815.769898194172,60,1,1,0,60,484373.33072916663,494664.99479166663,516671.7583333333,31344.734161482003,60,1,1,0,60,476813.75030611211,482198.43378888885,508451.86710680556,26698.64292062711,60,1,1,0,60
-12,1,2025.06.11_0.3_2,index=14.5.54E+05,index=14.5.54E+05.wav,554196.32180000003,1,60,0,59,557387.5859375,576525.25,599702.19999999995,48321.199760698219,60,1,1,0,60,545360.31822916667,543395.125,587347.08750000002,33605.711162230844,60,1,1,0,60,514119.42239583336,517078.421875,568182.42500000005,36045.978080640147,60,1,1,0,60,538955.77552083333,544223.328125,582135.73124999995,36006.112196129325,60,1,1,0,60,539257.26861676143,543744.07232524699,582372.35310057888,35324.831825484471,60,1,1,0,60
-12,2,2025.06.11_0.3_2,index=15.6.24E+05,index=15.6.24E+05.wav,624442.5514,1,60,0,59,628079.50520833337,613207.46875,701899.6875,48902.951381640196,60,1,1,0,60,617384.3833333333,617588.34375,658676.79374999995,30342.540170911336,60,1,1,0,60,589503.59687500005,585589.84375,624193.16249999998,27283.889433232813,60,1,1,0,60,611655.82847222209,605217.26041666663,656451.61249999993,29905.600823951965,60,1,1,0,60,610511.01156690705,604634.48576899967,653236.42157980462,28852.858937902292,60,1,1,0,60
-12,3,2025.06.11_0.3_2,index=16.6.98E+05,index=16.6.98E+05.wav,698421.29599999997,1,60,0,59,690269.69895833335,673941.5625,778611.80625000002,62540.814283061154,60,1,1,0,60,721329.18125000002,730154.28125,762165.65000000002,37495.446200478902,60,1,1,0,60,663100.25624999998,661399.65625,706121.66874999995,34155.036333520446,60,1,1,0,60,691566.37881944445,681595.3125,738627.84583333333,35954.067046386808,60,1,1,0,60,693595.33855031885,691887.43901681015,733347.68196998979,33212.640293548036,60,1,1,0,60
-12,1,2025.06.11_0.3_2,index=17.7.77E+05,index=17.7.77E+05.wav,776647.22230000002,1,60,0,59,747003.19062500005,713648.15625,816814.375,56277.968787679092,60,1,1,0,60,769350.41979166667,766718.125,823795.09999999998,36770.693033182099,60,1,1,0,60,719404.66770833335,722229.5625,761758.28749999998,34685.436624231872,60,1,1,0,60,745252.75937499991,745533.73958333326,792046.37708333321,35634.602756791355,60,1,1,0,60,747670.50373026996,748211.11290897639,795034.32981416874,34898.93789032536,60,1,1,0,60
-12,2,2025.06.11_0.3_2,index=18.8.59E+05,index=18.8.59E+05.wav,859343.9142,1,60,0,59,743859.23958333337,744150.96875,752776.52500000002,6812.7093510184322,60,1,1,0,60,787993.171875,789896.625,816382.51249999995,21921.165666284745,60,1,1,0,60,719803.08750000002,722619.78125,737588.5,16656.463962377307,60,1,1,0,60,750551.83298611105,750842.17708333326,763904.01249999995,11704.615886374759,60,1,1,0,60,752450.61211886432,752839.23468998948,767980.8877224531,12729.555611080485,60,1,1,0,60
-16,3,2025.06.11_0.3_2,index=1.3.28E-04,index=1.3.28E-04.wav,0.00032804699999999998,0,60,0,59,138274.85976562501,135062.5625,150052.69218750001,8393.2744156010504,0,0,0,,0,167381.53007812501,170041.46875,209308.14531250001,34038.441523550973,0,0,0,,0,146019.85061848958,146322.90625,206920.546875,48245.076222396405,0,0,0,,0,150558.74682074654,149449.47526041666,182818.10989583333,26236.537639487728,0,0,0,,0,151772.21209636916,149881.25379549176,190397.7112686102,31133.981482135594,0,0,0,,0
-16,3,2025.06.11_0.3_2,index=2.2.36E+03,index=2.2.36E+03.wav,2355.3353499999998,0,60,0,59,135274.31171874999,132257.0234375,147601.94687499999,8878.403437640518,0,0,0,,0,122187.56949869792,127651.41796875,178202.24687500001,42001.225902470745,0,0,0,,0,72897.192608642581,59373.560546875,143373.61875000002,46060.023156640629,0,0,0,,0,110119.69127536351,107878.04427083331,154624.68541666665,27822.188518448998,0,0,0,,0,103147.72482834726,99458.164394431704,153196.22847285046,32788.301829778495,0,0,0,,0
-16,1,2025.06.11_0.3_2,index=3.2.10E+04,index=3.2.10E+04.wav,20979.716039999999,0,60,0,59,96029.867838541672,94540.7578125,104637.45390625,6473.9757188029607,0,0,0,,0,74419.786083984378,76567.6484375,109914.11093750001,30358.893194821852,0,0,0,,0,28847.010063680013,24607.5537109375,68554.54296875,27161.631076371272,0,0,0,,0,66432.221328735337,63610.795735677078,86573.789843749997,14669.715065650396,0,0,0,,0,68302.680315516656,66406.248988856474,89844.648894350103,15467.358088820787,0,0,0,,0
-16,2,2025.06.11_0.3_2,index=4.5.76E+04,index=4.5.76E+04.wav,57593.316650000001,0,60,0,59,76502.397395833337,71724.82421875,83780.995312500003,17957.566280494248,0,0,0,,0,75455.359879557291,72879.6875,110278.18750000001,27614.999409749464,0,0,0,,0,58337.438688151044,50988.609375,97549.602343749997,31454.267897060967,0,0,0,,0,70098.398654513861,67604.720052083328,87550.800520833334,18813.353023173237,0,0,0,,0,69833.372761825289,67279.999180079423,89062.864493450543,19386.74751331257,0,0,0,,0
-16,3,2025.06.11_0.3_2,index=5.1.11E+05,index=5.1.11E+05.wav,111264.70170000001,0,60,0,59,134626.03984375001,133300.8125,146128.83281250001,6731.3906783540315,0,0,0,,0,128376.56380208333,127723.73828125,160345.32656250001,26060.099692075848,0,0,0,,0,81808.107454427081,85109.5546875,114612.91250000001,28229.136124030818,0,0,0,,0,114936.9037000868,115518.52213541666,135561.63906250001,15497.666824448059,0,0,0,,0,109094.52780550496,110615.57680430597,133538.17601149235,18535.591961667589,0,0,0,,0
-16,1,2025.06.11_0.3_2,index=6.1.44E+05,index=6.1.44E+05.wav,144324.26180000001,0,60,0,59,97230.413151041663,96900.83984375,104608.4796875,5637.2114366069454,0,0,0,,0,85229.3037109375,82974.0859375,127261.51015625001,30516.714488025274,0,0,0,,0,49397.293774414065,52209.306640625,84820.849218750009,28707.847050053238,0,0,0,,0,77285.670212131052,76542.446614583328,95736.687890624991,15366.825126062369,0,0,0,,0,78859.305692080772,78585.655603062856,100726.11426533083,16103.072617056749,0,0,0,,0
-16,2,2025.06.11_0.3_2,index=7.1.81E+05,index=7.1.81E+05.wav,181378.003,0,60,0,59,73517.225325520834,70839.484375,79791.202343750003,7872.8037342755733,0,0,0,,0,69324.333723958334,68766.54296875,109919.11406250001,30214.106257282852,0,0,0,,0,50855.375960286459,44866.732421875,93425.525781250006,27572.693124869293,0,0,0,,0,64565.645003255209,63673.556315104157,86957.342187499991,16265.301342098872,0,0,0,,0,64137.901728523742,63482.942615796841,88141.023432576534,17309.526645767895,0,0,0,,0
-16,2,2025.06.11_0.3_2,index=8.2.22E+05,index=8.2.22E+05.wav,221505.1102,0,60,0,59,76504.152929687494,71501.7578125,86972.887499999997,13192.96210182327,0,0,0,,0,82952.95032552084,80228.4140625,118401.46171875,26793.175638444598,0,0,0,,0,67893.762520345059,62789.634765625,111456.11796875001,28186.207390191816,0,0,0,,0,75783.62192518446,74285.022135416657,96603.134114583328,17188.738934543748,0,0,0,,0,75891.632508563183,74657.547509677475,97878.744962486264,17896.806939095415,0,0,0,,0
-16,1,2025.06.11_0.3_2,index=9.2.67E+05,index=9.2.67E+05.wav,266907.69650000002,0,60,0,59,232850.90182291667,305969,315216.671875,102239.8064997906,0,0,0,,0,204904.85214843749,221768.828125,339095.92812500003,102753.99877618205,3,0.050000000000000003,3,5,1,159103.79355468749,171260.765625,264385.05937500001,89751.495514786366,0,0,0,,0,198953.18250868053,233652.51692708331,302987.10312499997,93379.377168931809,0,0,0,,0,200704.50057406313,235725.67122867829,305383.21502925805,94062.537894965324,0,0,0,,0
-16,3,2025.06.11_0.3_2,index=10.3.15E+05,index=10.3.15E+05.wav,315466.11729999998,0,60,0,59,285724.76145833335,286168.03125,370096.17499999999,59816.776198371554,7,0.11666666666666667,6,11,2,293043.30885416665,286789.28125,371020.59687499999,56612.630794898389,7,0.11666666666666667,5,5,2,236138.65664062501,235498.875,284379.75312499999,40475.943463836345,0,0,0,,0,271635.57565104158,271781.45572916663,328326.77499999997,46170.469132690458,0,0,0,,0,266317.55552824348,268118.1059634104,319893.76542647678,44406.078383841595,0,0,0,,0
-16,1,2025.06.11_0.3_2,index=11.3.69E+05,index=11.3.69E+05.wav,368978.10499999998,1,60,0,59,354262.00052083336,360460.4375,377544.234375,22090.302289157356,9,0.14999999999999999,7,5,2,362022.20468750002,365504.640625,393953.53125,30266.895655594442,27,0.45000000000000001,12,0,5,318388.03437499999,328142.5,349101.90937499999,31730.58728704094,0,0,0,,0,344890.74652777775,350393.81770833331,369234.36770833336,23761.246558370189,7,0.11666666666666667,6,0,2,347268.73197662702,351127.93146702484,371315.23818915332,23740.372198945683,11,0.18333333333333332,10,0,2
-16,2,2025.06.11_0.3_2,index=12.4.27E+05,index=12.4.27E+05.wav,427276.19500000001,1,60,0,59,424507.79427083331,392635.40625,503602.84062500001,52439.158220814905,60,1,1,0,60,430951.10625000001,431943.0625,451014.49375000002,18257.686322780377,60,1,1,0,60,441025.31562499999,442247.078125,467031.18437500001,20527.732582773639,60,1,1,0,60,432161.40538194438,421243.765625,471434.1802083333,26352.887684557096,60,1,1,0,60,432587.12227797211,423063.09843940515,469381.4930644501,24760.979800374491,60,1,1,0,60
-16,3,2025.06.11_0.3_2,index=13.4.89E+05,index=13.4.89E+05.wav,489453.99810000003,1,60,0,59,526196.80104166665,559215,564279.11250000005,57326.821724869747,60,1,1,0,60,490040.02187499998,489902.171875,515839.87812499999,22828.716528704073,60,1,1,0,60,429406.70208333334,425166.109375,462460.51250000001,25627.659250072142,60,1,1,0,60,481881.17499999993,491194.48958333331,513336.8916666666,31081.911859524273,60,1,1,0,60,470862.23442007636,475582.88378672191,501205.93486448447,27386.099646015995,60,1,1,0,60
-16,1,2025.06.11_0.3_2,index=14.5.54E+05,index=14.5.54E+05.wav,554196.32180000003,1,60,0,59,558623.75312500005,575064.71875,597851.44374999998,46722.270672034305,60,1,1,0,60,545783.62708333333,549732.90625,590265.91874999995,37064.940660350039,60,1,1,0,60,484469.85572916665,480214.671875,533108.9375,37305.908452905758,60,1,1,0,60,529625.74531249993,534317.63541666663,574747.6729166666,36297.426055792901,60,1,1,0,60,532477.26278932998,535575.2862769973,578924.7743347385,36205.814379896823,60,1,1,0,60
-16,2,2025.06.11_0.3_2,index=15.6.24E+05,index=15.6.24E+05.wav,624442.5514,1,60,0,59,628788.5229166667,614223.21875,701387.58750000002,48513.199540403446,60,1,1,0,60,631315.58333333337,633127.1875,674315.5,31388.51114663294,60,1,1,0,60,624328.8510416667,616974.4375,665816.53125,31193.408798468485,60,1,1,0,60,628144.31909722218,622803.46875,673275.15416666656,30690.434527176698,60,1,1,0,60,628172.91141313722,622068.27433826192,671484.26337978803,30008.687271548744,60,1,1,0,60
-16,3,2025.06.11_0.3_2,index=16.6.98E+05,index=16.6.98E+05.wav,698421.29599999997,1,60,0,59,688580.12187499995,669642.625,777977.49375000002,62876.902287815625,60,1,1,0,60,717171.11562499998,716163.28125,757931.94374999998,34943.040223606717,60,1,1,0,60,644315.43958333333,645208.8125,690197.07499999995,39254.162935785404,60,1,1,0,60,683355.55902777775,671927.64583333326,731107.8833333333,37743.380741219589,60,1,1,0,60,678887.40714334883,672525.590997878,721731.36491456639,35785.934426610547,60,1,1,0,60
-16,1,2025.06.11_0.3_2,index=17.7.77E+05,index=17.7.77E+05.wav,776647.22230000002,1,60,0,59,748187.16041666665,718134.34375,815991.63124999998,55823.483983971935,60,1,1,0,60,762504.78541666665,757482.875,805784.30000000005,36299.401684754273,60,1,1,0,60,671366.20833333337,672362.09375,705136.71250000002,29183.456679487066,60,1,1,0,60,727352.71805555548,719962.30208333326,773559.69791666663,33156.652404547131,60,1,1,0,60,732280.58688827639,727638.49695867766,779522.64984561456,33008.922812429337,60,1,1,0,60
-16,2,2025.06.11_0.3_2,index=18.8.59E+05,index=18.8.59E+05.wav,859343.9142,1,60,0,59,744184.62395833328,743995.53125,751800.72499999998,5846.4972065666934,60,1,1,0,60,783737.3052083333,784729.75,809283.17500000005,19538.968442663427,60,1,1,0,60,748262.11250000005,748800.5625,764794.05625000002,15573.119731623936,60,1,1,0,60,758728.01388888911,760600.625,769190.38124999998,10275.885969686662,60,1,1,0,60,760110.16397339641,762180.38095677574,771416.69237732294,10952.320721505399,60,1,1,0,60
-20,3,2025.06.11_0.3_2,index=1.3.28E-04,index=1.3.28E-04.wav,0.00032804699999999998,0,60,0,59,136016.29036458334,135491.734375,141368.18124999999,3665.5848554590484,0,0,0,,0,154895.14622395832,157627.6015625,193438.35000000001,29451.889119271342,0,0,0,,0,143962.94908854167,142285.0234375,191102.73125000001,34365.120616620952,0,0,0,,0,144958.12855902777,146546.83984375,166989.94270833331,17799.941292561813,0,0,0,,0,145467.20024409547,147070.68675004129,169041.81436415957,18789.482752039188,0,0,0,,0
-20,3,2025.06.11_0.3_2,index=2.2.36E+03,index=2.2.36E+03.wav,2355.3353499999998,0,60,0,59,135825.52799479166,135110.03125,139757.25468750001,5048.5541698950328,0,0,0,,0,141718.30455729167,140765.421875,171739.09843750001,26381.563417778307,0,0,0,,0,106954.52858072917,107447.046875,151292.43906250002,36331.256172203277,0,0,0,,0,128166.12037760415,130761.94010416666,149029.51718749999,18116.724710182825,0,0,0,,0,127667.39236042769,130140.49684484579,149862.15124795004,19132.653299828184,0,0,0,,0
-20,1,2025.06.11_0.3_2,index=3.2.10E+04,index=3.2.10E+04.wav,20979.716039999999,0,60,0,59,98711.293229166666,97709.7265625,101868.15625,6475.884612851798,0,0,0,,0,91097.251236979166,92002.02734375,124606.22734375,29309.834495734343,0,0,0,,0,107615.95442708333,105730.6640625,147823.51406250001,31698.099074468239,0,0,0,,0,99141.499631076382,102023.32942708333,119346.57526041666,16300.709935261315,0,0,0,,0,98688.056659131718,102633.38755250143,120639.99899196134,16786.169659441995,0,0,0,,0
-20,2,2025.06.11_0.3_2,index=4.5.76E+04,index=4.5.76E+04.wav,57593.316650000001,0,60,0,59,77212.714192708328,72411.0703125,85515.553906250003,17593.371441701376,0,0,0,,0,61085.638525390626,59030.1328125,93026.978906250006,27915.185240391274,0,0,0,,0,61819.463289388019,57667.748046875,90221.510156250006,31537.168168457134,0,0,0,,0,66705.938669162322,63295.4482421875,83844.242447916666,21014.084795979394,0,0,0,,0,65815.605282325821,62620.309210440231,86007.597559285772,21258.763577298487,0,0,0,,0
-20,3,2025.06.11_0.3_2,index=5.1.11E+05,index=5.1.11E+05.wav,111264.70170000001,0,60,0,59,135703.76002604168,135312.421875,140393.95937500001,3595.6799418638311,0,0,0,,0,139079.55533854166,142377.2890625,168122.04843749999,23597.608616154888,0,0,0,,0,109809.73567708333,109039.64453125,141392.11406250001,28906.59962896162,0,0,0,,0,128197.68368055555,130818.79036458333,144448.06015624999,13999.824592842753,0,0,0,,0,127715.75329743096,130480.76405035474,145000.03866355427,14804.80984552118,0,0,0,,0
-20,1,2025.06.11_0.3_2,index=6.1.44E+05,index=6.1.44E+05.wav,144324.26180000001,0,60,0,59,98351.219010416666,97334.0078125,103155.7296875,4563.4884522925322,0,0,0,,0,86154.076985677078,84568.4765625,128849.57109375001,29474.987154808288,0,0,0,,0,116098.23398437499,113972.80078125,158668.48593749999,34515.812266611545,0,0,0,,0,100201.17666015624,101980.26432291666,118733.62135416667,15458.495073771675,0,0,0,,0,99419.167575001047,100346.41636886727,119740.92400973875,15855.182617881232,0,0,0,,0
-20,2,2025.06.11_0.3_2,index=7.1.81E+05,index=7.1.81E+05.wav,181378.003,0,60,0,59,74114.159244791663,71474.90625,78654.662500000006,7193.9117585612639,0,0,0,,0,59333.090706380208,64487.84375,92038.378125000003,26610.287015650931,0,0,0,,0,57068.974898274741,58510.005859375,85356.467968750003,23208.346849918857,0,0,0,,0,63505.408283148863,64625.190104166664,80094.001041666663,13994.984014092197,0,0,0,,0,62852.490018513046,65020.772861974365,81295.065118197017,15467.664859622286,0,0,0,,0
-20,2,2025.06.11_0.3_2,index=8.2.22E+05,index=8.2.22E+05.wav,221505.1102,0,60,0,59,74634.860677083328,71452.5078125,85630.235937499994,8750.0184100534279,0,0,0,,0,62062.214701334633,60537.3828125,97282.685937500006,29114.624032840711,0,0,0,,0,67999.825781249994,69060.55859375,105186.50546874999,28238.463677752196,0,0,0,,0,68232.300386555988,66628.677083333328,90799.05833333332,17796.007244748649,0,0,0,,0,67240.193588696289,65225.127771743544,91520.239502623299,19054.063046707615,0,0,0,,0
-20,1,2025.06.11_0.3_2,index=9.2.67E+05,index=9.2.67E+05.wav,266907.69650000002,0,60,0,59,229195.07539062499,302792.640625,314017.3125,100237.17503327268,0,0,0,,0,208273.77180989584,224716.734375,335135.86562500003,97522.416325597937,4,0.066666666666666666,3,3,2,212646.15898437501,214695.2890625,316967.75625000003,76636.37292037165,0,0,0,,0,216705.00206163194,252635.80468749997,321282.92395833333,85885.313364604459,0,0,0,,0,216114.24598044192,251998.70424339472,324427.10802709108,86157.033816935669,0,0,0,,0
-20,3,2025.06.11_0.3_2,index=10.3.15E+05,index=10.3.15E+05.wav,315466.11729999998,0,60,0,59,283995.72343750001,284737.5,370235.13750000001,61295.144169718493,7,0.11666666666666667,6,11,2,276639.30651041667,263841.390625,352828.484375,67671.361595964961,6,0.10000000000000001,5,5,2,250226.05013020834,254396.859375,316107.38124999998,56238.896730765111,0,0,0,,0,270287.02669270831,274263.08072916663,339855.02499999997,57291.417816098117,0,0,0,,0,269445.25977672834,273473.66690822877,338804.36351339164,57407.652803618941,0,0,0,,0
-20,1,2025.06.11_0.3_2,index=11.3.69E+05,index=11.3.69E+05.wav,368978.10499999998,1,60,0,59,355569.77916666667,361576.671875,380058.05625000002,23154.381824036049,15,0.25,10,3,4,372954.26197916665,378554.609375,404326.27187499998,31579.878439435368,36,0.59999999999999998,14,0,6,340627.87760416669,349078.65625,375146.78749999998,33537.789673108928,12,0.20000000000000001,7,0,4,356383.97291666665,364152.8125,378273.03124999994,25136.046751045324,23,0.38333333333333336,11,0,4,357333.19280906895,364243.50517879904,379318.2398853685,25270.277567868034,24,0.40000000000000002,11,0,4
-20,2,2025.06.11_0.3_2,index=12.4.27E+05,index=12.4.27E+05.wav,427276.19500000001,1,60,0,59,426475.98697916669,394887.4375,501947.40000000002,51067.09801601441,60,1,1,0,60,438999.67031249998,438436.828125,471765.40625,24587.894058223163,60,1,1,0,60,428497.86197916669,425090.703125,456411.48749999999,20961.218174660844,60,1,1,0,60,431324.50642361114,418769.77083333326,476376.04999999999,27536.85016331121,60,1,1,0,60,432567.53193682746,422178.25786904176,475050.12736361939,26354.923737887755,60,1,1,0,60
-20,3,2025.06.11_0.3_2,index=13.4.89E+05,index=13.4.89E+05.wav,489453.99810000003,1,60,0,59,526046.96250000002,558780.34375,564802.70625000005,57230.410761270992,60,1,1,0,60,480541.99375000002,481072.15625,513732.84999999998,24442.52552394423,60,1,1,0,60,481269.62447916664,482657.09375,507967.06874999998,21802.598578650079,60,1,1,0,60,495952.86024305545,505894.22395833326,526601.24166666658,30065.885267283746,60,1,1,0,60,494188.34321777587,502766.60752476158,524661.42334630049,28713.272807922818,60,1,1,0,60
-20,1,2025.06.11_0.3_2,index=14.5.54E+05,index=14.5.54E+05.wav,554196.32180000003,1,60,0,59,555192.18854166672,573172.96875,590224,46567.931855468298,60,1,1,0,60,529651.63385416672,532263.21875,574616.15000000002,34626.844913816756,60,1,1,0,60,490096.54635416664,486255.421875,531586.79374999995,32554.760675175487,60,1,1,0,60,524980.12291666667,529084.078125,568238.26458333328,34415.911573947276,60,1,1,0,60,524976.03352625587,528036.36500891333,569345.29263470205,34152.745246779225,60,1,1,0,60
-20,2,2025.06.11_0.3_2,index=15.6.24E+05,index=15.6.24E+05.wav,624442.5514,1,60,0,59,629149.68125000002,611954.125,701892.09999999998,48845.796374411613,60,1,1,0,60,643882.17708333337,641948.1875,679433.01249999995,33125.931136398372,60,1,1,0,60,599753.52708333335,597288.625,648494.16249999998,35766.307677481273,60,1,1,0,60,624261.79513888888,616988.59375,675875.9145833333,32478.313090175954,60,1,1,0,60,627488.83480097761,621033.7789256972,676010.85278180754,31863.531861092419,60,1,1,0,60
-20,3,2025.06.11_0.3_2,index=16.6.98E+05,index=16.6.98E+05.wav,698421.29599999997,1,60,0,59,690251.5697916667,675519.59375,776649.36250000005,60967.014213098613,60,1,1,0,60,723809.80625000002,728959.75,760283.02500000002,37670.6085418613,60,1,1,0,60,702665.55104166665,705494.90625,743087.22499999998,36641.244491570971,60,1,1,0,60,705575.64236111112,696965.95833333326,753095.67708333326,36855.861123607763,60,1,1,0,60,706444.6424629871,698456.31734061916,752601.582059131,36055.059111688795,60,1,1,0,60
-20,1,2025.06.11_0.3_2,index=17.7.77E+05,index=17.7.77E+05.wav,776647.22230000002,1,60,0,59,748807.95208333328,721846.8125,817141.25624999998,57170.970970321738,60,1,1,0,60,751484.37604166672,747368.71875,804058.69374999998,38472.842510262548,60,1,1,0,60,685250.6645833333,691155.46875,727724.90625,35379.201678900616,60,1,1,0,60,728514.33090277785,718713.02083333326,783327.04166666663,36819.495179606252,60,1,1,0,60,729638.96140706935,722249.01399676641,783741.88939821802,36434.148278455476,60,1,1,0,60
-20,2,2025.06.11_0.3_2,index=18.8.59E+05,index=18.8.59E+05.wav,859343.9142,1,60,0,59,744519.56562500005,744271.46875,751606.52500000002,5529.9057219871083,60,1,1,0,60,795000.82291666663,797439.71875,820637.55625000002,21032.012790643763,60,1,1,0,60,740029.2260416667,742806.09375,769578.88124999998,22831.864887459469,60,1,1,0,60,759849.87152777775,762684.125,775235.2583333333,12387.123381620984,60,1,1,0,60,765562.38372767146,768194.23755865917,779848.15410920826,13280.182419358631,60,1,1,0,60
