experiment_name,noise_level,split_strategy,feature_set,fold,train_samples,validation_samples,r2,rmse,mae,prediction_pearson
2025.06.18_0.3_3,no_noise,kfold,total_power_only,1,60,30,0.9279246360570041,69690.1863372926,40149.98975468012,0.9664525084700899
2025.06.18_0.3_3,no_noise,kfold,full_spectrogram_pca,1,60,30,0.8881589970176365,86811.79382269458,68178.46429346967,0.9678110924987161
2025.06.18_0.3_3,no_noise,kfold,old_style_magnitude_minmax_pca,1,60,30,0.9247752474840343,71196.49068264561,48515.58574788634,0.9616799585259889
2025.06.18_0.3_3,no_noise,kfold,total_power_only,2,60,30,0.8522272952923826,106921.59261759631,70618.261794702,0.9234316669614011
2025.06.18_0.3_3,no_noise,kfold,full_spectrogram_pca,2,60,30,0.86348752617804,102767.18873370902,82455.29719921401,0.9569557130909639
2025.06.18_0.3_3,no_noise,kfold,old_style_magnitude_minmax_pca,2,60,30,0.8368087162120106,112361.30829217454,85242.71464194317,0.9247005218100582
2025.06.18_0.3_3,no_noise,kfold,total_power_only,3,60,30,0.9551531752639257,56513.02279617776,34856.25628567306,0.981478570370877
2025.06.18_0.3_3,no_noise,kfold,full_spectrogram_pca,3,60,30,0.8459908556633999,104726.34385704779,82797.31333196968,0.9616869918254443
2025.06.18_0.3_3,no_noise,kfold,old_style_magnitude_minmax_pca,3,60,30,0.8424911868705256,105909.54871325886,82085.50554774051,0.9331928847174941
2025.06.18_0.3_3,no_noise,group_kfold,total_power_only,1,60,30,0.9373618175788757,64117.142283317466,56418.78588791668,0.9729322116872572
2025.06.18_0.3_3,no_noise,group_kfold,full_spectrogram_pca,1,60,30,0.7942708137423345,116199.03945049214,90201.45274187502,0.9489404940523628
2025.06.18_0.3_3,no_noise,group_kfold,old_style_magnitude_minmax_pca,1,60,30,0.895725963696686,82726.12393154275,63184.231277916675,0.9492289186362521
2025.06.18_0.3_3,no_noise,group_kfold,total_power_only,2,60,30,0.8935604577690435,91664.10577664184,73227.44582479828,0.9545243443361148
2025.06.18_0.3_3,no_noise,group_kfold,full_spectrogram_pca,2,60,30,0.8786053427888725,97892.08836804134,75729.54291810417,0.9799217742483556
2025.06.18_0.3_3,no_noise,group_kfold,old_style_magnitude_minmax_pca,2,60,30,0.8731432122011811,100070.17565907251,85485.90562844792,0.9639846311634354
2025.06.18_0.3_3,no_noise,group_kfold,total_power_only,3,60,30,0.8284228852736728,109100.09633586933,83254.89897892419,0.9177849545712827
2025.06.18_0.3_3,no_noise,group_kfold,full_spectrogram_pca,3,60,30,0.8062076837898857,115948.1251513289,103749.332116945,0.9407530631397116
2025.06.18_0.3_3,no_noise,group_kfold,old_style_magnitude_minmax_pca,3,60,30,0.855358384132458,100171.0177613209,83469.24797986168,0.9305929043786382
2025.06.18_0.3_3,reference_SNR=0,kfold,total_power_only,1,60,30,0.929207708105166,69067.09506364256,40479.697354638454,0.9659297705490958
2025.06.18_0.3_3,reference_SNR=0,kfold,full_spectrogram_pca,1,60,30,0.9243143929597039,71414.24563490562,56644.493453990515,0.9748878486947036
2025.06.18_0.3_3,reference_SNR=0,kfold,old_style_magnitude_minmax_pca,1,60,30,0.8687486546845007,94043.7818749544,72473.30671107383,0.9341070121497782
2025.06.18_0.3_3,reference_SNR=0,kfold,total_power_only,2,60,30,0.9150758017237315,81055.78864238146,54397.276613081434,0.9592313101266662
2025.06.18_0.3_3,reference_SNR=0,kfold,full_spectrogram_pca,2,60,30,0.8826882206211795,95266.2606803548,75054.66146463067,0.9671678892262131
2025.06.18_0.3_3,reference_SNR=0,kfold,old_style_magnitude_minmax_pca,2,60,30,0.8144554966524791,119809.80309850098,93591.816461714,0.9208120344108799
2025.06.18_0.3_3,reference_SNR=0,kfold,total_power_only,3,60,30,0.975651120282478,41641.09872791055,30136.65421233237,0.9892375795722129
2025.06.18_0.3_3,reference_SNR=0,kfold,full_spectrogram_pca,3,60,30,0.8084516238825392,116794.3745374587,84968.83013509467,0.9351965683569191
2025.06.18_0.3_3,reference_SNR=0,kfold,old_style_magnitude_minmax_pca,3,60,30,0.7488811682543317,133727.9937382923,108728.330606178,0.9047094897327698
2025.06.18_0.3_3,reference_SNR=0,group_kfold,total_power_only,1,60,30,0.9190091103004314,72907.57760003679,58282.29135058334,0.9647389687301883
2025.06.18_0.3_3,reference_SNR=0,group_kfold,full_spectrogram_pca,1,60,30,0.8436378679518429,101302.549541178,77729.64139916669,0.9548686920237872
2025.06.18_0.3_3,reference_SNR=0,group_kfold,old_style_magnitude_minmax_pca,1,60,30,0.8255164144682978,107011.85008000772,87689.66108833333,0.9151318364469518
2025.06.18_0.3_3,reference_SNR=0,group_kfold,total_power_only,2,60,30,0.8730474472483165,100107.94032226845,80137.20578254467,0.9371248737453128
2025.06.18_0.3_3,reference_SNR=0,group_kfold,full_spectrogram_pca,2,60,30,0.8816678397921743,96649.40916047683,72584.155341125,0.9779537630774447
2025.06.18_0.3_3,reference_SNR=0,group_kfold,old_style_magnitude_minmax_pca,2,60,30,0.8045625606777995,124208.60634118786,99535.17328774999,0.9560834807434009
2025.06.18_0.3_3,reference_SNR=0,group_kfold,total_power_only,3,60,30,0.8364049371634363,106532.11527001462,82010.84012475752,0.923064793467588
2025.06.18_0.3_3,reference_SNR=0,group_kfold,full_spectrogram_pca,3,60,30,0.7953571977206055,119149.90241283285,105521.70874048669,0.9250813699982626
2025.06.18_0.3_3,reference_SNR=0,group_kfold,old_style_magnitude_minmax_pca,3,60,30,0.7903177680734559,120608.04262432837,105483.28621965337,0.905233604150112
2025.06.18_0.3_3,reference_SNR=-4,kfold,total_power_only,1,60,30,0.9256714693411351,70771.10515442933,40636.117800055115,0.9649560359309942
2025.06.18_0.3_3,reference_SNR=-4,kfold,full_spectrogram_pca,1,60,30,0.87426787283459,92045.24017641554,76005.76628951136,0.9544985920464246
2025.06.18_0.3_3,reference_SNR=-4,kfold,old_style_magnitude_minmax_pca,1,60,30,0.8966731655218184,83442.01171194305,63530.735087532164,0.9488038169486153
2025.06.18_0.3_3,reference_SNR=-4,kfold,total_power_only,2,60,30,0.8913054079107116,91700.6209247348,63673.28349605097,0.9457964846835765
2025.06.18_0.3_3,reference_SNR=-4,kfold,full_spectrogram_pca,2,60,30,0.8530160626489438,106635.8527576773,86337.64493088068,0.9441233278137188
2025.06.18_0.3_3,reference_SNR=-4,kfold,old_style_magnitude_minmax_pca,2,60,30,0.817908873897933,118689.60888183008,93536.13881275567,0.9128793958095904
2025.06.18_0.3_3,reference_SNR=-4,kfold,total_power_only,3,60,30,0.9767648025066598,40677.651580804675,29571.22497267783,0.9903557924397501
2025.06.18_0.3_3,reference_SNR=-4,kfold,full_spectrogram_pca,3,60,30,0.810582484606879,116142.92406106876,85941.71508946968,0.92654510142291
2025.06.18_0.3_3,reference_SNR=-4,kfold,old_style_magnitude_minmax_pca,3,60,30,0.7542914545417208,132279.58340334226,106410.62490044883,0.8966730799935708
2025.06.18_0.3_3,reference_SNR=-4,group_kfold,total_power_only,1,60,30,0.9188840651897995,72963.83837165062,58120.301795750005,0.9671688627313536
2025.06.18_0.3_3,reference_SNR=-4,group_kfold,full_spectrogram_pca,1,60,30,0.7945311850422196,116125.4852936293,95135.95859125002,0.9292760092654183
2025.06.18_0.3_3,reference_SNR=-4,group_kfold,old_style_magnitude_minmax_pca,1,60,30,0.8582917034833045,96438.89433198498,78520.475648125,0.9324183991798252
2025.06.18_0.3_3,reference_SNR=-4,group_kfold,total_power_only,2,60,30,0.8513087732687291,108340.41111598756,86116.60586406852,0.9250279231851115
2025.06.18_0.3_3,reference_SNR=-4,group_kfold,full_spectrogram_pca,2,60,30,0.7990995020037506,125932.64169183486,96125.67235983332,0.95471306875983
2025.06.18_0.3_3,reference_SNR=-4,group_kfold,old_style_magnitude_minmax_pca,2,60,30,0.8488468787290129,109233.63017369038,90706.708110875,0.9581106972703576
2025.06.18_0.3_3,reference_SNR=-4,group_kfold,total_power_only,3,60,30,0.818406351713116,112239.51485299798,90101.74995548668,0.9129868515075158
2025.06.18_0.3_3,reference_SNR=-4,group_kfold,full_spectrogram_pca,3,60,30,0.803223906567796,116837.32926273001,105335.72443465336,0.9264850566441877
2025.06.18_0.3_3,reference_SNR=-4,group_kfold,old_style_magnitude_minmax_pca,3,60,30,0.8046655578222294,116408.54666769537,102297.33036027836,0.9108328901687162
2025.06.18_0.3_3,reference_SNR=-8,kfold,total_power_only,1,60,30,0.9239698816927469,71576.59538208171,43375.51363034748,0.9620041869907514
2025.06.18_0.3_3,reference_SNR=-8,kfold,full_spectrogram_pca,1,60,30,0.8637991407675448,95800.57757194994,79793.13029451134,0.9483679054498356
2025.06.18_0.3_3,reference_SNR=-8,kfold,old_style_magnitude_minmax_pca,1,60,30,0.8735549480928197,92305.82819017043,79471.78780201133,0.9371576529294258
2025.06.18_0.3_3,reference_SNR=-8,kfold,total_power_only,2,60,30,0.8462318971944098,109069.02626018577,78334.64620342232,0.9204331281831886
2025.06.18_0.3_3,reference_SNR=-8,kfold,full_spectrogram_pca,2,60,30,0.8572035393403968,105105.88405355898,84676.65234338067,0.9428334221479309
2025.06.18_0.3_3,reference_SNR=-8,kfold,old_style_magnitude_minmax_pca,2,60,30,0.8192562521430093,118249.67331093267,94883.761774214,0.9205703899934853
2025.06.18_0.3_3,reference_SNR=-8,kfold,total_power_only,3,60,30,0.9129377706804742,78740.39330739992,44825.942444938424,0.965937522143358
2025.06.18_0.3_3,reference_SNR=-8,kfold,full_spectrogram_pca,3,60,30,0.8519718669053721,102672.66124552797,80725.89712488634,0.9337894110032211
2025.06.18_0.3_3,reference_SNR=-8,kfold,old_style_magnitude_minmax_pca,3,60,30,0.8137795303897948,115158.60538098896,91027.942509678,0.9222530160113565
2025.06.18_0.3_3,reference_SNR=-8,group_kfold,total_power_only,1,60,30,0.8938805390928907,83454.95002506736,66985.24154251043,0.9535563531844906
2025.06.18_0.3_3,reference_SNR=-8,group_kfold,full_spectrogram_pca,1,60,30,0.8113769019027652,111263.32153576652,92143.13280270835,0.9496831497944477
2025.06.18_0.3_3,reference_SNR=-8,group_kfold,old_style_magnitude_minmax_pca,1,60,30,0.8687244328147299,92821.06253806777,78682.04414229166,0.9361083694801069
2025.06.18_0.3_3,reference_SNR=-8,group_kfold,total_power_only,2,60,30,0.853419189598176,107568.81050850976,85637.46076461399,0.924960008985443
2025.06.18_0.3_3,reference_SNR=-8,group_kfold,full_spectrogram_pca,2,60,30,0.8786818938417286,97861.21829369984,76993.52197145834,0.9652982031187746
2025.06.18_0.3_3,reference_SNR=-8,group_kfold,old_style_magnitude_minmax_pca,2,60,30,0.8605219118490247,104930.2723080587,87143.50320958333,0.9642238133237782
2025.06.18_0.3_3,reference_SNR=-8,group_kfold,total_power_only,3,60,30,0.7674139577471604,127024.43686171767,101483.85692163251,0.8819356616061406
2025.06.18_0.3_3,reference_SNR=-8,group_kfold,full_spectrogram_pca,3,60,30,0.7737099105021019,125293.40762818456,109384.97502465335,0.8974450800958417
2025.06.18_0.3_3,reference_SNR=-8,group_kfold,old_style_magnitude_minmax_pca,3,60,30,0.7830757840642011,122673.1372473911,107675.32326798669,0.8974192747069651
2025.06.18_0.3_3,reference_SNR=-12,kfold,total_power_only,1,60,30,0.8551180777697278,98806.45171247712,56487.117860340884,0.9343205272058754
2025.06.18_0.3_3,reference_SNR=-12,kfold,full_spectrogram_pca,1,60,30,0.8790454719151373,90279.52583256613,73922.14659846967,0.9411000865806224
2025.06.18_0.3_3,reference_SNR=-12,kfold,old_style_magnitude_minmax_pca,1,60,30,0.8742356375197639,92057.03874058997,74691.35734221966,0.935098930234084
2025.06.18_0.3_3,reference_SNR=-12,kfold,total_power_only,2,60,30,0.8586323411685363,104578.72452649732,74432.36827675566,0.9299814234238829
2025.06.18_0.3_3,reference_SNR=-12,kfold,full_spectrogram_pca,2,60,30,0.8351103157964987,112944.49059094851,94839.76124650567,0.9246347439253645
2025.06.18_0.3_3,reference_SNR=-12,kfold,old_style_magnitude_minmax_pca,2,60,30,0.8067041166603099,122286.80837932823,99857.377225464,0.9231627303559697
2025.06.18_0.3_3,reference_SNR=-12,kfold,total_power_only,3,60,30,0.9365999758302205,67193.52109488231,45732.28853822239,0.9727940006770419
2025.06.18_0.3_3,reference_SNR=-12,kfold,full_spectrogram_pca,3,60,30,0.8574186999751598,100765.98930589455,82457.39582238633,0.9374153552523937
2025.06.18_0.3_3,reference_SNR=-12,kfold,old_style_magnitude_minmax_pca,3,60,30,0.8195703772022143,113353.93699568867,81567.04561926135,0.931112575489488
2025.06.18_0.3_3,reference_SNR=-12,group_kfold,total_power_only,1,60,30,0.8633542322212581,94700.58819516309,74262.52393791667,0.9380372421669949
2025.06.18_0.3_3,reference_SNR=-12,group_kfold,full_spectrogram_pca,1,60,30,0.8608852597321126,95552.3029157391,78254.08243395835,0.9526073407200437
2025.06.18_0.3_3,reference_SNR=-12,group_kfold,old_style_magnitude_minmax_pca,1,60,30,0.8947948349064356,83094.65996647907,69045.42705249999,0.9510871433154219
2025.06.18_0.3_3,reference_SNR=-12,group_kfold,total_power_only,2,60,30,0.8060691775509645,123728.92130067069,99892.98138390627,0.910220589244483
2025.06.18_0.3_3,reference_SNR=-12,group_kfold,full_spectrogram_pca,2,60,30,0.893293825805359,91778.84365124027,71040.34563041666,0.9677583477480803
2025.06.18_0.3_3,reference_SNR=-12,group_kfold,old_style_magnitude_minmax_pca,2,60,30,0.8212800888304971,118777.52649069027,98066.58103149998,0.9537229734763936
2025.06.18_0.3_3,reference_SNR=-12,group_kfold,total_power_only,3,60,30,0.7665346759780736,127264.31563829214,100154.55125757001,0.8802714853589308
2025.06.18_0.3_3,reference_SNR=-12,group_kfold,full_spectrogram_pca,3,60,30,0.8223907000288666,111001.36135997054,95320.22462590336,0.9254930355898314
2025.06.18_0.3_3,reference_SNR=-12,group_kfold,old_style_magnitude_minmax_pca,3,60,30,0.7380391015171206,134807.38662421433,120591.70960423669,0.8746497100124144
2025.06.18_0.3_3,reference_SNR=-16,kfold,total_power_only,1,60,30,0.8250608808715876,108572.95833916965,63047.364701995844,0.9185985602621248
2025.06.18_0.3_3,reference_SNR=-16,kfold,full_spectrogram_pca,1,60,30,0.8610743225067903,96754.11958178629,81654.91978180301,0.9294845593388193
2025.06.18_0.3_3,reference_SNR=-16,kfold,old_style_magnitude_minmax_pca,1,60,30,0.837110579806317,104767.03241188843,85760.825778053,0.9167031375977127
2025.06.18_0.3_3,reference_SNR=-16,kfold,total_power_only,2,60,30,0.8978711847346676,88887.86087262683,68606.68753004733,0.9517612045179529
2025.06.18_0.3_3,reference_SNR=-16,kfold,full_spectrogram_pca,2,60,30,0.8353147625218762,112874.44893407717,97889.20356879734,0.9295934921600763
2025.06.18_0.3_3,reference_SNR=-16,kfold,old_style_magnitude_minmax_pca,2,60,30,0.8188004791427349,118398.67175671362,104135.68533963068,0.9261178237789014
2025.06.18_0.3_3,reference_SNR=-16,kfold,total_power_only,3,60,30,0.9100723266880375,80025.67878305278,54122.010099443636,0.9541033229372995
2025.06.18_0.3_3,reference_SNR=-16,kfold,full_spectrogram_pca,3,60,30,0.8589736666259142,100215.01487706516,78849.79571155302,0.938710045620967
2025.06.18_0.3_3,reference_SNR=-16,kfold,old_style_magnitude_minmax_pca,3,60,30,0.836996094135049,107741.17151251063,79507.531925303,0.9320468777371617
2025.06.18_0.3_3,reference_SNR=-16,group_kfold,total_power_only,1,60,30,0.8957122739428595,82731.55415724315,67025.37432125001,0.9599219503613707
2025.06.18_0.3_3,reference_SNR=-16,group_kfold,full_spectrogram_pca,1,60,30,0.8428573905930878,101555.05930440525,90015.94230458334,0.9408378952896452
2025.06.18_0.3_3,reference_SNR=-16,group_kfold,old_style_magnitude_minmax_pca,1,60,30,0.8782323155150271,89396.51889810733,74750.31413468749,0.9423099395284994
2025.06.18_0.3_3,reference_SNR=-16,group_kfold,total_power_only,2,60,30,0.8243354371320301,117757.85511726,97525.17916432492,0.9144294294393818
2025.06.18_0.3_3,reference_SNR=-16,group_kfold,full_spectrogram_pca,2,60,30,0.8935983821581639,91647.77436986445,74091.1247125,0.9586841716753923
2025.06.18_0.3_3,reference_SNR=-16,group_kfold,old_style_magnitude_minmax_pca,2,60,30,0.845038506478389,110601.16555662193,83468.66969702083,0.9524299806358206
2025.06.18_0.3_3,reference_SNR=-16,group_kfold,total_power_only,3,60,30,0.7306084901430597,136705.94648402013,106346.86942163251,0.8611221736917463
2025.06.18_0.3_3,reference_SNR=-16,group_kfold,full_spectrogram_pca,3,60,30,0.8197457481237387,111824.82128226318,93239.50438257003,0.9203263697086151
2025.06.18_0.3_3,reference_SNR=-16,group_kfold,old_style_magnitude_minmax_pca,3,60,30,0.7362414219350226,135269.1466601223,122005.91194798668,0.8746906094462674
2025.06.18_0.3_3,reference_SNR=-20,kfold,total_power_only,1,60,30,0.8923182641368742,85182.27360510125,52776.800797653385,0.9474619166314617
2025.06.18_0.3_3,reference_SNR=-20,kfold,full_spectrogram_pca,1,60,30,0.8655369493786421,95187.44807060425,80083.768218678,0.9346747775819634
2025.06.18_0.3_3,reference_SNR=-20,kfold,old_style_magnitude_minmax_pca,1,60,30,0.8746888266567557,91891.02628448594,74301.547483678,0.9366327227005243
2025.06.18_0.3_3,reference_SNR=-20,kfold,total_power_only,2,60,30,0.877356864013734,97406.94693777537,76233.16987921401,0.9398634838587139
2025.06.18_0.3_3,reference_SNR=-20,kfold,full_spectrogram_pca,2,60,30,0.8165961719390613,119116.65959430758,104909.77929858903,0.9201420789852136
2025.06.18_0.3_3,reference_SNR=-20,kfold,old_style_magnitude_minmax_pca,2,60,30,0.7652284802361381,134769.31268906733,118002.05715588068,0.9061454009159498
2025.06.18_0.3_3,reference_SNR=-20,kfold,total_power_only,3,60,30,0.8749825387999933,94355.67494825416,61867.839152178014,0.9366692244010673
2025.06.18_0.3_3,reference_SNR=-20,kfold,full_spectrogram_pca,3,60,30,0.8785312578717996,93006.85414220455,77981.511313428,0.9497163657061776
2025.06.18_0.3_3,reference_SNR=-20,kfold,old_style_magnitude_minmax_pca,3,60,30,0.8669362765536687,97344.74772145507,72281.29018155302,0.9382294486660402
2025.06.18_0.3_3,reference_SNR=-20,group_kfold,total_power_only,1,60,30,0.854762630072408,97632.35649612921,76252.11637125001,0.9432113606885744
2025.06.18_0.3_3,reference_SNR=-20,group_kfold,full_spectrogram_pca,1,60,30,0.7980287042686091,115132.890926312,98914.73839375001,0.9142209336171837
2025.06.18_0.3_3,reference_SNR=-20,group_kfold,old_style_magnitude_minmax_pca,1,60,30,0.833348650538041,104582.49566244827,92156.89185791666,0.9319498997504115
2025.06.18_0.3_3,reference_SNR=-20,group_kfold,total_power_only,2,60,30,0.8326647377822375,114932.1527320109,94623.47187082874,0.9255669881040878
2025.06.18_0.3_3,reference_SNR=-20,group_kfold,full_spectrogram_pca,2,60,30,0.8953761416598285,90878.92329459808,76983.06624624999,0.9665101937176251
2025.06.18_0.3_3,reference_SNR=-20,group_kfold,old_style_magnitude_minmax_pca,2,60,30,0.8018268698705963,125074.90784193024,100741.85773124998,0.9460677385754539
2025.06.18_0.3_3,reference_SNR=-20,group_kfold,total_power_only,3,60,30,0.7893867431232808,120875.5062193768,95809.51453069501,0.904353778828093
2025.06.18_0.3_3,reference_SNR=-20,group_kfold,full_spectrogram_pca,3,60,30,0.8292067396068503,108850.59779232461,94117.25184757002,0.9290557581870922
2025.06.18_0.3_3,reference_SNR=-20,group_kfold,old_style_magnitude_minmax_pca,3,60,30,0.7343774232700633,135746.28299212095,120543.36884090335,0.8802138144447712
2025.07.09_0.3_1,no_noise,kfold,total_power_only,1,43,22,0.5300698653898333,228328.39999245826,165306.89039942686,0.7541090821094406
2025.07.09_0.3_1,no_noise,kfold,full_spectrogram_pca,1,43,22,0.4659832548002103,243400.0837906126,218703.06835974354,0.7476461580392162
2025.07.09_0.3_1,no_noise,kfold,old_style_magnitude_minmax_pca,1,43,22,0.5943537822912281,212137.28247263536,174566.1619631228,0.8430428442542188
2025.07.09_0.3_1,no_noise,kfold,total_power_only,2,43,22,0.3843387548584347,195774.7926069717,126541.6686715893,0.7174018165240108
2025.07.09_0.3_1,no_noise,kfold,full_spectrogram_pca,2,43,22,-0.1741476751792499,270362.98061451974,236995.99557162262,0.521849162447733
2025.07.09_0.3_1,no_noise,kfold,old_style_magnitude_minmax_pca,2,43,22,0.571810200222908,163269.10915769907,134367.55736646036,0.7887793129173203
2025.07.09_0.3_1,no_noise,kfold,total_power_only,3,44,21,0.41479639346632846,199926.23620099167,146386.36859948994,0.733045216472009
2025.07.09_0.3_1,no_noise,kfold,full_spectrogram_pca,3,44,21,0.4685672221031686,190519.9512957359,148116.4540828279,0.6890931461403157
2025.07.09_0.3_1,no_noise,kfold,old_style_magnitude_minmax_pca,3,44,21,0.3593194490958236,209188.14233641757,149279.20628907246,0.6080874483100628
2025.07.09_0.3_1,no_noise,group_kfold,total_power_only,1,40,25,0.050832294838581205,274943.7550814533,210243.39470909123,0.5406964480751276
2025.07.09_0.3_1,no_noise,group_kfold,full_spectrogram_pca,1,40,25,-0.31204807397178436,323256.4931966815,271707.20992548973,-0.010774655914841036
2025.07.09_0.3_1,no_noise,group_kfold,old_style_magnitude_minmax_pca,1,40,25,-0.09557882609582702,295388.91819961055,229646.38725714196,0.4241203707669747
2025.07.09_0.3_1,no_noise,group_kfold,total_power_only,2,45,20,0.45491667032760785,190293.12434358106,145729.88876243395,0.8862520264156419
2025.07.09_0.3_1,no_noise,group_kfold,full_spectrogram_pca,2,45,20,0.08660301123857506,246332.34111170692,194428.93466087143,0.8050619375026745
2025.07.09_0.3_1,no_noise,group_kfold,old_style_magnitude_minmax_pca,2,45,20,0.16648785789438603,235313.91638753598,198614.28448134335,0.789775337001643
2025.07.09_0.3_1,no_noise,group_kfold,total_power_only,3,45,20,0.26290849779472103,233536.359945636,181840.35023212916,0.6599663343178248
2025.07.09_0.3_1,no_noise,group_kfold,full_spectrogram_pca,3,45,20,0.7077118564875647,147061.63971174243,116356.6752022913,0.8538550588940633
2025.07.09_0.3_1,no_noise,group_kfold,old_style_magnitude_minmax_pca,3,45,20,0.5989391969754854,172265.73999987438,139496.32508711106,0.7915293273483569
2025.07.09_0.3_1,reference_SNR=0,kfold,total_power_only,1,43,22,0.45160570491648866,246654.90129544595,184207.335663132,0.6924610022916962
2025.07.09_0.3_1,reference_SNR=0,kfold,full_spectrogram_pca,1,43,22,0.5341891754521553,227325.4575671384,188902.33270945537,0.7909982133707848
2025.07.09_0.3_1,reference_SNR=0,kfold,old_style_magnitude_minmax_pca,1,43,22,0.5609066150706268,220709.8587733204,169606.90955995844,0.832952290911098
2025.07.09_0.3_1,reference_SNR=0,kfold,total_power_only,2,43,22,0.4550796341854052,184184.20512276617,119024.16285626442,0.7160103739635449
2025.07.09_0.3_1,reference_SNR=0,kfold,full_spectrogram_pca,2,43,22,0.09048874863584977,237952.29750355883,197655.3656000317,0.5920129483832206
2025.07.09_0.3_1,reference_SNR=0,kfold,old_style_magnitude_minmax_pca,2,43,22,0.331856597421628,203948.58974405582,171557.67088231907,0.6957423762709721
2025.07.09_0.3_1,reference_SNR=0,kfold,total_power_only,3,44,21,0.12268772317966292,244789.84451597978,177191.3343067515,0.612494645210393
2025.07.09_0.3_1,reference_SNR=0,kfold,full_spectrogram_pca,3,44,21,0.40561539372226374,201488.40999160457,160050.9554819032,0.6407729904729468
2025.07.09_0.3_1,reference_SNR=0,kfold,old_style_magnitude_minmax_pca,3,44,21,0.5637330575692157,172620.53017788226,136320.8820268404,0.760184046507195
2025.07.09_0.3_1,reference_SNR=0,group_kfold,total_power_only,1,40,25,0.010673832535120775,280699.81817763107,204773.7146610405,0.47883052219641603
2025.07.09_0.3_1,reference_SNR=0,group_kfold,full_spectrogram_pca,1,40,25,-0.2894808791584069,320464.43339050247,266119.82117548975,0.13364534829989355
2025.07.09_0.3_1,reference_SNR=0,group_kfold,old_style_magnitude_minmax_pca,1,40,25,-0.13104222637072338,300131.6479240313,220024.5745336486,0.6377792314871122
2025.07.09_0.3_1,reference_SNR=0,group_kfold,total_power_only,2,45,20,0.2690186331525648,220366.10723806344,178415.98060329087,0.8896002672887096
2025.07.09_0.3_1,reference_SNR=0,group_kfold,full_spectrogram_pca,2,45,20,0.16081309324903192,236113.5963663791,196004.53689727274,0.8598352565878044
2025.07.09_0.3_1,reference_SNR=0,group_kfold,old_style_magnitude_minmax_pca,2,45,20,0.3593783796839368,206296.77670754644,162541.11221571834,0.8254267953387231
2025.07.09_0.3_1,reference_SNR=0,group_kfold,total_power_only,3,45,20,0.5035160979571998,191666.57855566457,154818.78601638274,0.7381296031029531
2025.07.09_0.3_1,reference_SNR=0,group_kfold,full_spectrogram_pca,3,45,20,0.6716192664728027,155877.2153822071,130330.76089067454,0.8269718351784432
2025.07.09_0.3_1,reference_SNR=0,group_kfold,old_style_magnitude_minmax_pca,3,45,20,0.6397188846633481,163273.06812831515,120465.92067196322,0.8000603913325287
2025.07.09_0.3_1,reference_SNR=-4,kfold,total_power_only,1,43,22,0.5187422746122061,231063.9231091693,178851.50292165476,0.7453764480241207
2025.07.09_0.3_1,reference_SNR=-4,kfold,full_spectrogram_pca,1,43,22,0.4582275608628812,245161.20069097506,202838.33224198417,0.6990805465164989
2025.07.09_0.3_1,reference_SNR=-4,kfold,old_style_magnitude_minmax_pca,1,43,22,0.6035948532412518,209707.00025869123,162295.90387814026,0.8473041660733857
2025.07.09_0.3_1,reference_SNR=-4,kfold,total_power_only,2,43,22,0.5400230060191491,169220.86853994013,116362.3750264483,0.7563603419478488
2025.07.09_0.3_1,reference_SNR=-4,kfold,full_spectrogram_pca,2,43,22,0.03350232699858213,245293.63031588108,197382.56864240058,0.6959547000135214
2025.07.09_0.3_1,reference_SNR=-4,kfold,old_style_magnitude_minmax_pca,2,43,22,0.21977961913212707,220391.33203997795,171483.5800439108,0.6542649109785013
2025.07.09_0.3_1,reference_SNR=-4,kfold,total_power_only,3,44,21,0.11902870382915953,245299.78768348816,169091.60314016227,0.5984241438051876
2025.07.09_0.3_1,reference_SNR=-4,kfold,full_spectrogram_pca,3,44,21,0.42763427630503903,197721.13830570786,156904.31134231662,0.6647305264727529
2025.07.09_0.3_1,reference_SNR=-4,kfold,old_style_magnitude_minmax_pca,3,44,21,0.4523138829610799,193411.44040219233,159866.22673847148,0.6793681570775792
2025.07.09_0.3_1,reference_SNR=-4,group_kfold,total_power_only,1,40,25,0.07815254480607992,270957.9599131822,204161.45591104048,0.5226008839548293
2025.07.09_0.3_1,reference_SNR=-4,group_kfold,full_spectrogram_pca,1,40,25,-0.2510055136691307,315647.23918213375,255653.73626952982,0.17844013195476693
2025.07.09_0.3_1,reference_SNR=-4,group_kfold,old_style_magnitude_minmax_pca,1,40,25,0.044849102871901136,275808.9641314657,211473.05939452985,0.5739058106137503
2025.07.09_0.3_1,reference_SNR=-4,group_kfold,total_power_only,2,45,20,0.3802188811298379,202913.44181664067,163205.26204860336,0.9022694894657473
2025.07.09_0.3_1,reference_SNR=-4,group_kfold,full_spectrogram_pca,2,45,20,0.018390153304024714,255364.83920756882,215059.27010039776,0.846873613513177
2025.07.09_0.3_1,reference_SNR=-4,group_kfold,old_style_magnitude_minmax_pca,2,45,20,0.38131849088649805,202733.35835789872,165008.2854759507,0.8641058008726367
2025.07.09_0.3_1,reference_SNR=-4,group_kfold,total_power_only,3,45,20,0.5833038819452547,175591.51739153074,142108.25348689928,0.7733338627101282
2025.07.09_0.3_1,reference_SNR=-4,group_kfold,full_spectrogram_pca,3,45,20,0.5286948828258995,186743.23680051198,157680.418494338,0.7665798555535833
2025.07.09_0.3_1,reference_SNR=-4,group_kfold,old_style_magnitude_minmax_pca,3,45,20,0.7601007864428618,133231.8985702648,103652.79579780782,0.8787696795316609
2025.07.09_0.3_1,reference_SNR=-8,kfold,total_power_only,1,43,22,0.47589976141621193,241129.56594637403,181647.76326874504,0.7224318906253172
2025.07.09_0.3_1,reference_SNR=-8,kfold,full_spectrogram_pca,1,43,22,0.5589832096343489,221192.7294861481,191292.2629958525,0.8744066790826135
2025.07.09_0.3_1,reference_SNR=-8,kfold,old_style_magnitude_minmax_pca,1,43,22,0.6774256285405464,189172.5924562756,159251.47695170034,0.9166011686966128
2025.07.09_0.3_1,reference_SNR=-8,kfold,total_power_only,2,43,22,0.2914909151346815,210018.99507803627,134558.45085550426,0.686287198247806
2025.07.09_0.3_1,reference_SNR=-8,kfold,full_spectrogram_pca,2,43,22,0.1679344048149466,227596.0114144775,191248.33158764392,0.7124127583412085
2025.07.09_0.3_1,reference_SNR=-8,kfold,old_style_magnitude_minmax_pca,2,43,22,0.24325111848909708,217050.98361076135,168032.361261102,0.6356917506743122
2025.07.09_0.3_1,reference_SNR=-8,kfold,total_power_only,3,44,21,-0.0006697235529360412,261433.76238233,186258.98774655498,0.5241472230884752
2025.07.09_0.3_1,reference_SNR=-8,kfold,full_spectrogram_pca,3,44,21,0.5217288156161372,180739.63499860466,147829.43655990003,0.7331624908036427
2025.07.09_0.3_1,reference_SNR=-8,kfold,old_style_magnitude_minmax_pca,3,44,21,0.403276946660467,201884.37201829822,162270.6404264936,0.636369808466173
2025.07.09_0.3_1,reference_SNR=-8,group_kfold,total_power_only,1,40,25,-0.0009197362170176859,282339.7394521369,212144.16502159124,0.5123037515590101
2025.07.09_0.3_1,reference_SNR=-8,group_kfold,full_spectrogram_pca,1,40,25,-0.2720356271164963,318289.2865921326,263245.7102839791,0.051188219389636844
2025.07.09_0.3_1,reference_SNR=-8,group_kfold,old_style_magnitude_minmax_pca,1,40,25,-0.06284909445537323,290943.18354251713,219085.56939452983,0.5986534059031944
2025.07.09_0.3_1,reference_SNR=-8,group_kfold,total_power_only,2,45,20,0.05937900513641681,249976.38347294394,195101.74531329487,0.8020303719381688
2025.07.09_0.3_1,reference_SNR=-8,group_kfold,full_spectrogram_pca,2,45,20,0.15664317588119603,236699.49333469733,197208.2858665757,0.8229488467263172
2025.07.09_0.3_1,reference_SNR=-8,group_kfold,old_style_magnitude_minmax_pca,2,45,20,0.3565962522178965,206744.25000608104,186004.078017986,0.8532536740520249
2025.07.09_0.3_1,reference_SNR=-8,group_kfold,total_power_only,3,45,20,0.4109991045470873,208762.1601706849,168106.10290415198,0.7145580187890858
2025.07.09_0.3_1,reference_SNR=-8,group_kfold,full_spectrogram_pca,3,45,20,0.605083177108667,170941.15017765542,144681.6182216553,0.8331491559447088
2025.07.09_0.3_1,reference_SNR=-8,group_kfold,old_style_magnitude_minmax_pca,3,45,20,0.6860568606378541,152412.0494432354,113391.74098446325,0.831990354975045
2025.07.09_0.3_1,reference_SNR=-12,kfold,total_power_only,1,43,22,0.47601236294458893,241103.6615351756,183078.79695574564,0.7074130037466766
2025.07.09_0.3_1,reference_SNR=-12,kfold,full_spectrogram_pca,1,43,22,0.40340837987671796,257265.68367102675,222900.91959818406,0.766121731975514
2025.07.09_0.3_1,reference_SNR=-12,kfold,old_style_magnitude_minmax_pca,1,43,22,0.44240621435789906,248715.15450150365,207895.71163301912,0.8580030322438769
2025.07.09_0.3_1,reference_SNR=-12,kfold,total_power_only,2,43,22,0.06284341137998084,241541.60390424327,162339.11128043197,0.6339160992539781
2025.07.09_0.3_1,reference_SNR=-12,kfold,full_spectrogram_pca,2,43,22,0.12906925047656592,232850.76898936825,202815.92407834178,0.7361674030632296
2025.07.09_0.3_1,reference_SNR=-12,kfold,old_style_magnitude_minmax_pca,2,43,22,0.06951566723413527,240680.21839740526,201947.1527715236,0.6657885047352229
2025.07.09_0.3_1,reference_SNR=-12,kfold,total_power_only,3,44,21,0.30237910034704707,218286.07633239176,152640.80273631515,0.6271531784385698
2025.07.09_0.3_1,reference_SNR=-12,kfold,full_spectrogram_pca,3,44,21,0.42915944380921367,197457.53149025078,165309.96152085005,0.6606961341099228
2025.07.09_0.3_1,reference_SNR=-12,kfold,old_style_magnitude_minmax_pca,3,44,21,0.28067053981460355,221656.37002504792,190367.44171456818,0.5339226884017366
2025.07.09_0.3_1,reference_SNR=-12,group_kfold,total_power_only,1,40,25,0.06195475127292116,273328.0967298092,201595.9580985405,0.50435543884608
2025.07.09_0.3_1,reference_SNR=-12,group_kfold,full_spectrogram_pca,1,40,25,-0.3427159743295938,327012.58077587903,282218.4968945298,-0.06996299068482244
2025.07.09_0.3_1,reference_SNR=-12,group_kfold,old_style_magnitude_minmax_pca,1,40,25,-0.08940350603609004,294555.24982701044,246542.3421569177,0.4185249893801968
2025.07.09_0.3_1,reference_SNR=-12,group_kfold,total_power_only,2,45,20,-0.05261285776438607,264439.289684008,205037.19365313865,0.7789459512126319
2025.07.09_0.3_1,reference_SNR=-12,group_kfold,full_spectrogram_pca,2,45,20,0.30743183498256266,214497.8329525273,191090.1755511029,0.8958192306392504
2025.07.09_0.3_1,reference_SNR=-12,group_kfold,old_style_magnitude_minmax_pca,2,45,20,0.22941058381274926,226257.59500470923,194905.45284071835,0.8354484040972289
2025.07.09_0.3_1,reference_SNR=-12,group_kfold,total_power_only,3,45,20,0.45799636581307257,200260.31908991525,159847.68747446447,0.7155644001199266
2025.07.09_0.3_1,reference_SNR=-12,group_kfold,full_spectrogram_pca,3,45,20,0.6167535921717151,168396.41866898944,146367.56479692453,0.8607117389264415
2025.07.09_0.3_1,reference_SNR=-12,group_kfold,old_style_magnitude_minmax_pca,3,45,20,0.6392379045912744,163382.01763496752,138309.1769465797,0.860795525126503
2025.07.09_0.3_1,reference_SNR=-16,kfold,total_power_only,1,43,22,0.4656947282959383,243465.82881886873,180759.74559303035,0.6957493157964216
2025.07.09_0.3_1,reference_SNR=-16,kfold,full_spectrogram_pca,1,43,22,0.36431361171593746,265561.2729555536,226588.68456453373,0.7638965026711636
2025.07.09_0.3_1,reference_SNR=-16,kfold,old_style_magnitude_minmax_pca,1,43,22,0.5417029578593182,225484.5619771677,194002.85023866742,0.8099815441987215
2025.07.09_0.3_1,reference_SNR=-16,kfold,total_power_only,2,43,22,0.15707150286673632,229076.86584679637,157506.0741928945,0.6230004483638782
2025.07.09_0.3_1,reference_SNR=-16,kfold,full_spectrogram_pca,2,43,22,0.40191526333352223,192959.97047527396,169959.1818931843,0.8237111660756216
2025.07.09_0.3_1,reference_SNR=-16,kfold,old_style_magnitude_minmax_pca,2,43,22,-0.11940332714033741,263984.9457564689,224750.87018370026,0.5781748797179687
2025.07.09_0.3_1,reference_SNR=-16,kfold,total_power_only,3,44,21,0.30063627510983437,218558.57187762082,167699.75586131518,0.6941105422101581
2025.07.09_0.3_1,reference_SNR=-16,kfold,full_spectrogram_pca,3,44,21,0.5146674410168588,182068.99994357943,150478.502728927,0.7492877007970563
2025.07.09_0.3_1,reference_SNR=-16,kfold,old_style_magnitude_minmax_pca,3,44,21,0.25950964495204587,224893.03020785566,193717.03174433007,0.5439812464184635
2025.07.09_0.3_1,reference_SNR=-16,group_kfold,total_power_only,1,40,25,0.035789526141139394,277113.8968716365,206095.57814659123,0.5009029658798932
2025.07.09_0.3_1,reference_SNR=-16,group_kfold,full_spectrogram_pca,1,40,25,-0.2735710055992022,318481.320185308,277080.4777839791,-0.006131175109158852
2025.07.09_0.3_1,reference_SNR=-16,group_kfold,old_style_magnitude_minmax_pca,1,40,25,-0.07318065919754324,292353.8395022254,248198.84055048975,0.2970507353151857
2025.07.09_0.3_1,reference_SNR=-16,group_kfold,total_power_only,2,45,20,0.1500479805985453,237623.20630856563,188827.94704517032,0.819655575711756
2025.07.09_0.3_1,reference_SNR=-16,group_kfold,full_spectrogram_pca,2,45,20,0.16390594352214038,235678.09261223784,207974.03551204043,0.8904917408083511
2025.07.09_0.3_1,reference_SNR=-16,group_kfold,old_style_magnitude_minmax_pca,2,45,20,-0.017055940664782776,259934.5847792609,225235.35287680803,0.8034541428371583
2025.07.09_0.3_1,reference_SNR=-16,group_kfold,total_power_only,3,45,20,0.41252609534260853,208491.37554498945,166358.3678876243,0.6900669115936628
2025.07.09_0.3_1,reference_SNR=-16,group_kfold,full_spectrogram_pca,3,45,20,0.5225866329101589,187949.4641567861,163313.36948442453,0.7476290944974022
2025.07.09_0.3_1,reference_SNR=-16,group_kfold,old_style_magnitude_minmax_pca,3,45,20,0.65974016212506,158671.58131642197,137349.69292192455,0.8203939775088375
2025.07.09_0.3_1,reference_SNR=-20,kfold,total_power_only,1,43,22,0.7135051927525139,178279.6049436077,131730.29824743822,0.8538362512540698
2025.07.09_0.3_1,reference_SNR=-20,kfold,full_spectrogram_pca,1,43,22,0.3710918024285984,264141.6664774481,234352.01197930647,0.8066566655249333
2025.07.09_0.3_1,reference_SNR=-20,kfold,old_style_magnitude_minmax_pca,1,43,22,0.4717431297385284,242083.87514112063,212848.94343959258,0.7663505997885052
2025.07.09_0.3_1,reference_SNR=-20,kfold,total_power_only,2,43,22,0.4569397935283033,183869.5675356286,113104.7666323908,0.7340555575096346
2025.07.09_0.3_1,reference_SNR=-20,kfold,full_spectrogram_pca,2,43,22,0.1417550562042511,231148.71910799204,205069.3285527736,0.7689609748953085
2025.07.09_0.3_1,reference_SNR=-20,kfold,old_style_magnitude_minmax_pca,2,43,22,0.03128773316055056,245574.49748813032,204770.2626955985,0.6731586185694011
2025.07.09_0.3_1,reference_SNR=-20,kfold,total_power_only,3,44,21,-0.09757894932918898,273800.4626226055,191714.8045526656,0.5768436638627701
2025.07.09_0.3_1,reference_SNR=-20,kfold,full_spectrogram_pca,3,44,21,0.3648749925701038,208279.19937666366,173247.51612178417,0.6077108905833954
2025.07.09_0.3_1,reference_SNR=-20,kfold,old_style_magnitude_minmax_pca,3,44,21,0.1318177498925407,243512.77192786604,210313.66418480634,0.389731590945829
2025.07.09_0.3_1,reference_SNR=-20,group_kfold,total_power_only,1,40,25,0.08983756217972183,269235.198843883,197622.89871144266,0.5812714101577989
2025.07.09_0.3_1,reference_SNR=-20,group_kfold,full_spectrogram_pca,1,40,25,-0.47851226480094655,343150.668244506,292923.83278397913,-0.24944991389089374
2025.07.09_0.3_1,reference_SNR=-20,group_kfold,old_style_magnitude_minmax_pca,1,40,25,-0.4021975595713454,334177.3314479002,286014.3749234284,-0.18688427824367498
2025.07.09_0.3_1,reference_SNR=-20,group_kfold,total_power_only,2,45,20,-0.16139414190926837,277767.52053691767,216748.61287383526,0.8281727489810072
2025.07.09_0.3_1,reference_SNR=-20,group_kfold,full_spectrogram_pca,2,45,20,0.19352568321409358,231465.84577565923,203961.69737196836,0.8251422215481976
2025.07.09_0.3_1,reference_SNR=-20,group_kfold,old_style_magnitude_minmax_pca,2,45,20,0.06624836016231983,249061.92208465643,216238.18330946835,0.8013775172549409
2025.07.09_0.3_1,reference_SNR=-20,group_kfold,total_power_only,3,45,20,0.2780025835569926,231132.82439459514,177736.8241106437,0.7336445257894574
2025.07.09_0.3_1,reference_SNR=-20,group_kfold,full_spectrogram_pca,3,45,20,0.4459585450932305,202471.98241438475,181262.84292192454,0.7445471188954004
2025.07.09_0.3_1,reference_SNR=-20,group_kfold,old_style_magnitude_minmax_pca,3,45,20,0.43189269223739624,205026.02532274456,173837.6134380605,0.7466061335591746
2025.06.11_0.3_2,no_noise,kfold,total_power_only,1,60,30,0.9434835775344768,60768.91887612401,36713.933123505194,0.9729527236924567
2025.06.11_0.3_2,no_noise,kfold,full_spectrogram_pca,1,60,30,0.8791661765447224,88856.34343718928,76307.80853558854,0.9649849789305578
2025.06.11_0.3_2,no_noise,kfold,old_style_magnitude_minmax_pca,1,60,30,0.8932116154664753,83532.63608709845,68297.32637246353,0.9545249956813349
2025.06.11_0.3_2,no_noise,kfold,total_power_only,2,60,30,0.8700604301734043,98632.81175860213,66540.72768603134,0.93561965273201
2025.06.11_0.3_2,no_noise,kfold,full_spectrogram_pca,2,60,30,0.8410698728030013,109082.18209134557,90612.43013314843,0.9543431095869407
2025.06.11_0.3_2,no_noise,kfold,old_style_magnitude_minmax_pca,2,60,30,0.738643705181257,139883.72342999655,122067.14636314844,0.888622490579427
2025.06.11_0.3_2,no_noise,kfold,total_power_only,3,60,30,0.9718499226944919,44079.9399626091,24784.449820643218,0.986969757977371
2025.06.11_0.3_2,no_noise,kfold,full_spectrogram_pca,3,60,30,0.8612775633033959,97853.09189631026,73886.32384242187,0.9538374371516164
2025.06.11_0.3_2,no_noise,kfold,old_style_magnitude_minmax_pca,3,60,30,0.6696485227840645,151004.30366642866,110331.59585929687,0.8209206089775181
2025.06.11_0.3_2,no_noise,group_kfold,total_power_only,1,60,30,0.8967198789066146,81023.02793862464,52230.659351625014,0.9596873247441265
2025.06.11_0.3_2,no_noise,group_kfold,full_spectrogram_pca,1,60,30,0.7899576989364498,115545.61907567216,96570.53168395834,0.9457787494856102
2025.06.11_0.3_2,no_noise,group_kfold,old_style_magnitude_minmax_pca,1,60,30,0.6487703149699637,149415.5188318292,107908.13593333334,0.8143339976430946
2025.06.11_0.3_2,no_noise,group_kfold,total_power_only,2,60,30,0.8970447746994211,88735.51659932778,68651.85359764704,0.9690732269048051
2025.06.11_0.3_2,no_noise,group_kfold,full_spectrogram_pca,2,60,30,0.7709332020428447,132359.26836445538,114505.11568489582,0.9555509534921608
2025.06.11_0.3_2,no_noise,group_kfold,old_style_magnitude_minmax_pca,2,60,30,0.7091894982336866,149134.57064402345,117645.735176875,0.8803709551142356
2025.06.11_0.3_2,no_noise,group_kfold,total_power_only,3,60,30,0.7858633149904344,120003.040374631,86037.16393115885,0.9048086716714488
2025.06.11_0.3_2,no_noise,group_kfold,full_spectrogram_pca,3,60,30,0.7540092543303103,128619.28656528764,107922.02714511719,0.9031562294616822
2025.06.11_0.3_2,no_noise,group_kfold,old_style_magnitude_minmax_pca,3,60,30,0.674014919049452,148062.66910454282,125815.33143657554,0.8955962870189331
2025.06.11_0.3_2,reference_SNR=0,kfold,total_power_only,1,60,30,0.9399513224345373,62639.156708608716,40104.64270735937,0.9707192664907157
2025.06.11_0.3_2,reference_SNR=0,kfold,full_spectrogram_pca,1,60,30,0.8637155550536455,94366.3861032315,80208.15788454686,0.9595570459024855
2025.06.11_0.3_2,reference_SNR=0,kfold,old_style_magnitude_minmax_pca,1,60,30,0.8023592037607601,113640.32733164822,92522.59602058855,0.9372261600725219
2025.06.11_0.3_2,reference_SNR=0,kfold,total_power_only,2,60,30,0.8629490523386901,101295.86630735794,65462.65051592719,0.9323554313934855
2025.06.11_0.3_2,reference_SNR=0,kfold,full_spectrogram_pca,2,60,30,0.8456636774692027,107494.13652225705,86939.8890035651,0.9556936288051667
2025.06.11_0.3_2,reference_SNR=0,kfold,old_style_magnitude_minmax_pca,2,60,30,0.8231415501094443,115070.39626419941,89108.69095939843,0.9267232472655369
2025.06.11_0.3_2,reference_SNR=0,kfold,total_power_only,3,60,30,0.9720974621591808,43885.70215520884,24538.348453455717,0.9873983807843115
2025.06.11_0.3_2,reference_SNR=0,kfold,full_spectrogram_pca,3,60,30,0.8890265899940101,87520.67612347587,65923.46941533854,0.9681465149872197
2025.06.11_0.3_2,reference_SNR=0,kfold,old_style_magnitude_minmax_pca,3,60,30,0.7520566949527315,130820.97795970431,109200.47137763021,0.8676004284024957
2025.06.11_0.3_2,reference_SNR=0,group_kfold,total_power_only,1,60,30,0.8908823142906817,83281.33403887184,58794.26551645834,0.9522240050288735
2025.06.11_0.3_2,reference_SNR=0,group_kfold,full_spectrogram_pca,1,60,30,0.7836374762759826,117271.13254372057,95573.12738708334,0.9490662268157952
2025.06.11_0.3_2,reference_SNR=0,group_kfold,old_style_magnitude_minmax_pca,1,60,30,0.7928260024620111,114753.97103378177,93132.35338666667,0.8985206584529181
2025.06.11_0.3_2,reference_SNR=0,group_kfold,total_power_only,2,60,30,0.903841970011817,85756.30574478144,64756.50696676163,0.9711424638591813
2025.06.11_0.3_2,reference_SNR=0,group_kfold,full_spectrogram_pca,2,60,30,0.8244641208666922,115866.05881752438,93196.3730090625,0.9651882977134332
2025.06.11_0.3_2,reference_SNR=0,group_kfold,old_style_magnitude_minmax_pca,2,60,30,0.7226707527748537,145636.79796146185,117829.36714138021,0.8870042007189689
2025.06.11_0.3_2,reference_SNR=0,group_kfold,total_power_only,3,60,30,0.7816778581225745,121170.13827287957,87136.56015511719,0.9016777803993975
2025.06.11_0.3_2,reference_SNR=0,group_kfold,full_spectrogram_pca,3,60,30,0.7771822171264149,122411.33548867909,102251.5486722005,0.9154556111130182
2025.06.11_0.3_2,reference_SNR=0,group_kfold,old_style_magnitude_minmax_pca,3,60,30,0.7763313426891076,122644.8389112361,90778.73085990884,0.9177920412127942
2025.06.11_0.3_2,reference_SNR=-4,kfold,total_power_only,1,60,30,0.9407940137903832,62198.08140232287,39434.768363791656,0.970894046761003
2025.06.11_0.3_2,reference_SNR=-4,kfold,full_spectrogram_pca,1,60,30,0.8593042220261412,95881.47605310091,79157.85308767187,0.9511795126556419
2025.06.11_0.3_2,reference_SNR=-4,kfold,old_style_magnitude_minmax_pca,1,60,30,0.9022344654761629,79925.81401703869,69606.3973650677,0.957122048577785
2025.06.11_0.3_2,reference_SNR=-4,kfold,total_power_only,2,60,30,0.8943373607063985,88942.92932710248,54117.044465803636,0.9461029833912713
2025.06.11_0.3_2,reference_SNR=-4,kfold,full_spectrogram_pca,2,60,30,0.8050920050065224,120799.60898283107,98310.41927439843,0.9493533146053719
2025.06.11_0.3_2,reference_SNR=-4,kfold,old_style_magnitude_minmax_pca,2,60,30,0.7910489402436444,125075.7139596601,97693.82983314844,0.929194105111464
2025.06.11_0.3_2,reference_SNR=-4,kfold,total_power_only,3,60,30,0.9281096258246659,70442.79354534602,40107.32841405338,0.9688740292470245
2025.06.11_0.3_2,reference_SNR=-4,kfold,full_spectrogram_pca,3,60,30,0.8659504252661927,96190.8846053071,70667.20168450521,0.9490768186662792
2025.06.11_0.3_2,reference_SNR=-4,kfold,old_style_magnitude_minmax_pca,3,60,30,0.8101494486485581,114474.07153232578,98556.01248825522,0.900366631323087
2025.06.11_0.3_2,reference_SNR=-4,group_kfold,total_power_only,1,60,30,0.8920098856233426,82849.92138529729,58024.72632375001,0.9530210143523221
2025.06.11_0.3_2,reference_SNR=-4,group_kfold,full_spectrogram_pca,1,60,30,0.8527304779690962,96751.239761612,78910.25238708334,0.9575795923738766
2025.06.11_0.3_2,reference_SNR=-4,group_kfold,old_style_magnitude_minmax_pca,1,60,30,0.8146614674408309,108538.28626973549,93296.35427812501,0.9113507821107046
2025.06.11_0.3_2,reference_SNR=-4,group_kfold,total_power_only,2,60,30,0.8829754265384406,94604.50523829774,74210.94433655331,0.9689837421217281
2025.06.11_0.3_2,reference_SNR=-4,group_kfold,full_spectrogram_pca,2,60,30,0.8477713724117577,107900.00166184179,86863.78308395833,0.9707245248024007
2025.06.11_0.3_2,reference_SNR=-4,group_kfold,old_style_magnitude_minmax_pca,2,60,30,0.6583866751031756,161636.9647304625,126988.70131208333,0.8869641439974554
2025.06.11_0.3_2,reference_SNR=-4,group_kfold,total_power_only,3,60,30,0.7737047008856682,123362.87380913648,91982.33020720052,0.902325671113437
2025.06.11_0.3_2,reference_SNR=-4,group_kfold,full_spectrogram_pca,3,60,30,0.8145176508367138,111685.81189119756,93550.46081324219,0.9258752742176656
2025.06.11_0.3_2,reference_SNR=-4,group_kfold,old_style_magnitude_minmax_pca,3,60,30,0.7938662536251041,117739.24863673026,88473.65977365886,0.9235897567695871
2025.06.11_0.3_2,reference_SNR=-8,kfold,total_power_only,1,60,30,0.9401878088033131,62515.690874641106,40825.062280338534,0.9703397362668359
2025.06.11_0.3_2,reference_SNR=-8,kfold,full_spectrogram_pca,1,60,30,0.8629331084751934,94636.89012130334,76803.2220878802,0.9517789604247565
2025.06.11_0.3_2,reference_SNR=-8,kfold,old_style_magnitude_minmax_pca,1,60,30,0.8691774934645612,92456.06625862286,75207.79190038021,0.9474173895255237
2025.06.11_0.3_2,reference_SNR=-8,kfold,total_power_only,2,60,30,0.9055206408105921,84104.48794510079,50916.7984329207,0.9517875853647868
2025.06.11_0.3_2,reference_SNR=-8,kfold,full_spectrogram_pca,2,60,30,0.8502949383035856,105869.03240197325,88662.19804502344,0.9577447533518556
2025.06.11_0.3_2,reference_SNR=-8,kfold,old_style_magnitude_minmax_pca,2,60,30,0.8350090377194708,111142.65812054889,96726.87931231511,0.9372779189358762
2025.06.11_0.3_2,reference_SNR=-8,kfold,total_power_only,3,60,30,0.9179810480606139,75241.64919584643,45891.355432282544,0.9678977331688535
2025.06.11_0.3_2,reference_SNR=-8,kfold,full_spectrogram_pca,3,60,30,0.8559062444144994,99729.53148098702,76732.31680575521,0.9478653604632882
2025.06.11_0.3_2,reference_SNR=-8,kfold,old_style_magnitude_minmax_pca,3,60,30,0.8198886829900108,111499.18664738472,96160.3667313802,0.9066103157328205
2025.06.11_0.3_2,reference_SNR=-8,group_kfold,total_power_only,1,60,30,0.8838113884357981,85937.33488411411,61054.424106947925,0.950947006881976
2025.06.11_0.3_2,reference_SNR=-8,group_kfold,full_spectrogram_pca,1,60,30,0.8489640260834266,97980.64639956574,77328.01501447917,0.948093194354957
2025.06.11_0.3_2,reference_SNR=-8,group_kfold,old_style_magnitude_minmax_pca,1,60,30,0.8390988318962638,101129.9281246494,90450.39500770834,0.9436092311574568
2025.06.11_0.3_2,reference_SNR=-8,group_kfold,total_power_only,2,60,30,0.9018342351720047,86646.95651251724,67754.98596675781,0.9712477004395572
2025.06.11_0.3_2,reference_SNR=-8,group_kfold,full_spectrogram_pca,2,60,30,0.819942194759435,117348.96442902074,94636.94320760417,0.957723631509101
2025.06.11_0.3_2,reference_SNR=-8,group_kfold,old_style_magnitude_minmax_pca,2,60,30,0.7280000604140209,144230.6926430756,111759.98957697916,0.9328222295477029
2025.06.11_0.3_2,reference_SNR=-8,group_kfold,total_power_only,3,60,30,0.7702673663246448,124296.25894512281,91622.81295990884,0.8894169658793405
2025.06.11_0.3_2,reference_SNR=-8,group_kfold,full_spectrogram_pca,3,60,30,0.7858920996906117,119994.97457397867,97939.58503199219,0.9058836827063689
2025.06.11_0.3_2,reference_SNR=-8,group_kfold,old_style_magnitude_minmax_pca,3,60,30,0.7837650486073904,120589.5454928129,97067.74909699218,0.9298435351160768
2025.06.11_0.3_2,reference_SNR=-12,kfold,total_power_only,1,60,30,0.9010024603080652,80427.83519571679,53341.603995859376,0.9494635976323629
2025.06.11_0.3_2,reference_SNR=-12,kfold,full_spectrogram_pca,1,60,30,0.866535042887349,93385.14644764565,71255.89694731771,0.9516825590738035
2025.06.11_0.3_2,reference_SNR=-12,kfold,old_style_magnitude_minmax_pca,1,60,30,0.8635004809305782,94440.81780647881,79368.63012433854,0.9430166896277526
2025.06.11_0.3_2,reference_SNR=-12,kfold,total_power_only,2,60,30,0.9057731674403263,83992.01452319259,52297.33156181925,0.9518718420195755
2025.06.11_0.3_2,reference_SNR=-12,kfold,full_spectrogram_pca,2,60,30,0.8472127480530933,106953.31780355611,89880.99831085677,0.9484747569931108
2025.06.11_0.3_2,reference_SNR=-12,kfold,old_style_magnitude_minmax_pca,2,60,30,0.8327973350610907,111885.11152280407,94919.32884439843,0.9504425434760928
2025.06.11_0.3_2,reference_SNR=-12,kfold,total_power_only,3,60,30,0.9129979207381087,77493.63170300177,44893.275419235666,0.9672193861168142
2025.06.11_0.3_2,reference_SNR=-12,kfold,full_spectrogram_pca,3,60,30,0.9052746648453368,80860.09992466074,64840.67459804688,0.9547290256979349
2025.06.11_0.3_2,reference_SNR=-12,kfold,old_style_magnitude_minmax_pca,3,60,30,0.8278532062520614,109006.06630665562,89250.99339783854,0.9152260808792045
2025.06.11_0.3_2,reference_SNR=-12,group_kfold,total_power_only,1,60,30,0.8766488522602638,88546.56077655191,62040.844425839576,0.9462081764961028
2025.06.11_0.3_2,reference_SNR=-12,group_kfold,full_spectrogram_pca,1,60,30,0.8403511087642406,100735.6176097587,76790.5299203125,0.9389349662640246
2025.06.11_0.3_2,reference_SNR=-12,group_kfold,old_style_magnitude_minmax_pca,1,60,30,0.8722187033627087,90122.60684942704,72740.97641916668,0.9499465980027278
2025.06.11_0.3_2,reference_SNR=-12,group_kfold,total_power_only,2,60,30,0.9227473605352594,76865.23313103101,56591.23883334961,0.9758139542017512
2025.06.11_0.3_2,reference_SNR=-12,group_kfold,full_spectrogram_pca,2,60,30,0.8506039939118324,106891.40339168794,86989.42130468752,0.9635913433087376
2025.06.11_0.3_2,reference_SNR=-12,group_kfold,old_style_magnitude_minmax_pca,2,60,30,0.7200641522849982,146319.61292072546,113890.44722979167,0.9230027387477567
2025.06.11_0.3_2,reference_SNR=-12,group_kfold,total_power_only,3,60,30,0.758962295066808,127317.8228552055,96135.14890272134,0.8776713540167513
2025.06.11_0.3_2,reference_SNR=-12,group_kfold,full_spectrogram_pca,3,60,30,0.7864623832175232,119835.06271373032,105912.51041053383,0.9075673283720794
2025.06.11_0.3_2,reference_SNR=-12,group_kfold,old_style_magnitude_minmax_pca,3,60,30,0.7844963766132428,120385.44989011939,103613.57811324215,0.911343572482194
2025.06.11_0.3_2,reference_SNR=-16,kfold,total_power_only,1,60,30,0.9110840729067361,76222.6351652303,52759.301073973955,0.9582045732982701
2025.06.11_0.3_2,reference_SNR=-16,kfold,full_spectrogram_pca,1,60,30,0.8748108734247669,90443.52558930682,66233.34131923437,0.9512424164515858
2025.06.11_0.3_2,reference_SNR=-16,kfold,old_style_magnitude_minmax_pca,1,60,30,0.8077278399850627,112086.26076498633,88786.14435360936,0.9158976071224428
2025.06.11_0.3_2,reference_SNR=-16,kfold,total_power_only,2,60,30,0.9163513442293496,79137.10971053959,51219.060929944244,0.9574742046313973
2025.06.11_0.3_2,reference_SNR=-16,kfold,full_spectrogram_pca,2,60,30,0.8628684203941548,101325.65990540253,90251.45294189845,0.9493555064412418
2025.06.11_0.3_2,reference_SNR=-16,kfold,old_style_magnitude_minmax_pca,2,60,30,0.7735318086674134,130212.98877592315,109130.20092439844,0.9348471168074185
2025.06.11_0.3_2,reference_SNR=-16,kfold,total_power_only,3,60,30,0.921419735028289,73647.48876906364,40495.9047035521,0.9692204834896834
2025.06.11_0.3_2,reference_SNR=-16,kfold,full_spectrogram_pca,3,60,30,0.9201718881703318,74229.94297710592,59489.25552471353,0.9650733637657609
2025.06.11_0.3_2,reference_SNR=-16,kfold,old_style_magnitude_minmax_pca,3,60,30,0.8373594748615975,105953.56705815133,87471.06503742187,0.915442712795501
2025.06.11_0.3_2,reference_SNR=-16,group_kfold,total_power_only,1,60,30,0.8552952394041655,95905.05740452596,72774.33959168948,0.9398061620358047
2025.06.11_0.3_2,reference_SNR=-16,group_kfold,full_spectrogram_pca,1,60,30,0.8558329657367085,95726.69881678803,77027.567100625,0.9505082470037561
2025.06.11_0.3_2,reference_SNR=-16,group_kfold,old_style_magnitude_minmax_pca,1,60,30,0.8642938019673359,92875.2384495877,75598.11922625001,0.9479770396417344
2025.06.11_0.3_2,reference_SNR=-16,group_kfold,total_power_only,2,60,30,0.9227692148270775,76854.36001350581,57796.63497165649,0.9736901836572621
2025.06.11_0.3_2,reference_SNR=-16,group_kfold,full_spectrogram_pca,2,60,30,0.8158463385790975,118676.15425768222,98284.02981250001,0.9567109347016002
2025.06.11_0.3_2,reference_SNR=-16,group_kfold,old_style_magnitude_minmax_pca,2,60,30,0.7177979166409845,146910.68819217122,113519.82692145833,0.9316432471839754
2025.06.11_0.3_2,reference_SNR=-16,group_kfold,total_power_only,3,60,30,0.7736524515609413,123377.11461498475,89969.47927115884,0.8892912635247348
2025.06.11_0.3_2,reference_SNR=-16,group_kfold,full_spectrogram_pca,3,60,30,0.8344939329439862,105500.29429087478,90785.63026199216,0.9356095923986975
2025.06.11_0.3_2,reference_SNR=-16,group_kfold,old_style_magnitude_minmax_pca,3,60,30,0.7637933078103355,126035.47738866134,110741.98211449219,0.8944113275341994
2025.06.11_0.3_2,reference_SNR=-20,kfold,total_power_only,1,60,30,0.9237063357891367,70605.48089392675,51881.99882168228,0.9638110680684029
2025.06.11_0.3_2,reference_SNR=-20,kfold,full_spectrogram_pca,1,60,30,0.8712624840415546,91716.34537683758,71290.23419767186,0.9482101300695271
2025.06.11_0.3_2,reference_SNR=-20,kfold,old_style_magnitude_minmax_pca,1,60,30,0.8364805531102384,103366.27913134982,81920.06313215103,0.9285839325206255
2025.06.11_0.3_2,reference_SNR=-20,kfold,total_power_only,2,60,30,0.862837363349957,101337.13318294422,70995.2317366679,0.9292978856756687
2025.06.11_0.3_2,reference_SNR=-20,kfold,full_spectrogram_pca,2,60,30,0.8382545178919608,110044.10457261701,97412.84815523177,0.942709756040756
2025.06.11_0.3_2,reference_SNR=-20,kfold,old_style_magnitude_minmax_pca,2,60,30,0.8074743905665054,120059.06448242094,101818.37299044011,0.9222623079071673
2025.06.11_0.3_2,reference_SNR=-20,kfold,total_power_only,3,60,30,0.9450383016710024,61592.98762192035,35568.41109096626,0.9722201003804228
2025.06.11_0.3_2,reference_SNR=-20,kfold,full_spectrogram_pca,3,60,30,0.9164996326186552,75918.11067486371,59036.359603880206,0.963214678251667
2025.06.11_0.3_2,reference_SNR=-20,kfold,old_style_magnitude_minmax_pca,3,60,30,0.8652326196809155,96448.08112775929,77125.55925804687,0.9320225879688054
2025.06.11_0.3_2,reference_SNR=-20,group_kfold,total_power_only,1,60,30,0.8976149814776999,80671.16089443081,59629.94351924278,0.9561057886255601
2025.06.11_0.3_2,reference_SNR=-20,group_kfold,full_spectrogram_pca,1,60,30,0.8663550159228227,92167.20803702704,72786.30186625001,0.9605906804648361
2025.06.11_0.3_2,reference_SNR=-20,group_kfold,old_style_magnitude_minmax_pca,1,60,30,0.8798088575989661,87405.01096720423,72090.66279229167,0.9474253670920214
2025.06.11_0.3_2,reference_SNR=-20,group_kfold,total_power_only,2,60,30,0.8910989372310953,91261.8659987718,71216.28306770834,0.9714817894517972
2025.06.11_0.3_2,reference_SNR=-20,group_kfold,full_spectrogram_pca,2,60,30,0.8369268320502592,111677.20585004892,89940.95954124999,0.9669170516520188
2025.06.11_0.3_2,reference_SNR=-20,group_kfold,old_style_magnitude_minmax_pca,2,60,30,0.7861274799264234,127894.17911219841,102075.37919552083,0.9503221511390364
2025.06.11_0.3_2,reference_SNR=-20,group_kfold,total_power_only,3,60,30,0.7616138791390293,126615.59351732586,95679.67529980467,0.8869368507562166
2025.06.11_0.3_2,reference_SNR=-20,group_kfold,full_spectrogram_pca,3,60,30,0.8413208002603084,103301.52016639756,91076.69572157551,0.9413632419027034
2025.06.11_0.3_2,reference_SNR=-20,group_kfold,old_style_magnitude_minmax_pca,3,60,30,0.716722956669696,138023.29856554337,119924.50040199218,0.8748318837792072
