experiment_name,noise_level,split_strategy,feature_set,folds,r2_mean,r2_std,rmse_mean,rmse_std,mae_mean,mae_std,prediction_pearson_mean,prediction_pearson_std
2025.06.18_0.3_3,no_noise,group_kfold,full_spectrogram_pca,3,0.8263612801070309,0.045636649534789187,110013.08432328746,10497.840097215274,89893.44259230806,14012.433742075165,0.9565384438134767,0.020660193922308903
2025.06.18_0.3_3,no_noise,group_kfold,old_style_magnitude_minmax_pca,3,0.8747425200101083,0.020231255746229422,94322.43911731204,10042.830113975553,77379.79496207542,12335.000942487008,0.9479354847261084,0.016733397230615406
2025.06.18_0.3_3,no_noise,group_kfold,total_power_only,3,0.8864483868738641,0.05481659335696573,88293.7814652762,22680.0761307438,70967.04356387972,13560.099750525822,0.9484138368648849,0.028076835968834094
2025.06.18_0.3_3,no_noise,kfold,full_spectrogram_pca,3,0.8658791262863588,0.021185557571758665,98101.77547115047,9826.359265576393,77810.35827488445,8343.217605377255,0.9621512658050415,0.00544256173760672
2025.06.18_0.3_3,no_noise,kfold,old_style_magnitude_minmax_pca,3,0.8680250501888569,0.04922917110796602,96489.11589602633,22140.32447942982,71947.93531252333,20354.317647753185,0.9398577883511804,0.01936970289631783
2025.06.18_0.3_3,no_noise,kfold,total_power_only,3,0.9117683688711041,0.05333106898437127,77708.26725035557,26143.32025597601,48541.50261168506,19301.382736190524,0.9571209152674559,0.03012755752847946
2025.06.18_0.3_3,reference_SNR=0,group_kfold,full_spectrogram_pca,3,0.8402209684882077,0.043256654229841436,105700.6203714959,11877.513183373001,85278.50182692613,17718.904489338354,0.9526346083664983,0.026506901645056723
2025.06.18_0.3_3,reference_SNR=0,group_kfold,old_style_magnitude_minmax_pca,3,0.8067989144065177,0.01770556792388326,117276.16634850798,9069.628223617585,97569.37353191224,9058.231082199483,0.9254829737801549,0.026958987749103262
2025.06.18_0.3_3,reference_SNR=0,group_kfold,total_power_only,3,0.8761538315707281,0.04138960705999223,93182.54439743997,17850.020025665595,73476.77908596184,13192.117705944926,0.9416428786476964,0.02120126168835131
2025.06.18_0.3_3,reference_SNR=0,kfold,full_spectrogram_pca,3,0.8718180791544742,0.05869127103911394,94491.62695090637,22699.979468364785,72222.66168457195,14372.96695786312,0.959084102092612,0.021044242550616567
2025.06.18_0.3_3,reference_SNR=0,kfold,old_style_magnitude_minmax_pca,3,0.8106951065304372,0.06002215404477041,115860.52623724921,20134.715259935667,91597.81792632195,18209.57748076552,0.919876178764476,0.014721088628488315
2025.06.18_0.3_3,reference_SNR=0,kfold,total_power_only,3,0.9399782100371251,0.03169140401628111,63921.32747797819,20204.916191306744,41671.20939335075,12174.121139603016,0.9714662200826583,0.015750658925516463
2025.06.18_0.3_3,reference_SNR=-4,group_kfold,full_spectrogram_pca,3,0.7989515312045888,0.004348249463675919,119631.81874939805,5468.268260888423,98865.7851285789,5624.941715622151,0.9368247115564786,0.015554496028785595
2025.06.18_0.3_3,reference_SNR=-4,group_kfold,old_style_magnitude_minmax_pca,3,0.8372680466781822,0.028626786203863667,107360.35705779023,10115.760857560419,90508.17137309279,11889.670627393312,0.9337873288729663,0.023668612918030844
2025.06.18_0.3_3,reference_SNR=-4,group_kfold,total_power_only,3,0.8628663967238815,0.051226230793646535,97847.92144687871,21638.251901647054,78112.8858717684,17428.36500893987,0.9350612124746602,0.028450355982673616
2025.06.18_0.3_3,reference_SNR=-4,kfold,full_spectrogram_pca,3,0.8459554733634708,0.0324244677554184,104941.3389983872,12137.87974942438,82761.70876995391,5854.165970410821,0.9417223404276845,0.014130568453910534
2025.06.18_0.3_3,reference_SNR=-4,kfold,old_style_magnitude_minmax_pca,3,0.8229578313204907,0.07132500882366659,111470.4013323718,25206.44402548197,87825.83293357889,22002.88464082129,0.9194520975839255,0.026679650303738423
2025.06.18_0.3_3,reference_SNR=-4,kfold,total_power_only,3,0.9312472265861688,0.043001672442105725,67716.4592199896,25648.274727679058,44626.875422927966,17397.7644738133,0.9670361043514403,0.02235235983968253
2025.06.18_0.3_3,reference_SNR=-8,group_kfold,full_spectrogram_pca,3,0.8212562354155319,0.05317875745592473,111472.64915255031,13717.292606746989,92840.54326627335,16206.984412294338,0.937475477669688,0.03553564435915779
2025.06.18_0.3_3,reference_SNR=-8,group_kfold,old_style_magnitude_minmax_pca,3,0.8374407095759852,0.04725969934282895,106808.15736450585,15014.374123708125,91166.95687328723,14909.516865180274,0.9325838191702834,0.03354144356041005
2025.06.18_0.3_3,reference_SNR=-8,group_kfold,total_power_only,3,0.8382378954794089,0.06458562392405477,106016.06579843159,21826.206905994175,84702.18640958564,17268.314027678844,0.9201506745920246,0.03605174251712492
2025.06.18_0.3_3,reference_SNR=-8,kfold,full_spectrogram_pca,3,0.8576581823377712,0.005926729869329702,101193.04095701229,4825.882233106113,81731.89325425944,2592.5312070799628,0.9416635795336625,0.007359315449762378
2025.06.18_0.3_3,reference_SNR=-8,kfold,old_style_magnitude_minmax_pca,3,0.8355302435418747,0.03304401969238206,108571.36896069736,14170.904616683325,88461.16402863445,8020.193218247573,0.9266603529780891,0.00912977476612938
2025.06.18_0.3_3,reference_SNR=-8,kfold,total_power_only,3,0.894379849855877,0.042060621458377634,86462.00498322246,19903.21728870742,55512.03409290275,19778.26214804969,0.949458279105766,0.025213336171845274
2025.06.18_0.3_3,reference_SNR=-12,group_kfold,full_spectrogram_pca,3,0.8588565951887794,0.035495068968679405,99444.1693089833,10185.100136118444,81538.21756342612,12468.652239529429,0.9486195746859852,0.02141298347767889
2025.06.18_0.3_3,reference_SNR=-12,group_kfold,old_style_magnitude_minmax_pca,3,0.8180380084180178,0.07842814100599504,112226.52436046123,26471.46097738298,95901.23922941223,25841.272028787018,0.9264866089347432,0.04491141244240907
2025.06.18_0.3_3,reference_SNR=-12,group_kfold,total_power_only,3,0.811986028583432,0.048680216334637434,115231.27504470863,17867.752521405662,91436.68552646432,14873.835228409018,0.909509772256803,0.02888943769779157
2025.06.18_0.3_3,reference_SNR=-12,kfold,full_spectrogram_pca,3,0.8571914958955986,0.021968459255546618,101330.00190980306,11343.003990905785,83739.76788912056,10517.604728695966,0.9343833952527936,0.008641265142798563
2025.06.18_0.3_3,reference_SNR=-12,kfold,old_style_magnitude_minmax_pca,3,0.8335033771274295,0.035856978994119784,109232.59470520228,15530.57757487818,85371.92672898166,13007.3048470962,0.9297914120265139,0.006076785462273357
2025.06.18_0.3_3,reference_SNR=-12,kfold,total_power_only,3,0.8834501315894948,0.04606264179266206,90192.89911128557,20126.06084696978,58883.92489177297,14499.384718290074,0.9456986504356001,0.02356534444767415
2025.06.18_0.3_3,reference_SNR=-16,group_kfold,full_spectrogram_pca,3,0.8520671736249968,0.03777787667507021,101675.88498551096,10089.06609454987,85782.19046655112,10252.248629779651,0.9399494788912176,0.019194327435556848
2025.06.18_0.3_3,reference_SNR=-16,group_kfold,old_style_magnitude_minmax_pca,3,0.8198374146428128,0.07427432084637929,111755.61037161718,22958.09337839814,93408.29859323167,25146.968964844727,0.9231435098701958,0.042265428870671695
2025.06.18_0.3_3,reference_SNR=-16,group_kfold,total_power_only,3,0.8168854004059831,0.08280363604134386,112398.45191950776,27383.41028320373,90299.14096906915,20632.661370550883,0.911824517830833,0.04945137147600845
2025.06.18_0.3_3,reference_SNR=-16,kfold,full_spectrogram_pca,3,0.8517875838848603,0.014304494801461962,103281.19446430953,8486.303527007994,86131.30635405112,10278.778645674623,0.9325960323732875,0.00529517092117781
2025.06.18_0.3_3,reference_SNR=-16,kfold,old_style_magnitude_minmax_pca,3,0.8309690510280338,0.010538447847666828,110302.29189370423,7167.628688211358,89801.34768099555,12801.595528918808,0.9249559463712586,0.007737574535959396
2025.06.18_0.3_3,reference_SNR=-16,kfold,total_power_only,3,0.8776681307647642,0.0459658462582157,92495.4993316164,14611.573630237699,61925.3541104956,7307.232779427454,0.9414876959057924,0.01985713417284127
2025.06.18_0.3_3,reference_SNR=-20,group_kfold,full_spectrogram_pca,3,0.8408705285117627,0.04971080235092885,104954.13733774489,12587.713832369815,90005.01882919,11529.631654760187,0.9365956285073004,0.02694770702299309
2025.06.18_0.3_3,reference_SNR=-20,group_kfold,old_style_magnitude_minmax_pca,3,0.7898509812262335,0.05056077915092938,121801.22883216648,15837.7126150367,104480.70614335667,14557.893373113526,0.9194104842568788,0.03467149458188979
2025.06.18_0.3_3,reference_SNR=-20,group_kfold,total_power_only,3,0.8256047036593088,0.03325484490956098,111146.67181583897,12075.11497209664,88895.03425759125,10965.135831731915,0.924377375873585,0.019456086450137505
2025.06.18_0.3_3,reference_SNR=-20,kfold,full_spectrogram_pca,3,0.8535547930631676,0.0326598801260854,102436.9872690388,14486.108833254584,87658.352943565,14977.10434249661,0.9348444074244515,0.01478787305450122
2025.06.18_0.3_3,reference_SNR=-20,kfold,old_style_magnitude_minmax_pca,3,0.8356178611488542,0.0610821104516846,108001.69556500278,23341.267408891905,88194.96494037057,25833.455433790503,0.9270025240941714,0.018080433454590407
2025.06.18_0.3_3,reference_SNR=-20,kfold,total_power_only,3,0.8815525556502005,0.009398654928774628,92314.96516371025,6362.706329950989,63625.936609681805,11826.60105969417,0.9413315416304142,0.005544091143802723
2025.07.09_0.3_1,no_noise,group_kfold,full_spectrogram_pca,3,0.16075559791811847,0.5139080983269912,238883.4913400436,88333.2928223294,194164.27326288415,77675.60552668778,0.5493807801606323,0.48572191282405247
2025.07.09_0.3_1,no_noise,group_kfold,old_style_magnitude_minmax_pca,3,0.22328274292468145,0.3507250565855316,234322.85819567365,61567.57181955238,189252.3322751988,45798.39559578163,0.6684750117056582,0.21161914382148608
2025.07.09_0.3_1,no_noise,group_kfold,total_power_only,3,0.25621915432030334,0.20212522384818335,232924.4131235568,42328.63310177509,179271.21123455148,32333.395565173814,0.6956382696028648,0.17551788984544253
2025.07.09_0.3_1,no_noise,kfold,full_spectrogram_pca,3,0.2534676005747097,0.3703279455636002,234761.00523362274,40616.531011835876,201271.8393380647,46933.77283704412,0.6528628222090883,0.11717742139019921
2025.07.09_0.3_1,no_noise,kfold,old_style_magnitude_minmax_pca,3,0.5084944772033199,0.12968016437093224,194864.844655584,27402.412906986712,152737.6418728852,20321.233609090752,0.7466365351605339,0.12301633960012058
2025.07.09_0.3_1,no_noise,kfold,total_power_only,3,0.4430683379048655,0.07686915035259897,208009.80960014055,17718.421420280978,146078.30922350203,19384.44684112634,0.7348520383684868,0.018420214187517298
2025.07.09_0.3_1,reference_SNR=0,group_kfold,full_spectrogram_pca,3,0.1809838268544759,0.48086746235706096,237485.08171302953,82302.17987374085,197485.039654479,67906.63546052673,0.606817480022047,0.4101084012740382
2025.07.09_0.3_1,reference_SNR=0,group_kfold,old_style_magnitude_minmax_pca,3,0.2893516793255205,0.39012302757327033,223233.83091996433,69983.68074037609,167677.20247377674,49977.65457723994,0.7544221393861213,0.10180883844442931
2025.07.09_0.3_1,reference_SNR=0,group_kfold,total_power_only,3,0.2610695212149618,0.24651727309062776,230910.83465711967,45443.62327821444,179336.16042690468,24990.17351188365,0.7021867975293595,0.20773025736558648
2025.07.09_0.3_1,reference_SNR=0,kfold,full_spectrogram_pca,3,0.34343110593675624,0.22829297278888377,222255.3883541006,18753.21237787966,182202.8845971301,19677.01371754377,0.6745947174089841,0.10371458831931353
2025.07.09_0.3_1,reference_SNR=0,kfold,old_style_magnitude_minmax_pca,3,0.48549875668715686,0.13306551778026512,199092.9928984195,24409.59845502422,159161.8208230393,19804.866352818,0.7629595712297551,0.06864705253688475
2025.07.09_0.3_1,reference_SNR=0,kfold,total_power_only,3,0.3431243540938523,0.19091162414253424,225209.6503113973,35541.31362079476,160140.94427538264,35780.55833073098,0.6736553404885447,0.054259710759595056
2025.07.09_0.3_1,reference_SNR=-4,group_kfold,full_spectrogram_pca,3,0.09869317415359784,0.39600455608717694,252585.10506340486,64496.94294254931,209464.4749547552,49225.69500282306,0.5972978670071757,0.3649563310202248
2025.07.09_0.3_1,reference_SNR=-4,group_kfold,old_style_magnitude_minmax_pca,3,0.39542279340042036,0.3578343768069616,203924.74035320975,71295.99883096392,160044.7135560961,54081.23607286849,0.7722604303393492,0.1719365397732456
2025.07.09_0.3_1,reference_SNR=-4,group_kfold,total_power_only,3,0.3472251026270576,0.2541867628699259,216487.6397071179,49110.93285701504,169824.99048218105,31551.792123009407,0.7327347453769016,0.1930628880671505
2025.07.09_0.3_1,reference_SNR=-4,kfold,full_spectrogram_pca,3,0.3064547213888341,0.23687812154679466,229391.98977085468,27427.841854526796,185708.40407556714,25093.787234152325,0.6865885910009245,0.018994050852262308
2025.07.09_0.3_1,reference_SNR=-4,kfold,old_style_magnitude_minmax_pca,3,0.42522945177815297,0.19333573982307978,207836.59090028715,13586.84884631708,164548.57022017418,6127.528350995189,0.7269790780431554,0.104957793175589
2025.07.09_0.3_1,reference_SNR=-4,kfold,total_power_only,3,0.3925979948201716,0.23715677327940138,215194.85977753252,40445.9004446712,154768.49369608844,33616.757344902486,0.7000536445923857,0.0881849083127224
2025.07.09_0.3_1,reference_SNR=-8,group_kfold,full_spectrogram_pca,3,0.1632302419577889,0.43859650165153863,241976.64336816178,73815.67963896027,201711.87145740338,59410.206985174096,0.5690954073535542,0.4485497777120808
2025.07.09_0.3_1,reference_SNR=-8,group_kfold,old_style_magnitude_minmax_pca,3,0.32660133946679243,0.3753529052594831,216699.82766394454,69800.0997390735,172827.1294656597,54064.963893977954,0.7612991449767548,0.14125600700016577
2025.07.09_0.3_1,reference_SNR=-8,group_kfold,total_power_only,3,0.15648612448882881,0.2224671376086898,247026.09436525524,36877.407685381026,191784.00441301268,22205.703823025146,0.6762973807620881,0.14860446142615297
2025.07.09_0.3_1,reference_SNR=-8,kfold,full_spectrogram_pca,3,0.4162154766884775,0.21582305357958895,209842.7919664101,25406.609651485556,176790.01038113216,25080.60225619459,0.773327309409155,0.08814996925412635
2025.07.09_0.3_1,reference_SNR=-8,kfold,old_style_magnitude_minmax_pca,3,0.44131789789670356,0.2195727937901741,202702.6493617784,13957.197308154926,163184.82621309863,4461.253641421549,0.729554242612366,0.1619877444708906
2025.07.09_0.3_1,reference_SNR=-8,kfold,total_power_only,3,0.2555736509993191,0.24030637922903084,237527.4411355801,25895.9659329995,167488.40062360142,28611.222301629135,0.6442887706538661,0.10560351928473574
2025.07.09_0.3_1,reference_SNR=-12,group_kfold,full_spectrogram_pca,3,0.19382315094156133,0.48971998333506717,236635.61079913191,81592.47898163766,206558.74574751907,69233.85325032927,0.5621893262936232,0.547741314754971
2025.07.09_0.3_1,reference_SNR=-12,group_kfold,old_style_magnitude_minmax_pca,3,0.25974832745597787,0.36526683443378843,228064.95415556236,65605.29034500214,193252.32398140524,54135.51642989286,0.7049229728679762,0.2483515106568067
2025.07.09_0.3_1,reference_SNR=-12,group_kfold,total_power_only,3,0.15577941977386922,0.2679230227417539,246009.2351679108,39868.223115759516,188826.94640871455,25155.68746465283,0.6662885967262128,0.14377435783373652
2025.07.09_0.3_1,reference_SNR=-12,kfold,full_spectrogram_pca,3,0.32054569138749917,0.1663225778159792,229191.32805021526,30071.53800207226,197008.93506579197,29231.326588271982,0.7209950897162222,0.054325762678071765
2025.07.09_0.3_1,reference_SNR=-12,kfold,old_style_magnitude_minmax_pca,3,0.26419747380221265,0.186990271034221,237017.24764131894,13896.311395682604,200070.10203970363,8913.61605471581,0.6859047417936122,0.16297396896821267
2025.07.09_0.3_1,reference_SNR=-12,kfold,total_power_only,3,0.28041162489053895,0.20745860579329695,233643.7805906035,13301.964457991848,166019.57032416426,15549.186702363697,0.6561607604797415,0.044514364023410385
2025.07.09_0.3_1,reference_SNR=-16,group_kfold,full_spectrogram_pca,3,0.13764052361103238,0.39872816623801577,247369.62565144396,66046.65258866515,216122.62759348136,57319.61616578512,0.5439965533988649,0.4817497505788562
2025.07.09_0.3_1,reference_SNR=-16,group_kfold,old_style_magnitude_minmax_pca,3,0.18983452075424467,0.40791663345796947,236986.6685326361,69733.00282836336,203594.6287830741,58507.47035183368,0.6402996185537272,0.2973828952429096
2025.07.09_0.3_1,reference_SNR=-16,group_kfold,total_power_only,3,0.19945453402743107,0.19316668005821902,241076.15957506385,34441.32362441952,187093.9643597953,19925.27268963268,0.670208484395104,0.16030151096217488
2025.07.09_0.3_1,reference_SNR=-16,kfold,full_spectrogram_pca,3,0.42696543868877285,0.07824450115093873,213530.08112480235,45388.181306116334,182342.12306221502,39537.23395432509,0.7789651231812805,0.03943362193707152
2025.07.09_0.3_1,reference_SNR=-16,kfold,old_style_magnitude_minmax_pca,3,0.2272697585570089,0.3317302182837511,238120.84598049743,22400.92007875085,204156.91738889925,17835.458834546294,0.6440458901117179,0.14471793984339518
2025.07.09_0.3_1,reference_SNR=-16,kfold,total_power_only,3,0.30780083542416964,0.15443630406078201,230367.08884776197,12503.654211009716,168655.19188241335,11656.240898728152,0.6709534354568193,0.041536587763905085
2025.07.09_0.3_1,reference_SNR=-20,group_kfold,full_spectrogram_pca,3,0.053657321168792516,0.4778430062400469,259029.49881151665,74279.46814721642,226049.45769262398,59016.48948582516,0.4400798088509014,0.5985084139351646
2025.07.09_0.3_1,reference_SNR=-20,group_kfold,old_style_magnitude_minmax_pca,3,0.031981164276123554,0.4180996502940653,262755.0929517671,65655.48084322689,225363.39055698575,56642.37380105894,0.4536997908568135,0.5554376097339753
2025.07.09_0.3_1,reference_SNR=-20,group_kfold,total_power_only,3,0.06881533460914868,0.22045140309519443,259378.51459179856,24830.714637433503,197369.4452319739,19507.129328162584,0.7143628949760878,0.12457489210627673
2025.07.09_0.3_1,reference_SNR=-20,kfold,full_spectrogram_pca,3,0.29257395040098444,0.13064997633466396,234523.19498736793,28083.698532100832,204222.95221795476,30561.039219496382,0.7277761770012123,0.10567400827523962
2025.07.09_0.3_1,reference_SNR=-20,kfold,old_style_magnitude_minmax_pca,3,0.2116162042638732,0.2308161261344323,243723.71485237233,1754.8457996104123,209310.95677333247,4131.6264661285195,0.6097469364345783,0.19615364011097472
2025.07.09_0.3_1,reference_SNR=-20,kfold,total_power_only,3,0.3576220123172094,0.41456288742798,211983.21170061393,53608.2204900461,145516.62314416489,41078.359035815185,0.7215784908754914,0.13891717410484689
2025.06.11_0.3_2,no_noise,group_kfold,full_spectrogram_pca,3,0.7716333851032017,0.017984447715698113,125508.05800180505,8828.052332322372,106332.55817132378,9072.327955693596,0.9348286441464845,0.027860911359124056
2025.06.11_0.3_2,no_noise,group_kfold,old_style_magnitude_minmax_pca,3,0.6773249107510342,0.03034528728422651,148870.9195267985,713.9219354139385,117123.06751559461,8965.03200278424,0.8634337465920877,0.04319770471961062
2025.06.11_0.3_2,no_noise,group_kfold,total_power_only,3,0.8598759895321567,0.06409706220984883,96587.19497086114,20642.11671111532,68973.2256268103,16905.543409111608,0.9445230744401268,0.03471237719167388
2025.06.11_0.3_2,no_noise,kfold,full_spectrogram_pca,3,0.8605045375503731,0.019059912547189087,98597.20580828171,10133.43063584504,80268.85417038629,9039.251617411883,0.9577218418897049,0.006295140658366422
2025.06.11_0.3_2,no_noise,kfold,old_style_magnitude_minmax_pca,3,0.7671679478105989,0.11447855002407319,124806.88772784123,36174.434516330024,100232.02286496961,28271.883850540853,0.8880226984127599,0.066804212813326
2025.06.11_0.3_2,no_noise,kfold,total_power_only,3,0.9284646434674576,0.05253048145893237,67827.22353244507,27952.97307557097,42679.703543393254,21507.89384900307,0.9651807114672791,0.02654263471659593
2025.06.11_0.3_2,reference_SNR=0,group_kfold,full_spectrogram_pca,3,0.7950946047563633,0.025638719743547533,118516.17561664134,3445.6872849348283,97007.01635611546,4694.79283400297,0.9432367118807489,0.02537365685917621
2025.06.11_0.3_2,reference_SNR=0,group_kfold,old_style_magnitude_minmax_pca,3,0.7639426993086574,0.03668172062857503,127678.53596882657,16044.962739500419,100580.15046265192,14984.541760491189,0.9011056334615605,0.015555846245536971
2025.06.11_0.3_2,reference_SNR=0,group_kfold,total_power_only,3,0.8588007141416911,0.0671039444407825,96735.92601884429,21196.8020605161,70229.11087944573,14942.672503102694,0.9416814164291507,0.03591232647475299
2025.06.11_0.3_2,reference_SNR=0,kfold,full_spectrogram_pca,3,0.8661352741722861,0.02178248897895648,96460.39958298813,10150.046769127313,77690.50543448351,10732.026997337494,0.9611323965649573,0.006374158050135276
2025.06.11_0.3_2,reference_SNR=0,kfold,old_style_magnitude_minmax_pca,3,0.7925191496076454,0.03654974907526567,119843.90051851732,9533.28097510633,96943.91945253906,10750.859768457893,0.9105166119135181,0.0375356750268541
2025.06.11_0.3_2,reference_SNR=0,kfold,total_power_only,3,0.9249992789774694,0.05608936213081747,69273.5750570585,29274.44904880127,43368.54722558076,20656.462169334594,0.9634910262228376,0.02822440721145245
2025.06.11_0.3_2,reference_SNR=-4,group_kfold,full_spectrogram_pca,3,0.8383398337391892,0.020779087580099637,105445.68443821713,7763.898244379816,86441.49876142795,7329.233843119916,0.9513931304646476,0.02305575964306633
2025.06.11_0.3_2,reference_SNR=-4,group_kfold,old_style_magnitude_minmax_pca,3,0.7556381320563702,0.08486162053042438,129304.8332123094,28375.86075346569,102919.57178795572,20983.489762376874,0.9073015609592491,0.01864553624017237
2025.06.11_0.3_2,reference_SNR=-4,group_kfold,total_power_only,3,0.8495633376824837,0.06585062600494077,100272.43347757717,20842.717827056054,74739.33362250128,16984.967230008475,0.9414434758624958,0.03480451343933936
2025.06.11_0.3_2,reference_SNR=-4,kfold,full_spectrogram_pca,3,0.8434488840996188,0.03338383792644018,104290.65654707968,14298.009172869855,82711.82468219184,14160.152020777763,0.9498698819757644,0.0011425681114669488
2025.06.11_0.3_2,reference_SNR=-4,kfold,old_style_magnitude_minmax_pca,3,0.8344776181227885,0.05945124160001128,106491.86650300819,23609.639219071698,88618.74656215712,16470.81984075904,0.9288942616707788,0.028378896675265757
2025.06.11_0.3_2,reference_SNR=-4,kfold,total_power_only,3,0.9210803334404826,0.024012775089693007,73861.26809159045,13696.211111011246,44553.04708121622,8289.488448305972,0.9619570197997662,0.01376709738908706
2025.06.11_0.3_2,reference_SNR=-8,group_kfold,full_spectrogram_pca,3,0.8182661068444911,0.031569351082167185,111774.86180085504,12019.177439603782,89968.18108469184,11070.555969189896,0.937233502856809,0.02757344279453843
2025.06.11_0.3_2,reference_SNR=-8,group_kfold,old_style_magnitude_minmax_pca,3,0.7836213136392249,0.05554952520968754,121983.38875351264,21584.162591927332,99759.37789389322,10906.803122909312,0.9354249986070787,0.007242541125754808
2025.06.11_0.3_2,reference_SNR=-8,group_kfold,total_power_only,3,0.8519709966441492,0.07132894333059252,98960.18344725139,21944.55358259208,73477.40767787152,16067.550589505718,0.9372038910669579,0.04261129197636364
2025.06.11_0.3_2,reference_SNR=-8,kfold,full_spectrogram_pca,3,0.8563780970644261,0.006332283949260467,100078.48466808787,5624.196057961889,80732.57897955296,6867.343065725136,0.9524630247466335,0.004975093864342447
2025.06.11_0.3_2,reference_SNR=-8,kfold,old_style_magnitude_minmax_pca,3,0.8413584047246809,0.025250397135969462,105032.63700885215,10893.088497953842,89365.01264802518,12263.784432191034,0.9304352080647401,0.021246678256382906
2025.06.11_0.3_2,reference_SNR=-8,kfold,total_power_only,3,0.921229832558173,0.017560440902567614,73953.94267186277,10851.851492086716,45877.738715180596,5045.881855986322,0.963341684933492,0.010080364944549645
2025.06.11_0.3_2,reference_SNR=-12,group_kfold,full_spectrogram_pca,3,0.8258058286311987,0.034455920191261445,109154.02790505899,9748.682120486188,89897.48721184461,14777.180800426206,0.9366978793149472,0.028078924141053282
2025.06.11_0.3_2,reference_SNR=-12,group_kfold,old_style_magnitude_minmax_pca,3,0.7922597440869832,0.07637377992029823,118942.55655342397,28126.274704094707,96748.3339207335,21416.545481606034,0.9280976364108929,0.01979941619046176
2025.06.11_0.3_2,reference_SNR=-12,group_kfold,total_power_only,3,0.8527861692874437,0.08445979899705075,97576.53892092948,26410.629137431042,71589.0773873035,21431.443498010798,0.9332311615715351,0.05034177867370722
2025.06.11_0.3_2,reference_SNR=-12,kfold,full_spectrogram_pca,3,0.8730074852619264,0.029567142711403826,93732.85472528751,13050.083547764429,75325.85661874045,13006.839804727088,0.9516287805882832,0.0031274811513683567
2025.06.11_0.3_2,reference_SNR=-12,kfold,old_style_magnitude_minmax_pca,3,0.8413836740812434,0.019312585568176898,105110.66521197949,9351.8157638856,87846.31745552518,7869.936057408827,0.93622843799435,0.01856367635028964
2025.06.11_0.3_2,reference_SNR=-12,kfold,total_power_only,3,0.9065911828288334,0.00603942295373165,80637.82714063705,3254.2767679065555,50177.40365897143,4605.880444562556,0.9561849419229175,0.009631673232533411
2025.06.11_0.3_2,reference_SNR=-16,group_kfold,full_spectrogram_pca,3,0.8353910790865974,0.0200084042657417,106634.38245511502,11516.683256545668,88699.07572503906,10780.750629343618,0.9476095913680179,0.010845197790589884
2025.06.11_0.3_2,reference_SNR=-16,group_kfold,old_style_magnitude_minmax_pca,3,0.7819616754728852,0.07491881133619954,121940.4680101401,27249.482262576108,99953.30942073352,21137.894230504513,0.9246772047866365,0.027453882938629545
2025.06.11_0.3_2,reference_SNR=-16,group_kfold,total_power_only,3,0.8505723019307281,0.0746704886519817,98712.17734433885,23388.06566808655,73513.48461150161,16099.153055370336,0.9342625364059339,0.04247167607626645
2025.06.11_0.3_2,reference_SNR=-16,kfold,full_spectrogram_pca,3,0.8859503939964178,0.03023224344501272,88666.37615727175,13634.997764665448,71991.34992861545,16169.236062434877,0.9552237622195294,0.008582021633125108
2025.06.11_0.3_2,reference_SNR=-16,kfold,old_style_magnitude_minmax_pca,3,0.8062063745046912,0.03194102199139872,116084.27219968692,12614.196648783161,95129.13677180989,12143.09295260648,0.9220624789084542,0.011074157162867884
2025.06.11_0.3_2,reference_SNR=-16,kfold,total_power_only,3,0.9162850507214583,0.005168149958603878,76335.74454827784,2746.557812912896,48158.0889024901,6680.185996599311,0.9616330871397837,0.0065810179398966525
2025.06.11_0.3_2,reference_SNR=-20,group_kfold,full_spectrogram_pca,3,0.8482008827444635,0.015874701658643367,102381.97801782451,9787.449718301566,84601.31904302519,10247.850864129716,0.9562903246731862,0.01330860973682583
2025.06.11_0.3_2,reference_SNR=-20,group_kfold,old_style_magnitude_minmax_pca,3,0.7942197647316952,0.08184354938237436,117774.16288164868,26783.648112738232,98030.18079660156,24172.127082297993,0.9241931340034216,0.04277262684506174
2025.06.11_0.3_2,reference_SNR=-20,group_kfold,total_power_only,3,0.8501092659492748,0.07670847295558139,99516.2068035095,24058.747449742765,75508.63396225193,18404.184239298153,0.9381748096111914,0.04503444982533003
2025.06.11_0.3_2,reference_SNR=-20,kfold,full_spectrogram_pca,3,0.8753388781840569,0.0392815126561104,92559.5202081061,17078.614484917605,75913.14731892793,19601.45945275544,0.9513781881206501,0.010613218295142177
2025.06.11_0.3_2,reference_SNR=-20,kfold,old_style_magnitude_minmax_pca,3,0.836395854452553,0.02887920771082774,106624.47491384334,12138.019342599575,86954.66512687934,13093.669288616495,0.9276229427988661,0.004950595181833997
2025.06.11_0.3_2,reference_SNR=-20,kfold,total_power_only,3,0.9105273336033655,0.042655751536862005,77845.20056626377,20837.692585660276,52815.21388310548,17731.837835622915,0.9551096847081647,0.022745651959805928
