experiment_name,test_noise_level,split_strategy,feature_set,folds,r2_mean,r2_std,rmse_mean,rmse_std,mae_mean,mae_std,prediction_pearson_mean,prediction_pearson_std
2025.06.18_0.3_3,no_noise,group_kfold,full_spectrogram_pca,3,0.8286107911740318,0.03899674719191928,109556.16766222804,8553.088425695732,89084.64472116223,15528.564543256207,0.9573661270626355,0.019805511745233706
2025.06.18_0.3_3,no_noise,group_kfold,old_style_magnitude_minmax_pca,3,0.8755940795950208,0.01662877370250205,94066.18309958019,9120.925097517336,78455.67689924904,11063.459754788266,0.9476751068110064,0.013965574333707402
2025.06.18_0.3_3,no_noise,group_kfold,total_power_only,3,0.8864483868738641,0.05481659335696573,88293.7814652762,22680.0761307438,70967.04356387972,13560.099750525822,0.9484138368648849,0.028076835968834094
2025.06.18_0.3_3,no_noise,kfold,full_spectrogram_pca,3,0.8711790115344803,0.022771154372703516,96114.42648341872,10750.623998237419,73978.54097974556,7612.681178777853,0.9644379471885675,0.005116939843561449
2025.06.18_0.3_3,no_noise,kfold,old_style_magnitude_minmax_pca,3,0.8670474551224728,0.04749936731797965,96911.60857127287,20921.915219536702,72597.76171948863,20379.266774863045,0.9401215740928589,0.017188164317789797
2025.06.18_0.3_3,no_noise,kfold,total_power_only,3,0.9117683688711041,0.05333106898437127,77708.26725035557,26143.32025597601,48541.50261168506,19301.382736190524,0.9571209152674559,0.03012755752847946
2025.06.18_0.3_3,reference_SNR=-12,group_kfold,full_spectrogram_pca,3,0.6588616756209478,0.14195680710875203,152074.9670063846,29306.31385938218,129577.12373891224,33988.95071885427,0.887085873835321,0.07689741570549849
2025.06.18_0.3_3,reference_SNR=-12,group_kfold,old_style_magnitude_minmax_pca,3,0.5242457728407535,0.279811527486856,179015.19010085947,50883.8079247177,147392.88842696778,34615.644605584115,0.8309868498488054,0.08882207846750546
2025.06.18_0.3_3,reference_SNR=-12,group_kfold,total_power_only,3,0.5124989918707913,0.3283664587854519,179635.65446684152,60239.71440790016,142656.03325807888,47576.655954358495,0.8975696965861891,0.031130340043800057
2025.06.18_0.3_3,reference_SNR=-12,kfold,full_spectrogram_pca,3,0.7496384792797529,0.03108564919135441,133895.36541193168,6505.40410287396,110819.65608252333,6149.913636347977,0.9172048722628746,0.007579136602875421
2025.06.18_0.3_3,reference_SNR=-12,kfold,old_style_magnitude_minmax_pca,3,0.45753764691781235,0.45166840983552914,188767.9219057191,85279.18503555666,154701.54059141225,84600.18612141264,0.8964504276305855,0.013628117306789858
2025.06.18_0.3_3,reference_SNR=-12,kfold,total_power_only,3,0.4447580992887568,0.14159019268523887,199042.8871064424,30531.26653879795,146383.94637585667,34955.45014654163,0.9016037299042697,0.015297282733120282
2025.06.18_0.3_3,reference_SNR=-16,group_kfold,full_spectrogram_pca,3,0.6566674628889688,0.14378422283660333,152535.28831544417,29811.71687056834,130010.68797502333,34682.30455465244,0.8869614384640688,0.0748017361266519
2025.06.18_0.3_3,reference_SNR=-16,group_kfold,old_style_magnitude_minmax_pca,3,0.4062105202415817,0.441980261399122,196573.1207042842,70507.95708580576,159842.5227505789,53886.71537628701,0.7967931498062929,0.14308010634013013
2025.06.18_0.3_3,reference_SNR=-16,group_kfold,total_power_only,3,0.4684764639710404,0.3527420254570157,187632.35627848588,64731.695408071304,149117.5745880789,52572.78062632603,0.8963543678606113,0.03433127561523705
2025.06.18_0.3_3,reference_SNR=-16,kfold,full_spectrogram_pca,3,0.7473588689154709,0.033465667538564815,134471.84806413026,7045.571227488466,111342.92639502336,6486.720902987475,0.916210989651081,0.008464558045134579
2025.06.18_0.3_3,reference_SNR=-16,kfold,old_style_magnitude_minmax_pca,3,0.4009571797567244,0.39522268092831614,202082.63505413078,72431.1218700284,164818.04489307888,72115.01308432904,0.8714251113994415,0.002505177169225718
2025.06.18_0.3_3,reference_SNR=-16,kfold,total_power_only,3,0.39990839604153283,0.15268363008792066,206848.4629182384,31335.373049998994,154356.89672307888,37093.44393856478,0.8995640476076089,0.018873134454451403
2025.06.18_0.3_3,reference_SNR=-20,group_kfold,full_spectrogram_pca,3,0.6447782080252185,0.1465122542288504,155328.02454815063,29796.318563042834,131902.39763252335,34229.16105414289,0.886629847870268,0.07227089382152753
2025.06.18_0.3_3,reference_SNR=-20,group_kfold,old_style_magnitude_minmax_pca,3,0.29590124895569003,0.4771074743430262,214882.55822871704,69121.44704714857,176221.40711488447,51896.15124407778,0.7092863721210937,0.218514703871638
2025.06.18_0.3_3,reference_SNR=-20,group_kfold,total_power_only,3,0.2117229552849487,0.3735363579158142,231218.47410620796,50780.79204290047,185040.79758585666,39769.75442970458,0.8618848016614292,0.05907319909488841
2025.06.18_0.3_3,reference_SNR=-20,kfold,full_spectrogram_pca,3,0.7358166580260811,0.021229020388797506,137662.85449794692,3026.3926023623962,113403.19942363446,3421.783352217622,0.9144806469883179,0.012534850208677964
2025.06.18_0.3_3,reference_SNR=-20,kfold,old_style_magnitude_minmax_pca,3,0.36221262163354523,0.361247379414361,210164.2308880308,65370.41759848255,174751.0809315511,63663.205243682925,0.8266501111440574,0.034112091306378996
2025.06.18_0.3_3,reference_SNR=-20,kfold,total_power_only,3,0.2592857111466136,0.2763262691837196,228124.60201810524,49327.27415661415,172099.4876253011,56210.45024465685,0.887708071327578,0.006723614941872322
2025.06.18_0.3_3,reference_SNR=-4,group_kfold,full_spectrogram_pca,3,0.7087627250756151,0.11142732850467703,141139.7484837007,24371.837645013537,119646.64635585668,30914.929410586257,0.9088476433833753,0.053510987482623895
2025.06.18_0.3_3,reference_SNR=-4,group_kfold,old_style_magnitude_minmax_pca,3,0.7293634753327716,0.08187148465121667,138167.01231052735,27199.31950342938,122009.40170085667,27241.96877075088,0.9177403434066985,0.02095319439440715
2025.06.18_0.3_3,reference_SNR=-4,group_kfold,total_power_only,3,0.7007592306104288,0.16657968247592658,141817.68013606418,36735.55319640628,112758.46648585668,27990.167549298465,0.9220687861771716,0.038126298179364825
2025.06.18_0.3_3,reference_SNR=-4,kfold,full_spectrogram_pca,3,0.7925783648578779,0.034727337543324965,121734.62903463615,8743.221541904704,99632.86884294,6657.873607564262,0.9360771223279531,0.005595995048783741
2025.06.18_0.3_3,reference_SNR=-4,kfold,old_style_magnitude_minmax_pca,3,0.49546782921685156,0.5116576803862294,177054.99838107676,99579.03034846044,150975.95218280112,95697.94830017231,0.9159694953374355,0.028572955174423875
2025.06.18_0.3_3,reference_SNR=-4,kfold,total_power_only,3,0.7251484020395499,0.10956808517821691,138845.77789934058,32178.419162948183,99360.86517780111,28673.384626690917,0.9387975244212369,0.007554778405340043
2025.06.18_0.3_3,reference_SNR=-8,group_kfold,full_spectrogram_pca,3,0.6907637320364324,0.11858180391585163,145407.91376512777,25186.02542067491,123450.70208002331,31480.570236024345,0.9028709674136568,0.05986972777201876
2025.06.18_0.3_3,reference_SNR=-8,group_kfold,old_style_magnitude_minmax_pca,3,0.6914842956386122,0.11036655241597423,146885.78027127622,30358.34041849063,123998.89830196781,28881.567684983373,0.8995287602205732,0.03305116484360197
2025.06.18_0.3_3,reference_SNR=-8,group_kfold,total_power_only,3,0.7007592306104288,0.16657968247592658,141817.68013606418,36735.55319640628,112758.46648585668,27990.167549298465,0.9220687861771716,0.038126298179364825
2025.06.18_0.3_3,reference_SNR=-8,kfold,full_spectrogram_pca,3,0.7664985090022615,0.02277023333785994,129426.82455268355,5731.7090402186095,107263.13090891224,7030.519882281684,0.9255805997192029,0.008419124012598818
2025.06.18_0.3_3,reference_SNR=-8,kfold,old_style_magnitude_minmax_pca,3,0.48002277865745296,0.48769819385312146,181537.1301183791,95418.23463773892,152227.49096280112,91060.60768657112,0.9014745938332972,0.03993049117948421
2025.06.18_0.3_3,reference_SNR=-8,kfold,total_power_only,3,0.725126800827149,0.10959762617931958,138850.6851025576,32185.60720845741,99465.57871946778,28831.6662931701,0.9390238935319727,0.007171736860803672
2025.06.18_0.3_3,reference_SNR=0,group_kfold,full_spectrogram_pca,3,0.7349595202318248,0.10677979633884675,134329.68575374383,24932.411752159725,112877.62282141222,29217.62618614988,0.914894670445145,0.05139914512663273
2025.06.18_0.3_3,reference_SNR=0,group_kfold,old_style_magnitude_minmax_pca,3,0.7220907602710173,0.0625330332160315,140476.46913860226,22174.24378556617,123500.33794307889,23120.179474485773,0.9154550789398271,0.015241164070305964
2025.06.18_0.3_3,reference_SNR=0,group_kfold,total_power_only,3,0.7007592306104288,0.16657968247592658,141817.68013606418,36735.55319640628,112758.46648585668,27990.167549298465,0.9220687861771716,0.038126298179364825
2025.06.18_0.3_3,reference_SNR=0,kfold,full_spectrogram_pca,3,0.8118896371838303,0.039717870657319944,115916.49684164627,12624.592938470565,93204.0467330789,10636.236925286348,0.9412733441374576,0.010809103949146512
2025.06.18_0.3_3,reference_SNR=0,kfold,old_style_magnitude_minmax_pca,3,0.5015062141099982,0.49966974384505614,176337.76596443658,97922.480634915,148883.99953613445,91510.27153882427,0.9082939558271327,0.04365526129479668
2025.06.18_0.3_3,reference_SNR=0,kfold,total_power_only,3,0.7241746340931982,0.11090449608934129,139066.57137321337,32502.462780427777,100240.18208280111,30010.64890570861,0.935424131166196,0.013325394447772247
2025.07.09_0.3_1,no_noise,group_kfold,full_spectrogram_pca,3,0.18705766762477902,0.5157577189936128,234665.88956549912,89796.40541177489,191398.81638788417,78755.92376829385,0.5617488799175703,0.48408190970510845
2025.07.09_0.3_1,no_noise,group_kfold,old_style_magnitude_minmax_pca,3,0.2488096398864589,0.3559100568443297,230207.91153537095,63437.15600136611,184988.3466323626,47122.23867581405,0.6794203257089833,0.21579871958135283
2025.07.09_0.3_1,no_noise,group_kfold,total_power_only,3,0.25621915432030334,0.20212522384818335,232924.4131235568,42328.63310177509,179271.21123455148,32333.395565173814,0.6956382696028648,0.17551788984544253
2025.07.09_0.3_1,no_noise,kfold,full_spectrogram_pca,3,0.2527907149952223,0.37657697744126456,234497.71212849338,40052.79598826349,199202.14214862723,47127.339224438314,0.6470250152113844,0.12717816555105338
2025.07.09_0.3_1,no_noise,kfold,old_style_magnitude_minmax_pca,3,0.503087295724767,0.12807993733228107,196362.27433796637,30659.648928496357,153255.54381095126,25178.49196985687,0.7444644842317484,0.1219372674659047
2025.07.09_0.3_1,no_noise,kfold,total_power_only,3,0.4430683379048655,0.07686915035259897,208009.80960014055,17718.421420280978,146078.30922350203,19384.44684112634,0.7348520383684868,0.018420214187517298
2025.07.09_0.3_1,reference_SNR=-12,group_kfold,full_spectrogram_pca,3,0.31773413667936246,0.25473130661767296,220214.13256193846,42605.80330699876,190347.5678735671,40996.56990012175,0.7426979583814163,0.04505141188562668
2025.07.09_0.3_1,reference_SNR=-12,group_kfold,old_style_magnitude_minmax_pca,3,-0.3165234015544525,0.3425860509231358,309936.6908557609,55038.17110692833,242976.6093260071,45776.22468009038,0.7017684797107543,0.024003678802094294
2025.07.09_0.3_1,reference_SNR=-12,group_kfold,total_power_only,3,-0.04748260839808812,0.7920510993548748,266793.45520454255,111284.23645356215,220800.80342604182,91926.81136578153,0.7539743604071649,0.021549023125622645
2025.07.09_0.3_1,reference_SNR=-12,kfold,full_spectrogram_pca,3,0.2172180706559257,0.4325737577747011,238205.97451718085,42538.762062120266,207199.33646694096,45322.72335622481,0.6763593827841691,0.14199486241416875
2025.07.09_0.3_1,reference_SNR=-12,kfold,old_style_magnitude_minmax_pca,3,-0.4491509174809442,0.4025722249545329,339398.5642349212,91795.60138581535,260231.22210607058,89813.13486234573,0.67903891513629,0.0614122379876296
2025.07.09_0.3_1,reference_SNR=-12,kfold,total_power_only,3,0.09346366370857517,0.5408054543838162,252198.06203388903,57169.14504788988,187257.9703946892,39610.145524749205,0.7251805890579712,0.0613058467322782
2025.07.09_0.3_1,reference_SNR=-16,group_kfold,full_spectrogram_pca,3,0.348191225022233,0.12662439226485442,217819.6919589379,24900.86876620764,189567.20829023374,29527.810364072982,0.7234812706081787,0.02720958852233405
2025.07.09_0.3_1,reference_SNR=-16,group_kfold,old_style_magnitude_minmax_pca,3,-0.3585054763225382,0.23733647199394123,315486.0712439236,41922.118072002806,245613.64571382455,36069.9001567124,0.609394278284776,0.1146481152464182
2025.07.09_0.3_1,reference_SNR=-16,group_kfold,total_power_only,3,-0.8903799642463043,0.452282784208209,371653.28843618603,61753.77663886464,301687.2174111306,59200.37501817521,0.7588870198048503,0.027998490337716977
2025.07.09_0.3_1,reference_SNR=-16,kfold,full_spectrogram_pca,3,0.22761467779518332,0.4249499588248021,236671.50728483187,41953.86671847228,204694.57818748194,44490.278740459704,0.6328238660209614,0.2057443926697307
2025.07.09_0.3_1,reference_SNR=-16,kfold,old_style_magnitude_minmax_pca,3,-0.5109878099054369,0.4373151030113743,345786.3214378246,90451.29034386847,264031.8342915534,89275.49844307487,0.6195551863112337,0.15868340791247895
2025.07.09_0.3_1,reference_SNR=-16,kfold,total_power_only,3,-0.7914124162979942,0.21152563229088076,378267.76241329004,83257.56260848256,291774.1387793974,77737.52872290876,0.6740094833937288,0.05324086826227829
2025.07.09_0.3_1,reference_SNR=-20,group_kfold,full_spectrogram_pca,3,0.34301808305414533,0.13373744342894872,218736.5874717006,27296.677307955488,190090.0247485671,31908.30588604557,0.7135211607858434,0.04980442749404528
2025.07.09_0.3_1,reference_SNR=-20,group_kfold,old_style_magnitude_minmax_pca,3,-0.3787266183265679,0.2149068444404132,317885.9652841866,39134.48052481243,247742.70073568204,28270.33530670095,0.5662400962403212,0.233973498590035
2025.07.09_0.3_1,reference_SNR=-20,group_kfold,total_power_only,3,-0.890988021604476,0.45132022107136616,371719.19067209883,61649.30330814671,301755.3267861306,59100.2543831918,0.7588870198048503,0.027998490337716977
2025.07.09_0.3_1,reference_SNR=-20,kfold,full_spectrogram_pca,3,0.2523375184715876,0.36540516215075247,234295.954359255,34719.214715504364,205464.13259296762,41904.04725089053,0.6182764678499438,0.20852237519755232
2025.07.09_0.3_1,reference_SNR=-20,kfold,old_style_magnitude_minmax_pca,3,-0.5405595385673884,0.500018221678629,348641.88743666693,95835.28382065184,271271.0622888864,92672.24225057945,0.6473892912717432,0.11748870170068182
2025.07.09_0.3_1,reference_SNR=-20,kfold,total_power_only,3,-1.1545361036953519,0.5051536269172691,410798.62603587547,75540.2126575933,323449.5612573681,70759.75922129759,0.6264741449008969,0.1549860826098163
2025.07.09_0.3_1,reference_SNR=-4,group_kfold,full_spectrogram_pca,3,0.13821179015470408,0.36765031447684055,246285.67627171578,52129.46934352157,211506.2698788559,52668.60679511181,0.6290580767191946,0.25519896459133423
2025.07.09_0.3_1,reference_SNR=-4,group_kfold,old_style_magnitude_minmax_pca,3,-0.37915829508498794,0.43904881287736514,316579.91268030886,65801.22794198034,251334.42139292942,58742.903805229274,0.5880528116772544,0.10707804448897001
2025.07.09_0.3_1,reference_SNR=-4,group_kfold,total_power_only,3,0.29012313225859304,0.3949217974036345,220980.6710386998,49647.233327173446,184811.97939678127,25674.87281464134,0.7539743604071648,0.021549023125622506
2025.07.09_0.3_1,reference_SNR=-4,kfold,full_spectrogram_pca,3,0.15749662616255924,0.42376223793257134,248311.1247881157,38168.7475011049,213290.78856484182,38672.45054363298,0.6460446625376011,0.04984942737760466
2025.07.09_0.3_1,reference_SNR=-4,kfold,old_style_magnitude_minmax_pca,3,-0.4597274053611003,0.36912249330391345,340693.6481393787,87655.19557219755,262949.6925482529,86512.18719736907,0.676798689358651,0.09777811910886226
2025.07.09_0.3_1,reference_SNR=-4,kfold,total_power_only,3,0.28277358846930906,0.4089865999130375,226283.80062068033,38730.02681118039,178211.05844637207,25895.445143928348,0.7279187699249396,0.06285467801949701
2025.07.09_0.3_1,reference_SNR=-8,group_kfold,full_spectrogram_pca,3,0.13601447393674734,0.3606231486098611,246836.61550859583,48599.65084404567,212683.569796394,41475.16038494303,0.6653119981083394,0.10641013968216674
2025.07.09_0.3_1,reference_SNR=-8,group_kfold,old_style_magnitude_minmax_pca,3,-0.35249691585188686,0.38059524662292044,313933.0206445831,59221.05200390714,247873.54473446822,49038.97561225235,0.6467597342628589,0.07667290215450566
2025.07.09_0.3_1,reference_SNR=-8,group_kfold,total_power_only,3,-0.04748260839808812,0.7920510993548748,266793.45520454255,111284.23645356215,220800.80342604182,91926.81136578153,0.7539743604071649,0.021549023125622645
2025.07.09_0.3_1,reference_SNR=-8,kfold,full_spectrogram_pca,3,0.2018406091740745,0.5021718557110932,238487.6718362025,51452.8983914626,207436.6106001749,48890.92138405441,0.7070018228411853,0.07726491532287925
2025.07.09_0.3_1,reference_SNR=-8,kfold,old_style_magnitude_minmax_pca,3,-0.4476160592496334,0.3898321169653817,339288.3094540853,90538.89271418101,261363.73248510296,88586.31612182825,0.6752559092640403,0.08619075472633692
2025.07.09_0.3_1,reference_SNR=-8,kfold,total_power_only,3,0.09346366370857517,0.5408054543838162,252198.06203388903,57169.14504788988,187257.9703946892,39610.145524749205,0.7251805890579712,0.0613058467322782
2025.07.09_0.3_1,reference_SNR=0,group_kfold,full_spectrogram_pca,3,0.0900903287649197,0.4284466030915947,252108.60401529595,68171.19698101093,210716.84238951153,65226.69173755865,0.5582274794301133,0.4066318262732251
2025.07.09_0.3_1,reference_SNR=0,group_kfold,old_style_magnitude_minmax_pca,3,-0.5115848954518296,0.5872147174330274,330412.3135004992,80166.55643894598,265089.1995179294,73980.49612140573,0.43852389977190764,0.2847971436062305
2025.07.09_0.3_1,reference_SNR=0,group_kfold,total_power_only,3,0.29012313225859304,0.3949217974036345,220980.6710386998,49647.233327173446,184811.97939678127,25674.87281464134,0.7539743604071648,0.021549023125622506
2025.07.09_0.3_1,reference_SNR=0,kfold,full_spectrogram_pca,3,0.21465697262575045,0.37713362530220923,241492.77381566042,42880.93871680527,207525.16113665956,50418.72318829576,0.6331580988818225,0.06683120304538297
2025.07.09_0.3_1,reference_SNR=0,kfold,old_style_magnitude_minmax_pca,3,-0.5051686091062003,0.3724740480381673,345766.1776277828,86541.64879236283,266745.4801113841,86005.33249522072,0.6534394208608051,0.08355757484544937
2025.07.09_0.3_1,reference_SNR=0,kfold,total_power_only,3,0.2828447720847828,0.4090220010011841,226271.60344880924,38742.76525908488,178003.53066859432,26149.956550020423,0.7280493660986335,0.06264223189227772
2025.06.11_0.3_2,no_noise,group_kfold,full_spectrogram_pca,3,0.770421194807557,0.02517868591034487,125913.13215621102,12480.06350397008,105939.11930031684,12406.343077619731,0.9359911367828393,0.027736949946769375
2025.06.11_0.3_2,no_noise,group_kfold,old_style_magnitude_minmax_pca,3,0.6745510862497838,0.029830139647084572,149517.52851408054,1037.341726736815,116938.5302839974,9289.793059883052,0.8620062494591881,0.04055397006736829
2025.06.11_0.3_2,no_noise,group_kfold,total_power_only,3,0.8598759895321567,0.06409706220984883,96587.19497086114,20642.11671111532,68973.2256268103,16905.543409111608,0.9445230744401268,0.03471237719167388
2025.06.11_0.3_2,no_noise,kfold,full_spectrogram_pca,3,0.8494867517302067,0.020529285829761216,102419.18206351025,10505.630905722626,81773.74218969182,9107.42685190828,0.9530023971914993,0.007003199113777367
2025.06.11_0.3_2,no_noise,kfold,old_style_magnitude_minmax_pca,3,0.7706392523311777,0.11375465524629207,123800.14589671585,36530.901270568924,99850.12303677516,29150.781729568833,0.8915210755756181,0.065304742627845
2025.06.11_0.3_2,no_noise,kfold,total_power_only,3,0.9284646434674576,0.05253048145893237,67827.22353244507,27952.97307557097,42679.703543393254,21507.89384900307,0.9651807114672791,0.02654263471659593
2025.06.11_0.3_2,reference_SNR=-12,group_kfold,full_spectrogram_pca,3,0.7618632330163079,0.047470967482523184,127997.65344125447,17524.597006467324,110878.31766010851,16264.171722732819,0.9441132015539494,0.01361281029889757
2025.06.11_0.3_2,reference_SNR=-12,group_kfold,old_style_magnitude_minmax_pca,3,-0.6290632284964839,0.8997797886320316,320689.27692757355,93675.08320563156,268011.37816288637,72212.61067329855,0.2337094071944884,0.47846724317645273
2025.06.11_0.3_2,reference_SNR=-12,group_kfold,total_power_only,3,0.6158463162363342,0.12946807675693442,160438.66758035615,23366.761465312713,127359.82570177519,19555.50024991705,0.9343968208350045,0.03519180923619927
2025.06.11_0.3_2,reference_SNR=-12,kfold,full_spectrogram_pca,3,0.7677326975453104,0.11715466376727454,125168.65961639439,36892.36111087434,105100.9877163585,33111.24471127183,0.9294049310550916,0.030956985794635895
2025.06.11_0.3_2,reference_SNR=-12,kfold,old_style_magnitude_minmax_pca,3,-0.5253609517178488,0.3309757471285716,324986.09691380564,38718.11865198722,268469.04588260857,30071.388138622275,0.2483804038010324,0.5110258508331031
2025.06.11_0.3_2,reference_SNR=-12,kfold,total_power_only,3,0.6029913515660985,0.10034414192198916,165703.11964484278,25235.94315404841,118751.70248066405,24650.634835088,0.9216684481785409,0.01819194444587321
2025.06.11_0.3_2,reference_SNR=-16,group_kfold,full_spectrogram_pca,3,0.7565336342505072,0.05106323120259392,129358.07138411205,17987.304626911817,112075.37512538629,17262.77879168958,0.9384025994930084,0.02240029719336205
2025.06.11_0.3_2,reference_SNR=-16,group_kfold,old_style_magnitude_minmax_pca,3,-0.6825195117506676,0.9518706330364688,325104.7633826159,98344.97511679278,270600.735017053,76010.58977208857,0.2227294585777777,0.50272878292171
2025.06.11_0.3_2,reference_SNR=-16,group_kfold,total_power_only,3,0.46166836942661305,0.27468012402348896,188401.18271836956,44589.152439493366,148248.97674344186,37202.111629481224,0.8979478663379442,0.028735746582497553
2025.06.11_0.3_2,reference_SNR=-16,kfold,full_spectrogram_pca,3,0.763943437595898,0.11615515661436472,126254.17852025607,36632.59599032671,104791.66683483073,31775.391697209685,0.9339565308686707,0.020549225452415276
2025.06.11_0.3_2,reference_SNR=-16,kfold,old_style_magnitude_minmax_pca,3,-0.7925357001695302,0.43991940612573727,352503.43315651617,55866.97318862143,292371.5639312197,61837.82741355507,0.14998196748455436,0.4474773505965662
2025.06.11_0.3_2,reference_SNR=-16,kfold,total_power_only,3,0.4524443752316463,0.1361119043500404,194606.33586344053,29127.147574948696,139347.60859844185,30977.091666555876,0.904262509088579,0.008472530491995825
2025.06.11_0.3_2,reference_SNR=-20,group_kfold,full_spectrogram_pca,3,0.7355902871193366,0.055544590221655435,134807.8832600297,18800.130108228113,117429.31913330295,19501.707997403737,0.927700371935675,0.02986106411353917
2025.06.11_0.3_2,reference_SNR=-20,group_kfold,old_style_magnitude_minmax_pca,3,-0.699221034939295,0.970101190741092,326387.73085903557,100483.76307815996,272144.7931939974,79526.2116043764,0.18370107147651948,0.5360778934000788
2025.06.11_0.3_2,reference_SNR=-20,group_kfold,total_power_only,3,0.41924276561010315,0.28984466210236454,196093.14653121645,46264.114779962634,154999.02786955299,40676.73824257825,0.8972480722210743,0.012002891486885572
2025.06.11_0.3_2,reference_SNR=-20,kfold,full_spectrogram_pca,3,0.7518614160553044,0.14003141563970262,128649.20167620685,42495.10825259759,105995.31167316406,35836.11387128948,0.9345419702109977,0.025031141630897202
2025.06.11_0.3_2,reference_SNR=-20,kfold,old_style_magnitude_minmax_pca,3,-0.8496451126968209,0.46433588786393404,357982.26891740225,57768.640692211244,303465.58471427526,63360.28348395086,0.20900456896068345,0.4799632832791724
2025.06.11_0.3_2,reference_SNR=-20,kfold,total_power_only,3,0.41075636671602184,0.13918729776428782,201945.50910209178,28819.00945944394,147094.53012621962,30104.919644431746,0.9016954177637903,0.008738545651388627
2025.06.11_0.3_2,reference_SNR=-4,group_kfold,full_spectrogram_pca,3,0.780895871996949,0.04124344557379461,122776.98134304794,15617.187560506074,104528.55064621962,14520.482779115395,0.948312343292688,0.015085141085574325
2025.06.11_0.3_2,reference_SNR=-4,group_kfold,old_style_magnitude_minmax_pca,3,-0.03007348035355391,0.6795479024487145,255746.45404034332,80969.12809556467,216369.8335656641,66067.55886302309,0.6617252661063049,0.1688931292307447
2025.06.11_0.3_2,reference_SNR=-4,group_kfold,total_power_only,3,0.7197572113149574,0.10345462904767856,136426.15839135143,22397.938310777583,106585.53213788629,13051.542884754394,0.9299424022030541,0.03618954592981444
2025.06.11_0.3_2,reference_SNR=-4,kfold,full_spectrogram_pca,3,0.7843525006114677,0.09166944888809063,121106.24465224118,31349.625565728016,102051.0697476085,26728.44046018442,0.9313679286369422,0.022668847775818495
2025.06.11_0.3_2,reference_SNR=-4,kfold,old_style_magnitude_minmax_pca,3,0.27357900104842287,0.27422669258278815,221272.01724795494,39904.36181665656,184847.56901316412,23982.549739289138,0.715001600118829,0.2320259402783726
2025.06.11_0.3_2,reference_SNR=-4,kfold,total_power_only,3,0.8170952470582599,0.10079321164799036,108513.56483409238,31498.77308677692,77126.78487580294,19101.283298828585,0.9539542734133422,0.011663427820774947
2025.06.11_0.3_2,reference_SNR=-8,group_kfold,full_spectrogram_pca,3,0.7671304968750777,0.04682799508161505,126547.03435337626,17123.689909855762,109300.38467399741,16050.187479434038,0.9459833326629418,0.014505152552167087
2025.06.11_0.3_2,reference_SNR=-8,group_kfold,old_style_magnitude_minmax_pca,3,-0.361979788967409,0.7029388207250437,295287.133663388,78101.1445139892,247229.2078712196,60995.44026279531,0.4748858279279194,0.2970901791821271
2025.06.11_0.3_2,reference_SNR=-8,group_kfold,total_power_only,3,0.6486858800374798,0.13865640489618267,153084.47353621494,27060.37081981978,120396.51946177518,22334.481733819157,0.9272103565400637,0.02570658926624079
2025.06.11_0.3_2,reference_SNR=-8,kfold,full_spectrogram_pca,3,0.7734204877689748,0.1102760695160966,123771.256116317,35414.47610500631,103907.7533413585,31558.008113212705,0.9308724139202651,0.03037513489317963
2025.06.11_0.3_2,reference_SNR=-8,kfold,old_style_magnitude_minmax_pca,3,-0.1887726722648072,0.25248258592302514,286873.2251484022,32298.547188794833,235025.79242427522,21663.210157704358,0.446598761097102,0.3985532907734127
2025.06.11_0.3_2,reference_SNR=-8,kfold,total_power_only,3,0.6267102657240817,0.08249942567288945,160891.09251854804,22063.534794858726,114664.74300844183,23644.52416166286,0.9208635380809101,0.01602174095818267
2025.06.11_0.3_2,reference_SNR=0,group_kfold,full_spectrogram_pca,3,0.7961569947951089,0.02188473785853745,118630.08432013681,11339.460277376242,99039.53510983073,9507.911104507653,0.9499760635153525,0.008894626439371747
2025.06.11_0.3_2,reference_SNR=0,group_kfold,old_style_magnitude_minmax_pca,3,0.033489086657912136,0.6715997887716681,247019.8237658542,82293.99877197598,206918.24988510855,70191.85463001764,0.6889962652687417,0.1423867478933681
2025.06.11_0.3_2,reference_SNR=0,group_kfold,total_power_only,3,0.9013282051594399,0.03572807776209198,81472.74082104182,15369.009560901613,66342.4213212196,10345.100246690246,0.9736990953247955,0.012877651931994636
2025.06.11_0.3_2,reference_SNR=0,kfold,full_spectrogram_pca,3,0.802102773629349,0.0801366712525494,116187.76029578353,28695.67561076062,97860.07754677517,22879.560877189007,0.939511737935613,0.020125690180793434
2025.06.11_0.3_2,reference_SNR=0,kfold,old_style_magnitude_minmax_pca,3,0.338749430854739,0.22658033877744052,211630.2782310977,33890.97764275822,178422.69036733077,22024.103412823362,0.7698849752460002,0.1596466999916194
2025.06.11_0.3_2,reference_SNR=0,kfold,total_power_only,3,0.9163777873746041,0.023642724443852,75748.58608008425,10917.377002475943,56384.21015788627,11859.573850411878,0.9639941741368506,0.00977519267650055
