experiment_name,noise_dir,source_dir,max_freq_dir,chunks_per_source,data_path,split_strategy,feature_set,folds,r2_mean,r2_std,rmse_mean,rmse_std,mae_mean,mae_std,prediction_pearson_mean,prediction_pearson_std
2025.06.18_0.3_3,heatflux_no_noise,waterflow_20260722_1s_y_power,maxfreq=22kHz,5,C:\Users\Casper4\Python\ueki\shibasaki\研究\Pool_boiling\Subcooling_20_degrees\0.3\2025.06.18_0.3_3\data\npy\waterflow_20260722_1s_y_power\maxfreq=22kHz\heatflux_no_noise,group_kfold,full_spectrogram_pca,3,0.600325036817037,0.11159790014988688,139721.64781247312,25599.283945237898,113816.2441272039,17745.935003589508,0.8580142056731184,0.1228734173595463
2025.06.18_0.3_3,heatflux_no_noise,waterflow_20260722_1s_y_power,maxfreq=22kHz,5,C:\Users\Casper4\Python\ueki\shibasaki\研究\Pool_boiling\Subcooling_20_degrees\0.3\2025.06.18_0.3_3\data\npy\waterflow_20260722_1s_y_power\maxfreq=22kHz\heatflux_no_noise,group_kfold,old_style_magnitude_minmax_pca,3,0.7417077829968042,0.1320200307058045,108378.70741961508,8638.3849164823,82060.98705598166,9743.478678086844,0.9010402534031631,0.04737048849361052
2025.06.18_0.3_3,heatflux_no_noise,waterflow_20260722_1s_y_power,maxfreq=22kHz,5,C:\Users\Casper4\Python\ueki\shibasaki\研究\Pool_boiling\Subcooling_20_degrees\0.3\2025.06.18_0.3_3\data\npy\waterflow_20260722_1s_y_power\maxfreq=22kHz\heatflux_no_noise,group_kfold,total_power_only,3,0.5972075402718486,0.4088829603617358,116379.34976633241,38235.91971234898,89206.3787173914,27610.301077501863,0.8305937350821061,0.22625275162911498
2025.06.18_0.3_3,heatflux_no_noise,waterflow_20260722_1s_y_power,maxfreq=22kHz,5,C:\Users\Casper4\Python\ueki\shibasaki\研究\Pool_boiling\Subcooling_20_degrees\0.3\2025.06.18_0.3_3\data\npy\waterflow_20260722_1s_y_power\maxfreq=22kHz\heatflux_no_noise,kfold,full_spectrogram_pca,3,0.894136595014921,0.03155851605509958,86706.38273475274,13784.668572527373,67898.44865429417,9335.73563614881,0.9689057843465197,0.021772430075703824
2025.06.18_0.3_3,heatflux_no_noise,waterflow_20260722_1s_y_power,maxfreq=22kHz,5,C:\Users\Casper4\Python\ueki\shibasaki\研究\Pool_boiling\Subcooling_20_degrees\0.3\2025.06.18_0.3_3\data\npy\waterflow_20260722_1s_y_power\maxfreq=22kHz\heatflux_no_noise,kfold,old_style_magnitude_minmax_pca,3,0.8812219255624987,0.013500445935625969,92294.05786567817,5264.993418339468,69637.88949859278,5504.671144071527,0.9415031412767486,0.00622334777142188
2025.06.18_0.3_3,heatflux_no_noise,waterflow_20260722_1s_y_power,maxfreq=22kHz,5,C:\Users\Casper4\Python\ueki\shibasaki\研究\Pool_boiling\Subcooling_20_degrees\0.3\2025.06.18_0.3_3\data\npy\waterflow_20260722_1s_y_power\maxfreq=22kHz\heatflux_no_noise,kfold,total_power_only,3,0.8740361125242554,0.09401686449319697,88230.40259190527,45462.65824769294,58452.92740649331,29410.362653782573,0.9391018923634616,0.04747024575462199
2025.06.18_0.3_3,heatflux_SNR=0,waterflow_20260722_1s_y_power,maxfreq=22kHz,5,C:\Users\Casper4\Python\ueki\shibasaki\研究\Pool_boiling\Subcooling_20_degrees\0.3\2025.06.18_0.3_3\data\npy\waterflow_20260722_1s_y_power\maxfreq=22kHz\heatflux_SNR=0,group_kfold,full_spectrogram_pca,3,0.816441499712289,0.10896099531441611,99849.48655173434,53602.55356505929,75438.21487716484,40571.046366419214,0.955339299971358,0.01580688483854999
2025.06.18_0.3_3,heatflux_SNR=0,waterflow_20260722_1s_y_power,maxfreq=22kHz,5,C:\Users\Casper4\Python\ueki\shibasaki\研究\Pool_boiling\Subcooling_20_degrees\0.3\2025.06.18_0.3_3\data\npy\waterflow_20260722_1s_y_power\maxfreq=22kHz\heatflux_SNR=0,group_kfold,old_style_magnitude_minmax_pca,3,0.7286990603024162,0.09551845315620036,113798.86565085413,17677.62026863027,87058.20948970388,12466.743901738795,0.9054337936770404,0.021247760872678528
2025.06.18_0.3_3,heatflux_SNR=0,waterflow_20260722_1s_y_power,maxfreq=22kHz,5,C:\Users\Casper4\Python\ueki\shibasaki\研究\Pool_boiling\Subcooling_20_degrees\0.3\2025.06.18_0.3_3\data\npy\waterflow_20260722_1s_y_power\maxfreq=22kHz\heatflux_SNR=0,group_kfold,total_power_only,3,0.8986708296642941,0.048070655141173924,68103.93961054883,7329.675758158423,53716.61130859625,6599.527501811454,0.9598837788976248,0.030183097184809753
2025.06.18_0.3_3,heatflux_SNR=0,waterflow_20260722_1s_y_power,maxfreq=22kHz,5,C:\Users\Casper4\Python\ueki\shibasaki\研究\Pool_boiling\Subcooling_20_degrees\0.3\2025.06.18_0.3_3\data\npy\waterflow_20260722_1s_y_power\maxfreq=22kHz\heatflux_SNR=0,kfold,full_spectrogram_pca,3,0.8793879494618787,0.05095574488693686,91870.83754090266,23775.296971009982,65245.23764967092,18447.30282303711,0.969140277540717,0.015405045850943898
2025.06.18_0.3_3,heatflux_SNR=0,waterflow_20260722_1s_y_power,maxfreq=22kHz,5,C:\Users\Casper4\Python\ueki\shibasaki\研究\Pool_boiling\Subcooling_20_degrees\0.3\2025.06.18_0.3_3\data\npy\waterflow_20260722_1s_y_power\maxfreq=22kHz\heatflux_SNR=0,kfold,old_style_magnitude_minmax_pca,3,0.8471033660349473,0.0549027686333945,103124.68289592759,17096.248405046215,79799.19345859278,10204.335233975256,0.933378277166348,0.022771952752174307
2025.06.18_0.3_3,heatflux_SNR=0,waterflow_20260722_1s_y_power,maxfreq=22kHz,5,C:\Users\Casper4\Python\ueki\shibasaki\研究\Pool_boiling\Subcooling_20_degrees\0.3\2025.06.18_0.3_3\data\npy\waterflow_20260722_1s_y_power\maxfreq=22kHz\heatflux_SNR=0,kfold,total_power_only,3,0.9616712400775054,0.01695668891122179,51951.31018015702,12971.139001385542,33831.780887473506,9844.875407408641,0.9817736352718677,0.008231958031750329
2025.06.18_0.3_3,heatflux_SNR=-4,waterflow_20260722_1s_y_power,maxfreq=22kHz,5,C:\Users\Casper4\Python\ueki\shibasaki\研究\Pool_boiling\Subcooling_20_degrees\0.3\2025.06.18_0.3_3\data\npy\waterflow_20260722_1s_y_power\maxfreq=22kHz\heatflux_SNR=-4,group_kfold,full_spectrogram_pca,3,0.8404191798281667,0.08330634616679258,92902.78822092169,44779.40233990346,71819.52594603115,34279.830913659454,0.9557979167345066,0.01687071281977786
2025.06.18_0.3_3,heatflux_SNR=-4,waterflow_20260722_1s_y_power,maxfreq=22kHz,5,C:\Users\Casper4\Python\ueki\shibasaki\研究\Pool_boiling\Subcooling_20_degrees\0.3\2025.06.18_0.3_3\data\npy\waterflow_20260722_1s_y_power\maxfreq=22kHz\heatflux_SNR=-4,group_kfold,old_style_magnitude_minmax_pca,3,0.6145939298834912,0.3015879605146731,123946.73320755402,17299.214545805007,99783.69715123861,11322.294511605749,0.9039432001048343,0.030502682947511742
2025.06.18_0.3_3,heatflux_SNR=-4,waterflow_20260722_1s_y_power,maxfreq=22kHz,5,C:\Users\Casper4\Python\ueki\shibasaki\研究\Pool_boiling\Subcooling_20_degrees\0.3\2025.06.18_0.3_3\data\npy\waterflow_20260722_1s_y_power\maxfreq=22kHz\heatflux_SNR=-4,group_kfold,total_power_only,3,0.8830697219209912,0.07617651653441056,70310.14545595513,10281.923118050532,56156.34497063098,7014.165838906019,0.9496058034486747,0.04568185282895336
2025.06.18_0.3_3,heatflux_SNR=-4,waterflow_20260722_1s_y_power,maxfreq=22kHz,5,C:\Users\Casper4\Python\ueki\shibasaki\研究\Pool_boiling\Subcooling_20_degrees\0.3\2025.06.18_0.3_3\data\npy\waterflow_20260722_1s_y_power\maxfreq=22kHz\heatflux_SNR=-4,kfold,full_spectrogram_pca,3,0.856539902748656,0.07667377092778248,98976.26152853474,32896.47368504697,66934.30808388966,22845.949716951323,0.9572631865140483,0.02147891622941658
2025.06.18_0.3_3,heatflux_SNR=-4,waterflow_20260722_1s_y_power,maxfreq=22kHz,5,C:\Users\Casper4\Python\ueki\shibasaki\研究\Pool_boiling\Subcooling_20_degrees\0.3\2025.06.18_0.3_3\data\npy\waterflow_20260722_1s_y_power\maxfreq=22kHz\heatflux_SNR=-4,kfold,old_style_magnitude_minmax_pca,3,0.7829980184997609,0.08146863074069254,122821.33988108327,19908.627033641056,94352.35350095389,9052.851498373559,0.9128387826259604,0.027957279108409783
2025.06.18_0.3_3,heatflux_SNR=-4,waterflow_20260722_1s_y_power,maxfreq=22kHz,5,C:\Users\Casper4\Python\ueki\shibasaki\研究\Pool_boiling\Subcooling_20_degrees\0.3\2025.06.18_0.3_3\data\npy\waterflow_20260722_1s_y_power\maxfreq=22kHz\heatflux_SNR=-4,kfold,total_power_only,3,0.9525907515826608,0.0073464207436592,58379.71032653394,6555.712445437348,40035.22531702888,7457.14382628093,0.9777567525463748,0.005230883121599908
2025.06.18_0.3_3,heatflux_SNR=-8,waterflow_20260722_1s_y_power,maxfreq=22kHz,5,C:\Users\Casper4\Python\ueki\shibasaki\研究\Pool_boiling\Subcooling_20_degrees\0.3\2025.06.18_0.3_3\data\npy\waterflow_20260722_1s_y_power\maxfreq=22kHz\heatflux_SNR=-8,group_kfold,full_spectrogram_pca,3,0.8160188718890088,0.08566728156852314,100513.11044976967,48880.62825194148,76782.12561833498,38991.24835478306,0.945848293166582,0.011339027067237994
2025.06.18_0.3_3,heatflux_SNR=-8,waterflow_20260722_1s_y_power,maxfreq=22kHz,5,C:\Users\Casper4\Python\ueki\shibasaki\研究\Pool_boiling\Subcooling_20_degrees\0.3\2025.06.18_0.3_3\data\npy\waterflow_20260722_1s_y_power\maxfreq=22kHz\heatflux_SNR=-8,group_kfold,old_style_magnitude_minmax_pca,3,0.651388453368916,0.195412674210547,124405.21921170875,8284.501138073449,99348.3522214053,4901.8745557902885,0.9078105106655324,0.009345278142744117
2025.06.18_0.3_3,heatflux_SNR=-8,waterflow_20260722_1s_y_power,maxfreq=22kHz,5,C:\Users\Casper4\Python\ueki\shibasaki\研究\Pool_boiling\Subcooling_20_degrees\0.3\2025.06.18_0.3_3\data\npy\waterflow_20260722_1s_y_power\maxfreq=22kHz\heatflux_SNR=-8,group_kfold,total_power_only,3,0.8841017809918795,0.06554658133896528,71920.84490584594,4649.532657761416,57019.03846622125,5068.010316967561,0.9473005937980897,0.04056784739657896
2025.06.18_0.3_3,heatflux_SNR=-8,waterflow_20260722_1s_y_power,maxfreq=22kHz,5,C:\Users\Casper4\Python\ueki\shibasaki\研究\Pool_boiling\Subcooling_20_degrees\0.3\2025.06.18_0.3_3\data\npy\waterflow_20260722_1s_y_power\maxfreq=22kHz\heatflux_SNR=-8,kfold,full_spectrogram_pca,3,0.8457810618853334,0.08080489549478967,102792.37879753941,33685.06826444572,70587.80584924556,24761.379326621052,0.9536261600962291,0.023288334240809203
2025.06.18_0.3_3,heatflux_SNR=-8,waterflow_20260722_1s_y_power,maxfreq=22kHz,5,C:\Users\Casper4\Python\ueki\shibasaki\研究\Pool_boiling\Subcooling_20_degrees\0.3\2025.06.18_0.3_3\data\npy\waterflow_20260722_1s_y_power\maxfreq=22kHz\heatflux_SNR=-8,kfold,old_style_magnitude_minmax_pca,3,0.8277336816276618,0.02101689797276195,111070.74466353485,5239.4347507244,87040.89382829417,5038.055019028451,0.9263293988076108,0.016277793437047387
2025.06.18_0.3_3,heatflux_SNR=-8,waterflow_20260722_1s_y_power,maxfreq=22kHz,5,C:\Users\Casper4\Python\ueki\shibasaki\研究\Pool_boiling\Subcooling_20_degrees\0.3\2025.06.18_0.3_3\data\npy\waterflow_20260722_1s_y_power\maxfreq=22kHz\heatflux_SNR=-8,kfold,total_power_only,3,0.9491026421822771,0.014356095648947244,60309.95167160581,10587.476059524335,42734.36666202888,10493.530705333269,0.9796166114691659,0.005306313690710189
2025.06.18_0.3_3,heatflux_SNR=-12,waterflow_20260722_1s_y_power,maxfreq=22kHz,5,C:\Users\Casper4\Python\ueki\shibasaki\研究\Pool_boiling\Subcooling_20_degrees\0.3\2025.06.18_0.3_3\data\npy\waterflow_20260722_1s_y_power\maxfreq=22kHz\heatflux_SNR=-12,group_kfold,full_spectrogram_pca,3,0.8366130659616676,0.08811977255968831,94591.67371158909,49116.21826106389,72504.63547355805,38571.44971921607,0.954254059400872,0.015478460545382192
2025.06.18_0.3_3,heatflux_SNR=-12,waterflow_20260722_1s_y_power,maxfreq=22kHz,5,C:\Users\Casper4\Python\ueki\shibasaki\研究\Pool_boiling\Subcooling_20_degrees\0.3\2025.06.18_0.3_3\data\npy\waterflow_20260722_1s_y_power\maxfreq=22kHz\heatflux_SNR=-12,group_kfold,old_style_magnitude_minmax_pca,3,0.6920205145278605,0.17060786753848764,117089.35157797195,7885.59981962876,94572.51146234277,4173.894857955111,0.9241953436914288,0.015971026408321036
2025.06.18_0.3_3,heatflux_SNR=-12,waterflow_20260722_1s_y_power,maxfreq=22kHz,5,C:\Users\Casper4\Python\ueki\shibasaki\研究\Pool_boiling\Subcooling_20_degrees\0.3\2025.06.18_0.3_3\data\npy\waterflow_20260722_1s_y_power\maxfreq=22kHz\heatflux_SNR=-12,group_kfold,total_power_only,3,0.8771883074504919,0.06058444181741924,74908.46697959433,6096.667763413571,59258.01659122126,5689.247105390587,0.9445212711327948,0.03850531230918641
2025.06.18_0.3_3,heatflux_SNR=-12,waterflow_20260722_1s_y_power,maxfreq=22kHz,5,C:\Users\Casper4\Python\ueki\shibasaki\研究\Pool_boiling\Subcooling_20_degrees\0.3\2025.06.18_0.3_3\data\npy\waterflow_20260722_1s_y_power\maxfreq=22kHz\heatflux_SNR=-12,kfold,full_spectrogram_pca,3,0.8187854472366194,0.08593981417252824,112182.95271996535,32871.89070372451,77748.21524588445,25009.029236035836,0.9465583366315228,0.021882000782463263
2025.06.18_0.3_3,heatflux_SNR=-12,waterflow_20260722_1s_y_power,maxfreq=22kHz,5,C:\Users\Casper4\Python\ueki\shibasaki\研究\Pool_boiling\Subcooling_20_degrees\0.3\2025.06.18_0.3_3\data\npy\waterflow_20260722_1s_y_power\maxfreq=22kHz\heatflux_SNR=-12,kfold,old_style_magnitude_minmax_pca,3,0.8492083841978789,0.03670396802105338,103620.89675014537,12266.390972467647,80946.93740998166,10408.271936431856,0.9314260326052467,0.023205787492604064
2025.06.18_0.3_3,heatflux_SNR=-12,waterflow_20260722_1s_y_power,maxfreq=22kHz,5,C:\Users\Casper4\Python\ueki\shibasaki\研究\Pool_boiling\Subcooling_20_degrees\0.3\2025.06.18_0.3_3\data\npy\waterflow_20260722_1s_y_power\maxfreq=22kHz\heatflux_SNR=-12,kfold,total_power_only,3,0.9467586421447911,0.015186464480535736,61644.85449403957,11103.30039246904,43925.71539511916,9783.994572911002,0.9781147391329252,0.00666005652323247
2025.06.18_0.3_3,heatflux_SNR=-16,waterflow_20260722_1s_y_power,maxfreq=22kHz,5,C:\Users\Casper4\Python\ueki\shibasaki\研究\Pool_boiling\Subcooling_20_degrees\0.3\2025.06.18_0.3_3\data\npy\waterflow_20260722_1s_y_power\maxfreq=22kHz\heatflux_SNR=-16,group_kfold,full_spectrogram_pca,3,0.8344341095273785,0.08236828220492497,95268.09058600843,47439.60776677572,70755.18339820302,34532.63035873428,0.9483495455269346,0.014618609819745242
2025.06.18_0.3_3,heatflux_SNR=-16,waterflow_20260722_1s_y_power,maxfreq=22kHz,5,C:\Users\Casper4\Python\ueki\shibasaki\研究\Pool_boiling\Subcooling_20_degrees\0.3\2025.06.18_0.3_3\data\npy\waterflow_20260722_1s_y_power\maxfreq=22kHz\heatflux_SNR=-16,group_kfold,old_style_magnitude_minmax_pca,3,0.7079914512814596,0.18634053568190492,112144.44308372973,4873.77542185059,89731.16954882194,3769.047665802087,0.9339810418487319,0.013300901251624399
2025.06.18_0.3_3,heatflux_SNR=-16,waterflow_20260722_1s_y_power,maxfreq=22kHz,5,C:\Users\Casper4\Python\ueki\shibasaki\研究\Pool_boiling\Subcooling_20_degrees\0.3\2025.06.18_0.3_3\data\npy\waterflow_20260722_1s_y_power\maxfreq=22kHz\heatflux_SNR=-16,group_kfold,total_power_only,3,0.8767065711446144,0.060471158793616774,75032.88533368614,6161.557580281419,59569.52580903375,5404.532549173379,0.9448255719344995,0.03882920858755002
2025.06.18_0.3_3,heatflux_SNR=-16,waterflow_20260722_1s_y_power,maxfreq=22kHz,5,C:\Users\Casper4\Python\ueki\shibasaki\研究\Pool_boiling\Subcooling_20_degrees\0.3\2025.06.18_0.3_3\data\npy\waterflow_20260722_1s_y_power\maxfreq=22kHz\heatflux_SNR=-16,kfold,full_spectrogram_pca,3,0.8499941682641688,0.06403242242093049,102516.5808206338,26939.090189544866,70920.83662647473,21117.205554586402,0.9552772025569665,0.014110345775597031
2025.06.18_0.3_3,heatflux_SNR=-16,waterflow_20260722_1s_y_power,maxfreq=22kHz,5,C:\Users\Casper4\Python\ueki\shibasaki\研究\Pool_boiling\Subcooling_20_degrees\0.3\2025.06.18_0.3_3\data\npy\waterflow_20260722_1s_y_power\maxfreq=22kHz\heatflux_SNR=-16,kfold,old_style_magnitude_minmax_pca,3,0.8184260722427318,0.0409010001647042,113729.3094944238,11957.940550011466,88151.59951948166,9159.08410228754,0.9152398358409469,0.028685985272429597
2025.06.18_0.3_3,heatflux_SNR=-16,waterflow_20260722_1s_y_power,maxfreq=22kHz,5,C:\Users\Casper4\Python\ueki\shibasaki\研究\Pool_boiling\Subcooling_20_degrees\0.3\2025.06.18_0.3_3\data\npy\waterflow_20260722_1s_y_power\maxfreq=22kHz\heatflux_SNR=-16,kfold,total_power_only,3,0.9522341471670949,0.01661851693631695,58198.88323877024,11801.41678524283,43144.805189685314,7923.09296151448,0.9798977988714667,0.004821161607219856
2025.06.18_0.3_3,heatflux_SNR=-20,waterflow_20260722_1s_y_power,maxfreq=22kHz,5,C:\Users\Casper4\Python\ueki\shibasaki\研究\Pool_boiling\Subcooling_20_degrees\0.3\2025.06.18_0.3_3\data\npy\waterflow_20260722_1s_y_power\maxfreq=22kHz\heatflux_SNR=-20,group_kfold,full_spectrogram_pca,3,0.8751864813220459,0.0655598120176839,80428.60299141631,33983.14760333846,60873.87702079417,20650.57668304729,0.9565781617312977,0.017507560152458964
2025.06.18_0.3_3,heatflux_SNR=-20,waterflow_20260722_1s_y_power,maxfreq=22kHz,5,C:\Users\Casper4\Python\ueki\shibasaki\研究\Pool_boiling\Subcooling_20_degrees\0.3\2025.06.18_0.3_3\data\npy\waterflow_20260722_1s_y_power\maxfreq=22kHz\heatflux_SNR=-20,group_kfold,old_style_magnitude_minmax_pca,3,0.692767690347226,0.2248752374832195,112699.48164904451,6213.713165888351,92436.57808446778,6422.139951685127,0.9333013360930744,0.015869856094731755
2025.06.18_0.3_3,heatflux_SNR=-20,waterflow_20260722_1s_y_power,maxfreq=22kHz,5,C:\Users\Casper4\Python\ueki\shibasaki\研究\Pool_boiling\Subcooling_20_degrees\0.3\2025.06.18_0.3_3\data\npy\waterflow_20260722_1s_y_power\maxfreq=22kHz\heatflux_SNR=-20,group_kfold,total_power_only,3,0.8803023440836966,0.047165212801349436,75099.59402430977,9429.925608821979,59759.678651915696,7249.06389505641,0.9478742997290386,0.03150331134330574
2025.06.18_0.3_3,heatflux_SNR=-20,waterflow_20260722_1s_y_power,maxfreq=22kHz,5,C:\Users\Casper4\Python\ueki\shibasaki\研究\Pool_boiling\Subcooling_20_degrees\0.3\2025.06.18_0.3_3\data\npy\waterflow_20260722_1s_y_power\maxfreq=22kHz\heatflux_SNR=-20,kfold,full_spectrogram_pca,3,0.8562996079039413,0.06989485574496342,100119.50239954796,28835.24029677508,70262.70055469694,22759.15023276659,0.9656399427916594,0.005817072897788841
2025.06.18_0.3_3,heatflux_SNR=-20,waterflow_20260722_1s_y_power,maxfreq=22kHz,5,C:\Users\Casper4\Python\ueki\shibasaki\研究\Pool_boiling\Subcooling_20_degrees\0.3\2025.06.18_0.3_3\data\npy\waterflow_20260722_1s_y_power\maxfreq=22kHz\heatflux_SNR=-20,kfold,old_style_magnitude_minmax_pca,3,0.8626326195540104,0.01573210146906562,99412.14334292937,9007.589529046927,78520.19869835667,7925.692136245585,0.9342387240331936,0.006432192211375877
2025.06.18_0.3_3,heatflux_SNR=-20,waterflow_20260722_1s_y_power,maxfreq=22kHz,5,C:\Users\Casper4\Python\ueki\shibasaki\研究\Pool_boiling\Subcooling_20_degrees\0.3\2025.06.18_0.3_3\data\npy\waterflow_20260722_1s_y_power\maxfreq=22kHz\heatflux_SNR=-20,kfold,total_power_only,3,0.95122105019517,0.01955382383050761,58535.0639586525,13600.670229167687,42508.57640871527,6982.438670155804,0.9796560921762728,0.005946496256796978
2025.07.09_0.3_1,heatflux_no_noise,waterflow_20260722_1s_y_power,maxfreq=22kHz,5,C:\Users\Casper4\Python\ueki\shibasaki\研究\Pool_boiling\Subcooling_20_degrees\0.3\2025.07.09_0.3_1\data\npy\waterflow_20260722_1s_y_power\maxfreq=22kHz\heatflux_no_noise,group_kfold,full_spectrogram_pca,3,0.364062836791786,0.14889841640916676,216645.17371148185,15230.602265033573,183525.58976132984,11311.189712517104,0.7357153237739213,0.11593437617177839
2025.07.09_0.3_1,heatflux_no_noise,waterflow_20260722_1s_y_power,maxfreq=22kHz,5,C:\Users\Casper4\Python\ueki\shibasaki\研究\Pool_boiling\Subcooling_20_degrees\0.3\2025.07.09_0.3_1\data\npy\waterflow_20260722_1s_y_power\maxfreq=22kHz\heatflux_no_noise,group_kfold,old_style_magnitude_minmax_pca,3,0.3374268493595623,0.15548030963473633,222296.63174037982,33897.50940993889,180419.1418803529,31329.638775564057,0.6989192048794696,0.043016640870884304
2025.07.09_0.3_1,heatflux_no_noise,waterflow_20260722_1s_y_power,maxfreq=22kHz,5,C:\Users\Casper4\Python\ueki\shibasaki\研究\Pool_boiling\Subcooling_20_degrees\0.3\2025.07.09_0.3_1\data\npy\waterflow_20260722_1s_y_power\maxfreq=22kHz\heatflux_no_noise,group_kfold,total_power_only,3,0.2814032170740719,0.3133890613200091,226058.76738063167,46636.64952538108,167303.45295456343,34114.65596542524,0.7148187358659799,0.11064820421546107
2025.07.09_0.3_1,heatflux_no_noise,waterflow_20260722_1s_y_power,maxfreq=22kHz,5,C:\Users\Casper4\Python\ueki\shibasaki\研究\Pool_boiling\Subcooling_20_degrees\0.3\2025.07.09_0.3_1\data\npy\waterflow_20260722_1s_y_power\maxfreq=22kHz\heatflux_no_noise,kfold,full_spectrogram_pca,3,0.5363161475268288,0.050493933044081674,192469.72340120448,41930.31684842821,156035.8027248018,34218.23231917332,0.774257061731333,0.058732143484569586
2025.07.09_0.3_1,heatflux_no_noise,waterflow_20260722_1s_y_power,maxfreq=22kHz,5,C:\Users\Casper4\Python\ueki\shibasaki\研究\Pool_boiling\Subcooling_20_degrees\0.3\2025.07.09_0.3_1\data\npy\waterflow_20260722_1s_y_power\maxfreq=22kHz\heatflux_no_noise,kfold,old_style_magnitude_minmax_pca,3,0.5802788521170649,0.09367981172659635,183471.6929816584,49580.73095869171,144575.20108500426,36417.769504876305,0.7997183548176867,0.07242621150284648
2025.07.09_0.3_1,heatflux_no_noise,waterflow_20260722_1s_y_power,maxfreq=22kHz,5,C:\Users\Casper4\Python\ueki\shibasaki\研究\Pool_boiling\Subcooling_20_degrees\0.3\2025.07.09_0.3_1\data\npy\waterflow_20260722_1s_y_power\maxfreq=22kHz\heatflux_no_noise,kfold,total_power_only,3,0.40896759202324057,0.11694591093358607,216182.0820806742,44618.66510368528,153539.77484155717,27491.86252228591,0.7276727126552222,0.11562010963094073
2025.07.09_0.3_1,heatflux_SNR=0,waterflow_20260722_1s_y_power,maxfreq=22kHz,5,C:\Users\Casper4\Python\ueki\shibasaki\研究\Pool_boiling\Subcooling_20_degrees\0.3\2025.07.09_0.3_1\data\npy\waterflow_20260722_1s_y_power\maxfreq=22kHz\heatflux_SNR=0,group_kfold,full_spectrogram_pca,3,0.41944567327536975,0.4710752106823167,192793.84398851614,50975.152182931044,168908.4896285835,38134.89364153355,0.8657848708263277,0.05650263318478145
2025.07.09_0.3_1,heatflux_SNR=0,waterflow_20260722_1s_y_power,maxfreq=22kHz,5,C:\Users\Casper4\Python\ueki\shibasaki\研究\Pool_boiling\Subcooling_20_degrees\0.3\2025.07.09_0.3_1\data\npy\waterflow_20260722_1s_y_power\maxfreq=22kHz\heatflux_SNR=0,group_kfold,old_style_magnitude_minmax_pca,3,0.4030453349771232,0.20050157742682959,211765.2930159407,50269.782448379505,173559.6717388792,45258.313252943735,0.7435578773229995,0.11397811011973866
2025.07.09_0.3_1,heatflux_SNR=0,waterflow_20260722_1s_y_power,maxfreq=22kHz,5,C:\Users\Casper4\Python\ueki\shibasaki\研究\Pool_boiling\Subcooling_20_degrees\0.3\2025.07.09_0.3_1\data\npy\waterflow_20260722_1s_y_power\maxfreq=22kHz\heatflux_SNR=0,group_kfold,total_power_only,3,0.3221949240058056,0.611788664342591,204752.41477029736,64520.67809072615,160569.8633874733,57577.235117537624,0.8214070373902241,0.055272837294097314
2025.07.09_0.3_1,heatflux_SNR=0,waterflow_20260722_1s_y_power,maxfreq=22kHz,5,C:\Users\Casper4\Python\ueki\shibasaki\研究\Pool_boiling\Subcooling_20_degrees\0.3\2025.07.09_0.3_1\data\npy\waterflow_20260722_1s_y_power\maxfreq=22kHz\heatflux_SNR=0,kfold,full_spectrogram_pca,3,0.6206745721137891,0.08745112012299025,170207.67933592692,5259.699877332581,140695.4955790644,5552.352773170959,0.8639267894933175,0.04415806206553385
2025.07.09_0.3_1,heatflux_SNR=0,waterflow_20260722_1s_y_power,maxfreq=22kHz,5,C:\Users\Casper4\Python\ueki\shibasaki\研究\Pool_boiling\Subcooling_20_degrees\0.3\2025.07.09_0.3_1\data\npy\waterflow_20260722_1s_y_power\maxfreq=22kHz\heatflux_SNR=0,kfold,old_style_magnitude_minmax_pca,3,0.5178687495184912,0.045025238032415635,194554.50747973993,25868.163442539815,155045.04258309942,22911.55299224853,0.7757252516743538,0.03162177667542103
2025.07.09_0.3_1,heatflux_SNR=0,waterflow_20260722_1s_y_power,maxfreq=22kHz,5,C:\Users\Casper4\Python\ueki\shibasaki\研究\Pool_boiling\Subcooling_20_degrees\0.3\2025.07.09_0.3_1\data\npy\waterflow_20260722_1s_y_power\maxfreq=22kHz\heatflux_SNR=0,kfold,total_power_only,3,0.5670428114369926,0.16882511695296717,179404.8286408341,15213.112304689737,126387.1801305043,10748.671326610549,0.8685894957678361,0.029567962362950163
2025.07.09_0.3_1,heatflux_SNR=-4,waterflow_20260722_1s_y_power,maxfreq=22kHz,5,C:\Users\Casper4\Python\ueki\shibasaki\研究\Pool_boiling\Subcooling_20_degrees\0.3\2025.07.09_0.3_1\data\npy\waterflow_20260722_1s_y_power\maxfreq=22kHz\heatflux_SNR=-4,group_kfold,full_spectrogram_pca,3,0.5183999406876819,0.3382756280325914,178785.97784400987,37214.66472990677,152137.789340322,28083.90095292026,0.8702563769814772,0.0421907090137758
2025.07.09_0.3_1,heatflux_SNR=-4,waterflow_20260722_1s_y_power,maxfreq=22kHz,5,C:\Users\Casper4\Python\ueki\shibasaki\研究\Pool_boiling\Subcooling_20_degrees\0.3\2025.07.09_0.3_1\data\npy\waterflow_20260722_1s_y_power\maxfreq=22kHz\heatflux_SNR=-4,group_kfold,old_style_magnitude_minmax_pca,3,0.15701385170508828,0.3156121659097002,246259.41549174092,24680.01301044609,198450.13153588455,13705.583834493273,0.6634394099771993,0.037231944876601704
2025.07.09_0.3_1,heatflux_SNR=-4,waterflow_20260722_1s_y_power,maxfreq=22kHz,5,C:\Users\Casper4\Python\ueki\shibasaki\研究\Pool_boiling\Subcooling_20_degrees\0.3\2025.07.09_0.3_1\data\npy\waterflow_20260722_1s_y_power\maxfreq=22kHz\heatflux_SNR=-4,group_kfold,total_power_only,3,0.24127902586462877,0.6390556952348994,218999.61009739456,63264.36207182058,170624.04871405542,66058.10171776229,0.7655546154740175,0.07639267081187966
2025.07.09_0.3_1,heatflux_SNR=-4,waterflow_20260722_1s_y_power,maxfreq=22kHz,5,C:\Users\Casper4\Python\ueki\shibasaki\研究\Pool_boiling\Subcooling_20_degrees\0.3\2025.07.09_0.3_1\data\npy\waterflow_20260722_1s_y_power\maxfreq=22kHz\heatflux_SNR=-4,kfold,full_spectrogram_pca,3,0.7240253844734724,0.02671987801669969,148396.48521277102,31100.461153151246,126231.26509652358,28349.310856145254,0.9003806693078857,0.03034443522042437
2025.07.09_0.3_1,heatflux_SNR=-4,waterflow_20260722_1s_y_power,maxfreq=22kHz,5,C:\Users\Casper4\Python\ueki\shibasaki\研究\Pool_boiling\Subcooling_20_degrees\0.3\2025.07.09_0.3_1\data\npy\waterflow_20260722_1s_y_power\maxfreq=22kHz\heatflux_SNR=-4,kfold,old_style_magnitude_minmax_pca,3,0.5215583104213352,0.05944730281732112,193327.12872572112,22216.894242836042,160208.0386126433,27435.838168731563,0.7706351000425352,0.028452796661822183
2025.07.09_0.3_1,heatflux_SNR=-4,waterflow_20260722_1s_y_power,maxfreq=22kHz,5,C:\Users\Casper4\Python\ueki\shibasaki\研究\Pool_boiling\Subcooling_20_degrees\0.3\2025.07.09_0.3_1\data\npy\waterflow_20260722_1s_y_power\maxfreq=22kHz\heatflux_SNR=-4,kfold,total_power_only,3,0.5008060806006093,0.2050782155570329,191144.01757925737,15246.657190071,138094.34818158176,13971.075732833386,0.8235974916622252,0.04500796695948001
2025.07.09_0.3_1,heatflux_SNR=-8,waterflow_20260722_1s_y_power,maxfreq=22kHz,5,C:\Users\Casper4\Python\ueki\shibasaki\研究\Pool_boiling\Subcooling_20_degrees\0.3\2025.07.09_0.3_1\data\npy\waterflow_20260722_1s_y_power\maxfreq=22kHz\heatflux_SNR=-8,group_kfold,full_spectrogram_pca,3,0.5641541997080353,0.19858945379044882,175494.29319621786,22063.44470905028,150770.65278298393,19837.2872971314,0.8706590044222796,0.006522868604282711
2025.07.09_0.3_1,heatflux_SNR=-8,waterflow_20260722_1s_y_power,maxfreq=22kHz,5,C:\Users\Casper4\Python\ueki\shibasaki\研究\Pool_boiling\Subcooling_20_degrees\0.3\2025.07.09_0.3_1\data\npy\waterflow_20260722_1s_y_power\maxfreq=22kHz\heatflux_SNR=-8,group_kfold,old_style_magnitude_minmax_pca,3,0.4471825250305728,0.14072276391465213,201597.87220696875,10803.522820017028,173699.18545982058,17012.761660466913,0.787845336849812,0.03160201381354081
2025.07.09_0.3_1,heatflux_SNR=-8,waterflow_20260722_1s_y_power,maxfreq=22kHz,5,C:\Users\Casper4\Python\ueki\shibasaki\研究\Pool_boiling\Subcooling_20_degrees\0.3\2025.07.09_0.3_1\data\npy\waterflow_20260722_1s_y_power\maxfreq=22kHz\heatflux_SNR=-8,group_kfold,total_power_only,3,0.27086304128977506,0.5868622001210115,216318.04826591854,56471.49480255187,167862.49446268167,54958.106949333735,0.7772137898145867,0.05379092575475462
2025.07.09_0.3_1,heatflux_SNR=-8,waterflow_20260722_1s_y_power,maxfreq=22kHz,5,C:\Users\Casper4\Python\ueki\shibasaki\研究\Pool_boiling\Subcooling_20_degrees\0.3\2025.07.09_0.3_1\data\npy\waterflow_20260722_1s_y_power\maxfreq=22kHz\heatflux_SNR=-8,kfold,full_spectrogram_pca,3,0.661728483551088,0.026555303492875038,164126.2982978534,32587.23753883134,139392.02023435853,30972.761372438632,0.8784850677358538,0.027890543780637884
2025.07.09_0.3_1,heatflux_SNR=-8,waterflow_20260722_1s_y_power,maxfreq=22kHz,5,C:\Users\Casper4\Python\ueki\shibasaki\研究\Pool_boiling\Subcooling_20_degrees\0.3\2025.07.09_0.3_1\data\npy\waterflow_20260722_1s_y_power\maxfreq=22kHz\heatflux_SNR=-8,kfold,old_style_magnitude_minmax_pca,3,0.619320706108461,0.10092517378718778,170420.1299339544,11386.549775633232,142922.29014539695,9024.022385087806,0.8307002153296573,0.04109129318335159
2025.07.09_0.3_1,heatflux_SNR=-8,waterflow_20260722_1s_y_power,maxfreq=22kHz,5,C:\Users\Casper4\Python\ueki\shibasaki\研究\Pool_boiling\Subcooling_20_degrees\0.3\2025.07.09_0.3_1\data\npy\waterflow_20260722_1s_y_power\maxfreq=22kHz\heatflux_SNR=-8,kfold,total_power_only,3,0.548711175218148,0.15154893609153847,184071.00529879914,10997.368152008918,123616.1949171259,11043.869176972257,0.8154314714383748,0.05243265064797533
2025.07.09_0.3_1,heatflux_SNR=-12,waterflow_20260722_1s_y_power,maxfreq=22kHz,5,C:\Users\Casper4\Python\ueki\shibasaki\研究\Pool_boiling\Subcooling_20_degrees\0.3\2025.07.09_0.3_1\data\npy\waterflow_20260722_1s_y_power\maxfreq=22kHz\heatflux_SNR=-12,group_kfold,full_spectrogram_pca,3,0.5294096926283672,0.2596765390361309,179762.88220464753,39021.68923920893,154217.01415537155,26856.1471979664,0.8803278615856938,0.04411017992767867
2025.07.09_0.3_1,heatflux_SNR=-12,waterflow_20260722_1s_y_power,maxfreq=22kHz,5,C:\Users\Casper4\Python\ueki\shibasaki\研究\Pool_boiling\Subcooling_20_degrees\0.3\2025.07.09_0.3_1\data\npy\waterflow_20260722_1s_y_power\maxfreq=22kHz\heatflux_SNR=-12,group_kfold,old_style_magnitude_minmax_pca,3,0.3013901358751638,0.21225718583546582,225655.8887924724,8379.892938096298,187743.17248727297,15891.368036750166,0.7444143903996464,0.05379710520273066
2025.07.09_0.3_1,heatflux_SNR=-12,waterflow_20260722_1s_y_power,maxfreq=22kHz,5,C:\Users\Casper4\Python\ueki\shibasaki\研究\Pool_boiling\Subcooling_20_degrees\0.3\2025.07.09_0.3_1\data\npy\waterflow_20260722_1s_y_power\maxfreq=22kHz\heatflux_SNR=-12,group_kfold,total_power_only,3,0.20663531889394302,0.5849695987793846,228060.05619692671,53563.25194792199,183746.36547496845,52159.57250821023,0.7538394511630796,0.05724509824579759
2025.07.09_0.3_1,heatflux_SNR=-12,waterflow_20260722_1s_y_power,maxfreq=22kHz,5,C:\Users\Casper4\Python\ueki\shibasaki\研究\Pool_boiling\Subcooling_20_degrees\0.3\2025.07.09_0.3_1\data\npy\waterflow_20260722_1s_y_power\maxfreq=22kHz\heatflux_SNR=-12,kfold,full_spectrogram_pca,3,0.6384941544787199,0.08191102892560244,168351.58264143497,32619.520070438142,140642.0320326626,24551.69307668217,0.8704188537999297,0.02038133549148577
2025.07.09_0.3_1,heatflux_SNR=-12,waterflow_20260722_1s_y_power,maxfreq=22kHz,5,C:\Users\Casper4\Python\ueki\shibasaki\研究\Pool_boiling\Subcooling_20_degrees\0.3\2025.07.09_0.3_1\data\npy\waterflow_20260722_1s_y_power\maxfreq=22kHz\heatflux_SNR=-12,kfold,old_style_magnitude_minmax_pca,3,0.5594717579540726,0.06897027428034948,184735.69767664094,14254.969889794556,147750.38922344663,14549.907881389272,0.8136017641136504,0.07367742261632994
2025.07.09_0.3_1,heatflux_SNR=-12,waterflow_20260722_1s_y_power,maxfreq=22kHz,5,C:\Users\Casper4\Python\ueki\shibasaki\研究\Pool_boiling\Subcooling_20_degrees\0.3\2025.07.09_0.3_1\data\npy\waterflow_20260722_1s_y_power\maxfreq=22kHz\heatflux_SNR=-12,kfold,total_power_only,3,0.5562649747922191,0.24697418207672792,176930.80174514683,29045.675115866128,121644.9488696446,21574.875298997595,0.8356715194039958,0.0654536160590585
2025.07.09_0.3_1,heatflux_SNR=-16,waterflow_20260722_1s_y_power,maxfreq=22kHz,5,C:\Users\Casper4\Python\ueki\shibasaki\研究\Pool_boiling\Subcooling_20_degrees\0.3\2025.07.09_0.3_1\data\npy\waterflow_20260722_1s_y_power\maxfreq=22kHz\heatflux_SNR=-16,group_kfold,full_spectrogram_pca,3,0.5944627738877117,0.23809407571377605,166386.6809553067,31349.486921166557,142657.0426258579,20584.77320146769,0.8903068681670603,0.022896229445524382
2025.07.09_0.3_1,heatflux_SNR=-16,waterflow_20260722_1s_y_power,maxfreq=22kHz,5,C:\Users\Casper4\Python\ueki\shibasaki\研究\Pool_boiling\Subcooling_20_degrees\0.3\2025.07.09_0.3_1\data\npy\waterflow_20260722_1s_y_power\maxfreq=22kHz\heatflux_SNR=-16,group_kfold,old_style_magnitude_minmax_pca,3,0.4563256472447739,0.11530920568987277,200938.18607203988,21060.26422765232,169878.26524124903,17967.4903932619,0.7907054638828649,0.035918867460027044
2025.07.09_0.3_1,heatflux_SNR=-16,waterflow_20260722_1s_y_power,maxfreq=22kHz,5,C:\Users\Casper4\Python\ueki\shibasaki\研究\Pool_boiling\Subcooling_20_degrees\0.3\2025.07.09_0.3_1\data\npy\waterflow_20260722_1s_y_power\maxfreq=22kHz\heatflux_SNR=-16,group_kfold,total_power_only,3,0.19947186940274242,0.5239665141189669,232053.80853726552,44648.44145015286,188652.30317259452,39934.97732852188,0.7481346941512351,0.0642143549607359
2025.07.09_0.3_1,heatflux_SNR=-16,waterflow_20260722_1s_y_power,maxfreq=22kHz,5,C:\Users\Casper4\Python\ueki\shibasaki\研究\Pool_boiling\Subcooling_20_degrees\0.3\2025.07.09_0.3_1\data\npy\waterflow_20260722_1s_y_power\maxfreq=22kHz\heatflux_SNR=-16,kfold,full_spectrogram_pca,3,0.5929006072964484,0.13109114662272364,177179.03058309437,33137.71546378016,145415.94799192876,27052.39830915784,0.8594867177787792,0.04047322959541883
2025.07.09_0.3_1,heatflux_SNR=-16,waterflow_20260722_1s_y_power,maxfreq=22kHz,5,C:\Users\Casper4\Python\ueki\shibasaki\研究\Pool_boiling\Subcooling_20_degrees\0.3\2025.07.09_0.3_1\data\npy\waterflow_20260722_1s_y_power\maxfreq=22kHz\heatflux_SNR=-16,kfold,old_style_magnitude_minmax_pca,3,0.5280916938469885,0.045675444313812624,192105.11030556975,21091.471405800734,160700.70745922736,20271.729867466405,0.7682068861315002,0.061698036300273644
2025.07.09_0.3_1,heatflux_SNR=-16,waterflow_20260722_1s_y_power,maxfreq=22kHz,5,C:\Users\Casper4\Python\ueki\shibasaki\研究\Pool_boiling\Subcooling_20_degrees\0.3\2025.07.09_0.3_1\data\npy\waterflow_20260722_1s_y_power\maxfreq=22kHz\heatflux_SNR=-16,kfold,total_power_only,3,0.5845924369370792,0.19362636992695226,173748.43220817854,19586.204536209465,122872.91503135096,14805.129861650237,0.8507116864528065,0.05389120280311551
2025.07.09_0.3_1,heatflux_SNR=-20,waterflow_20260722_1s_y_power,maxfreq=22kHz,5,C:\Users\Casper4\Python\ueki\shibasaki\研究\Pool_boiling\Subcooling_20_degrees\0.3\2025.07.09_0.3_1\data\npy\waterflow_20260722_1s_y_power\maxfreq=22kHz\heatflux_SNR=-20,group_kfold,full_spectrogram_pca,3,0.5804543858218637,0.19727447242365506,172002.03537209867,17487.584525111404,143431.34689884106,10559.623839310343,0.8785927865356716,0.04082467621115489
2025.07.09_0.3_1,heatflux_SNR=-20,waterflow_20260722_1s_y_power,maxfreq=22kHz,5,C:\Users\Casper4\Python\ueki\shibasaki\研究\Pool_boiling\Subcooling_20_degrees\0.3\2025.07.09_0.3_1\data\npy\waterflow_20260722_1s_y_power\maxfreq=22kHz\heatflux_SNR=-20,group_kfold,old_style_magnitude_minmax_pca,3,0.4072801748404103,0.1317819093908209,209568.16686975656,20778.120060422705,172662.7786435742,21307.874489850008,0.7701529195191407,0.03440471186879744
2025.07.09_0.3_1,heatflux_SNR=-20,waterflow_20260722_1s_y_power,maxfreq=22kHz,5,C:\Users\Casper4\Python\ueki\shibasaki\研究\Pool_boiling\Subcooling_20_degrees\0.3\2025.07.09_0.3_1\data\npy\waterflow_20260722_1s_y_power\maxfreq=22kHz\heatflux_SNR=-20,group_kfold,total_power_only,3,0.22219575021834068,0.5799747580813746,225475.6088107051,54235.07876032563,184794.82616815486,47907.439892803995,0.7703639836555697,0.07510550845387952
2025.07.09_0.3_1,heatflux_SNR=-20,waterflow_20260722_1s_y_power,maxfreq=22kHz,5,C:\Users\Casper4\Python\ueki\shibasaki\研究\Pool_boiling\Subcooling_20_degrees\0.3\2025.07.09_0.3_1\data\npy\waterflow_20260722_1s_y_power\maxfreq=22kHz\heatflux_SNR=-20,kfold,full_spectrogram_pca,3,0.5468405694178485,0.09682186231107148,188179.71256413843,31676.783149158626,153759.86830505423,31536.586529969863,0.8276742390124939,0.018566429219971228
2025.07.09_0.3_1,heatflux_SNR=-20,waterflow_20260722_1s_y_power,maxfreq=22kHz,5,C:\Users\Casper4\Python\ueki\shibasaki\研究\Pool_boiling\Subcooling_20_degrees\0.3\2025.07.09_0.3_1\data\npy\waterflow_20260722_1s_y_power\maxfreq=22kHz\heatflux_SNR=-20,kfold,old_style_magnitude_minmax_pca,3,0.5163369053391772,0.028410098968972546,194964.87324380068,25198.399767255687,161849.57540958177,27369.084859067963,0.7627292545356821,0.052096087791142526
2025.07.09_0.3_1,heatflux_SNR=-20,waterflow_20260722_1s_y_power,maxfreq=22kHz,5,C:\Users\Casper4\Python\ueki\shibasaki\研究\Pool_boiling\Subcooling_20_degrees\0.3\2025.07.09_0.3_1\data\npy\waterflow_20260722_1s_y_power\maxfreq=22kHz\heatflux_SNR=-20,kfold,total_power_only,3,0.4775650370658056,0.3612470659890411,187598.54800671086,46266.27051966643,135138.86824575774,29832.24893370853,0.8284514334504444,0.06922118085011236
2025.06.11_0.3_2,heatflux_no_noise,waterflow_20260722_1s_y_power,maxfreq=22kHz,5,C:\Users\Casper4\Python\ueki\shibasaki\研究\Pool_boiling\Subcooling_20_degrees\0.3\2025.06.11_0.3_2\data\npy\waterflow_20260722_1s_y_power\maxfreq=22kHz\heatflux_no_noise,group_kfold,full_spectrogram_pca,3,0.6756482609281186,0.07747955223911022,125116.34897022776,28549.428218022193,107075.68489302516,30841.051467819794,0.9140644206421933,0.05012103466688349
2025.06.11_0.3_2,heatflux_no_noise,waterflow_20260722_1s_y_power,maxfreq=22kHz,5,C:\Users\Casper4\Python\ueki\shibasaki\研究\Pool_boiling\Subcooling_20_degrees\0.3\2025.06.11_0.3_2\data\npy\waterflow_20260722_1s_y_power\maxfreq=22kHz\heatflux_no_noise,group_kfold,old_style_magnitude_minmax_pca,3,0.5954270401528823,0.2374443058824797,131833.10757085346,9339.775564664826,111845.51290753907,8167.0985344947885,0.88595002666478,0.03413978756841101
2025.06.11_0.3_2,heatflux_no_noise,waterflow_20260722_1s_y_power,maxfreq=22kHz,5,C:\Users\Casper4\Python\ueki\shibasaki\研究\Pool_boiling\Subcooling_20_degrees\0.3\2025.06.11_0.3_2\data\npy\waterflow_20260722_1s_y_power\maxfreq=22kHz\heatflux_no_noise,group_kfold,total_power_only,3,0.7564540103054487,0.2669262826184397,89471.669303063,20674.25331205289,65863.26651952232,12649.807790446912,0.8899507423726055,0.14375093489701793
2025.06.11_0.3_2,heatflux_no_noise,waterflow_20260722_1s_y_power,maxfreq=22kHz,5,C:\Users\Casper4\Python\ueki\shibasaki\研究\Pool_boiling\Subcooling_20_degrees\0.3\2025.06.11_0.3_2\data\npy\waterflow_20260722_1s_y_power\maxfreq=22kHz\heatflux_no_noise,kfold,full_spectrogram_pca,3,0.8790635778875121,0.022522021579622985,91677.02548061986,11282.197915923072,74911.52474795573,5558.02308381827,0.9649123281848954,0.008679140978902622
2025.06.11_0.3_2,heatflux_no_noise,waterflow_20260722_1s_y_power,maxfreq=22kHz,5,C:\Users\Casper4\Python\ueki\shibasaki\研究\Pool_boiling\Subcooling_20_degrees\0.3\2025.06.11_0.3_2\data\npy\waterflow_20260722_1s_y_power\maxfreq=22kHz\heatflux_no_noise,kfold,old_style_magnitude_minmax_pca,3,0.7375477500707474,0.08019882886025095,134067.36548599714,22250.221894529735,110962.50412733073,15755.733628980135,0.8845386518414046,0.029275745600397158
2025.06.11_0.3_2,heatflux_no_noise,waterflow_20260722_1s_y_power,maxfreq=22kHz,5,C:\Users\Casper4\Python\ueki\shibasaki\研究\Pool_boiling\Subcooling_20_degrees\0.3\2025.06.11_0.3_2\data\npy\waterflow_20260722_1s_y_power\maxfreq=22kHz\heatflux_no_noise,kfold,total_power_only,3,0.9252598502444611,0.03184547024878228,71438.15036724917,17209.20373253084,42738.2643412823,15298.995899345387,0.9626333751437022,0.016350291486901015
2025.06.11_0.3_2,heatflux_SNR=0,waterflow_20260722_1s_y_power,maxfreq=22kHz,5,C:\Users\Casper4\Python\ueki\shibasaki\研究\Pool_boiling\Subcooling_20_degrees\0.3\2025.06.11_0.3_2\data\npy\waterflow_20260722_1s_y_power\maxfreq=22kHz\heatflux_SNR=0,group_kfold,full_spectrogram_pca,3,0.6800482681093277,0.1511061666223353,119043.45478590141,17934.786781454128,99233.82417108072,16658.843479932377,0.8836194190547472,0.11295765206961565
2025.06.11_0.3_2,heatflux_SNR=0,waterflow_20260722_1s_y_power,maxfreq=22kHz,5,C:\Users\Casper4\Python\ueki\shibasaki\研究\Pool_boiling\Subcooling_20_degrees\0.3\2025.06.11_0.3_2\data\npy\waterflow_20260722_1s_y_power\maxfreq=22kHz\heatflux_SNR=0,group_kfold,old_style_magnitude_minmax_pca,3,0.44047739643309236,0.33439596797406546,155355.29840922833,30829.786947241897,128190.83916545573,21889.05357216096,0.8502329636442667,0.08244116098712395
2025.06.11_0.3_2,heatflux_SNR=0,waterflow_20260722_1s_y_power,maxfreq=22kHz,5,C:\Users\Casper4\Python\ueki\shibasaki\研究\Pool_boiling\Subcooling_20_degrees\0.3\2025.06.11_0.3_2\data\npy\waterflow_20260722_1s_y_power\maxfreq=22kHz\heatflux_SNR=0,group_kfold,total_power_only,3,0.6746742554437262,0.345704735102206,103206.23209804896,27053.443977254025,83599.34464932507,22147.565847471684,0.8372927250610139,0.2255047200293997
2025.06.11_0.3_2,heatflux_SNR=0,waterflow_20260722_1s_y_power,maxfreq=22kHz,5,C:\Users\Casper4\Python\ueki\shibasaki\研究\Pool_boiling\Subcooling_20_degrees\0.3\2025.06.11_0.3_2\data\npy\waterflow_20260722_1s_y_power\maxfreq=22kHz\heatflux_SNR=0,kfold,full_spectrogram_pca,3,0.8955040736293141,0.012734101579722688,85344.552469225,8018.4043759380875,70768.53162024739,9721.355689915112,0.9699441338689759,0.0028581619503998124
2025.06.11_0.3_2,heatflux_SNR=0,waterflow_20260722_1s_y_power,maxfreq=22kHz,5,C:\Users\Casper4\Python\ueki\shibasaki\研究\Pool_boiling\Subcooling_20_degrees\0.3\2025.06.11_0.3_2\data\npy\waterflow_20260722_1s_y_power\maxfreq=22kHz\heatflux_SNR=0,kfold,old_style_magnitude_minmax_pca,3,0.6938338569722032,0.05041904397014703,145821.1647281938,14902.586300459338,114564.58107899739,6557.338559296726,0.8463266002110492,0.02435828153609909
2025.06.11_0.3_2,heatflux_SNR=0,waterflow_20260722_1s_y_power,maxfreq=22kHz,5,C:\Users\Casper4\Python\ueki\shibasaki\研究\Pool_boiling\Subcooling_20_degrees\0.3\2025.06.11_0.3_2\data\npy\waterflow_20260722_1s_y_power\maxfreq=22kHz\heatflux_SNR=0,kfold,total_power_only,3,0.9209805729867436,0.022466038685863568,73783.55577458937,12333.371220502457,49848.573891192085,15013.857215417549,0.962955594866588,0.011987313179322487
2025.06.11_0.3_2,heatflux_SNR=-4,waterflow_20260722_1s_y_power,maxfreq=22kHz,5,C:\Users\Casper4\Python\ueki\shibasaki\研究\Pool_boiling\Subcooling_20_degrees\0.3\2025.06.11_0.3_2\data\npy\waterflow_20260722_1s_y_power\maxfreq=22kHz\heatflux_SNR=-4,group_kfold,full_spectrogram_pca,3,0.6724848015542669,0.15441123643787913,120784.70995741301,28900.944739889906,97936.80231373697,25473.95666922737,0.8870484902895863,0.10004145631675629
2025.06.11_0.3_2,heatflux_SNR=-4,waterflow_20260722_1s_y_power,maxfreq=22kHz,5,C:\Users\Casper4\Python\ueki\shibasaki\研究\Pool_boiling\Subcooling_20_degrees\0.3\2025.06.11_0.3_2\data\npy\waterflow_20260722_1s_y_power\maxfreq=22kHz\heatflux_SNR=-4,group_kfold,old_style_magnitude_minmax_pca,3,0.5182803322578543,0.22677453465870182,146337.45688524007,14783.271817181,125868.90765569879,8276.745936077969,0.8800016237470404,0.0343502273323092
2025.06.11_0.3_2,heatflux_SNR=-4,waterflow_20260722_1s_y_power,maxfreq=22kHz,5,C:\Users\Casper4\Python\ueki\shibasaki\研究\Pool_boiling\Subcooling_20_degrees\0.3\2025.06.11_0.3_2\data\npy\waterflow_20260722_1s_y_power\maxfreq=22kHz\heatflux_SNR=-4,group_kfold,total_power_only,3,0.5910107063288268,0.5096319239760724,107236.58328948401,42788.42054332637,88212.62109944859,34846.81689899905,0.7896354991175788,0.31963482243340785
2025.06.11_0.3_2,heatflux_SNR=-4,waterflow_20260722_1s_y_power,maxfreq=22kHz,5,C:\Users\Casper4\Python\ueki\shibasaki\研究\Pool_boiling\Subcooling_20_degrees\0.3\2025.06.11_0.3_2\data\npy\waterflow_20260722_1s_y_power\maxfreq=22kHz\heatflux_SNR=-4,kfold,full_spectrogram_pca,3,0.8770075884569227,0.031630841697475,92354.98084157839,14934.032887480667,72791.0703288585,13609.473200027962,0.963517143277356,0.008953752729063024
2025.06.11_0.3_2,heatflux_SNR=-4,waterflow_20260722_1s_y_power,maxfreq=22kHz,5,C:\Users\Casper4\Python\ueki\shibasaki\研究\Pool_boiling\Subcooling_20_degrees\0.3\2025.06.11_0.3_2\data\npy\waterflow_20260722_1s_y_power\maxfreq=22kHz\heatflux_SNR=-4,kfold,old_style_magnitude_minmax_pca,3,0.7769675174854322,0.034139143852993895,124307.7163221994,7576.016745263051,96012.42324038628,9074.869521098606,0.9050973789495155,0.0066742633163367265
2025.06.11_0.3_2,heatflux_SNR=-4,waterflow_20260722_1s_y_power,maxfreq=22kHz,5,C:\Users\Casper4\Python\ueki\shibasaki\研究\Pool_boiling\Subcooling_20_degrees\0.3\2025.06.11_0.3_2\data\npy\waterflow_20260722_1s_y_power\maxfreq=22kHz\heatflux_SNR=-4,kfold,total_power_only,3,0.9339484912181272,0.01519032151088528,67457.49756966934,6573.409530579311,47795.5776063585,8998.599385094374,0.9704363181430282,0.0076765057308673034
2025.06.11_0.3_2,heatflux_SNR=-8,waterflow_20260722_1s_y_power,maxfreq=22kHz,5,C:\Users\Casper4\Python\ueki\shibasaki\研究\Pool_boiling\Subcooling_20_degrees\0.3\2025.06.11_0.3_2\data\npy\waterflow_20260722_1s_y_power\maxfreq=22kHz\heatflux_SNR=-8,group_kfold,full_spectrogram_pca,3,0.6611681043586484,0.18586068526541155,120422.97077670782,29028.03861092009,98227.34296555987,22010.956735630723,0.8750162149215966,0.12101528867488998
2025.06.11_0.3_2,heatflux_SNR=-8,waterflow_20260722_1s_y_power,maxfreq=22kHz,5,C:\Users\Casper4\Python\ueki\shibasaki\研究\Pool_boiling\Subcooling_20_degrees\0.3\2025.06.11_0.3_2\data\npy\waterflow_20260722_1s_y_power\maxfreq=22kHz\heatflux_SNR=-8,group_kfold,old_style_magnitude_minmax_pca,3,0.5290381610344539,0.16818390240934597,147514.7510286149,20681.21092741217,131054.49794316408,16938.79116685962,0.8916724639258736,0.021957120003772448
2025.06.11_0.3_2,heatflux_SNR=-8,waterflow_20260722_1s_y_power,maxfreq=22kHz,5,C:\Users\Casper4\Python\ueki\shibasaki\研究\Pool_boiling\Subcooling_20_degrees\0.3\2025.06.11_0.3_2\data\npy\waterflow_20260722_1s_y_power\maxfreq=22kHz\heatflux_SNR=-8,group_kfold,total_power_only,3,0.610974454187487,0.4866100381561485,104826.28547710663,40640.97491753915,83719.33170681856,31065.152706751825,0.7907504202507654,0.3097402018799157
2025.06.11_0.3_2,heatflux_SNR=-8,waterflow_20260722_1s_y_power,maxfreq=22kHz,5,C:\Users\Casper4\Python\ueki\shibasaki\研究\Pool_boiling\Subcooling_20_degrees\0.3\2025.06.11_0.3_2\data\npy\waterflow_20260722_1s_y_power\maxfreq=22kHz\heatflux_SNR=-8,kfold,full_spectrogram_pca,3,0.8671944511486857,0.052075886432925114,95421.18245338266,22035.493260347863,75341.6747813585,15019.694772189236,0.9630785833991253,0.009463180063305704
2025.06.11_0.3_2,heatflux_SNR=-8,waterflow_20260722_1s_y_power,maxfreq=22kHz,5,C:\Users\Casper4\Python\ueki\shibasaki\研究\Pool_boiling\Subcooling_20_degrees\0.3\2025.06.11_0.3_2\data\npy\waterflow_20260722_1s_y_power\maxfreq=22kHz\heatflux_SNR=-8,kfold,old_style_magnitude_minmax_pca,3,0.7796716068706163,0.014382133189112033,123888.04068676475,6307.714436288948,96932.17667052518,7970.65970093013,0.9034838169037235,0.02056710614881185
2025.06.11_0.3_2,heatflux_SNR=-8,waterflow_20260722_1s_y_power,maxfreq=22kHz,5,C:\Users\Casper4\Python\ueki\shibasaki\研究\Pool_boiling\Subcooling_20_degrees\0.3\2025.06.11_0.3_2\data\npy\waterflow_20260722_1s_y_power\maxfreq=22kHz\heatflux_SNR=-8,kfold,total_power_only,3,0.9265830170128436,0.032458519183060704,70184.31679072832,13039.230617690924,50100.387624625866,9408.31977360976,0.9676119676143999,0.015085683343575905
2025.06.11_0.3_2,heatflux_SNR=-12,waterflow_20260722_1s_y_power,maxfreq=22kHz,5,C:\Users\Casper4\Python\ueki\shibasaki\研究\Pool_boiling\Subcooling_20_degrees\0.3\2025.06.11_0.3_2\data\npy\waterflow_20260722_1s_y_power\maxfreq=22kHz\heatflux_SNR=-12,group_kfold,full_spectrogram_pca,3,0.664418156843571,0.18624754147430758,119618.76726650154,26552.316439048413,99419.64303066407,19451.43352497158,0.8759171354024868,0.12485008580590691
2025.06.11_0.3_2,heatflux_SNR=-12,waterflow_20260722_1s_y_power,maxfreq=22kHz,5,C:\Users\Casper4\Python\ueki\shibasaki\研究\Pool_boiling\Subcooling_20_degrees\0.3\2025.06.11_0.3_2\data\npy\waterflow_20260722_1s_y_power\maxfreq=22kHz\heatflux_SNR=-12,group_kfold,old_style_magnitude_minmax_pca,3,0.48903737791493823,0.16491115740978393,154563.98772288763,23860.993670511776,134648.6787351085,21721.274463047812,0.879495432694406,0.04663951548111066
2025.06.11_0.3_2,heatflux_SNR=-12,waterflow_20260722_1s_y_power,maxfreq=22kHz,5,C:\Users\Casper4\Python\ueki\shibasaki\研究\Pool_boiling\Subcooling_20_degrees\0.3\2025.06.11_0.3_2\data\npy\waterflow_20260722_1s_y_power\maxfreq=22kHz\heatflux_SNR=-12,group_kfold,total_power_only,3,0.628062082298115,0.46200527871653824,103693.23850132422,36915.29171318504,81179.1547380729,26919.297107182614,0.8004218425718137,0.28708115514293897
2025.06.11_0.3_2,heatflux_SNR=-12,waterflow_20260722_1s_y_power,maxfreq=22kHz,5,C:\Users\Casper4\Python\ueki\shibasaki\研究\Pool_boiling\Subcooling_20_degrees\0.3\2025.06.11_0.3_2\data\npy\waterflow_20260722_1s_y_power\maxfreq=22kHz\heatflux_SNR=-12,kfold,full_spectrogram_pca,3,0.8841062139406236,0.02767305291353388,89694.05497413683,13775.283925828613,72321.31909462239,10682.760230509679,0.9630770526021294,0.004499383948637973
2025.06.11_0.3_2,heatflux_SNR=-12,waterflow_20260722_1s_y_power,maxfreq=22kHz,5,C:\Users\Casper4\Python\ueki\shibasaki\研究\Pool_boiling\Subcooling_20_degrees\0.3\2025.06.11_0.3_2\data\npy\waterflow_20260722_1s_y_power\maxfreq=22kHz\heatflux_SNR=-12,kfold,old_style_magnitude_minmax_pca,3,0.7764066917980849,0.0523073024430786,124412.14164081558,17158.55879903178,98165.03247844183,17012.05651303222,0.9014552749073569,0.04219920810755317
2025.06.11_0.3_2,heatflux_SNR=-12,waterflow_20260722_1s_y_power,maxfreq=22kHz,5,C:\Users\Casper4\Python\ueki\shibasaki\研究\Pool_boiling\Subcooling_20_degrees\0.3\2025.06.11_0.3_2\data\npy\waterflow_20260722_1s_y_power\maxfreq=22kHz\heatflux_SNR=-12,kfold,total_power_only,3,0.9270295652609565,0.015595993420101546,70916.29645085432,5511.790254299524,49194.364871205726,6243.728943646842,0.9651041860363189,0.005842823928499884
2025.06.11_0.3_2,heatflux_SNR=-16,waterflow_20260722_1s_y_power,maxfreq=22kHz,5,C:\Users\Casper4\Python\ueki\shibasaki\研究\Pool_boiling\Subcooling_20_degrees\0.3\2025.06.11_0.3_2\data\npy\waterflow_20260722_1s_y_power\maxfreq=22kHz\heatflux_SNR=-16,group_kfold,full_spectrogram_pca,3,0.6327830004143806,0.17849090898986716,127985.30204917387,35341.4930558858,105884.40661488281,26365.297563866046,0.8744968846659228,0.09732662806151636
2025.06.11_0.3_2,heatflux_SNR=-16,waterflow_20260722_1s_y_power,maxfreq=22kHz,5,C:\Users\Casper4\Python\ueki\shibasaki\研究\Pool_boiling\Subcooling_20_degrees\0.3\2025.06.11_0.3_2\data\npy\waterflow_20260722_1s_y_power\maxfreq=22kHz\heatflux_SNR=-16,group_kfold,old_style_magnitude_minmax_pca,3,0.5354829830494973,0.17306511683245018,146091.46890765746,21245.24395880384,125368.02685177517,13872.725939130754,0.8832650422001646,0.03177902247412267
2025.06.11_0.3_2,heatflux_SNR=-16,waterflow_20260722_1s_y_power,maxfreq=22kHz,5,C:\Users\Casper4\Python\ueki\shibasaki\研究\Pool_boiling\Subcooling_20_degrees\0.3\2025.06.11_0.3_2\data\npy\waterflow_20260722_1s_y_power\maxfreq=22kHz\heatflux_SNR=-16,group_kfold,total_power_only,3,0.6229482727440603,0.4564824823253464,106152.03236320002,34210.62761398344,83688.87485631944,24678.828085045963,0.7987590630809707,0.28520457222015055
2025.06.11_0.3_2,heatflux_SNR=-16,waterflow_20260722_1s_y_power,maxfreq=22kHz,5,C:\Users\Casper4\Python\ueki\shibasaki\研究\Pool_boiling\Subcooling_20_degrees\0.3\2025.06.11_0.3_2\data\npy\waterflow_20260722_1s_y_power\maxfreq=22kHz\heatflux_SNR=-16,kfold,full_spectrogram_pca,3,0.8694475867492143,0.038739744742155476,95009.09642701839,17437.23075500855,75875.26755611545,15098.989553553456,0.9634916228922398,0.009999395594219031
2025.06.11_0.3_2,heatflux_SNR=-16,waterflow_20260722_1s_y_power,maxfreq=22kHz,5,C:\Users\Casper4\Python\ueki\shibasaki\研究\Pool_boiling\Subcooling_20_degrees\0.3\2025.06.11_0.3_2\data\npy\waterflow_20260722_1s_y_power\maxfreq=22kHz\heatflux_SNR=-16,kfold,old_style_magnitude_minmax_pca,3,0.7664215514749259,0.029549176702691558,127526.39973621054,11279.8829708806,102031.49629913627,14063.54811648351,0.897141586239219,0.026401839062644712
2025.06.11_0.3_2,heatflux_SNR=-16,waterflow_20260722_1s_y_power,maxfreq=22kHz,5,C:\Users\Casper4\Python\ueki\shibasaki\研究\Pool_boiling\Subcooling_20_degrees\0.3\2025.06.11_0.3_2\data\npy\waterflow_20260722_1s_y_power\maxfreq=22kHz\heatflux_SNR=-16,kfold,total_power_only,3,0.9252946683951967,0.015695404035309973,71762.08744152302,5404.055731554177,50406.508838219605,6124.501606725228,0.9646804692361987,0.005086822664459128
2025.06.11_0.3_2,heatflux_SNR=-20,waterflow_20260722_1s_y_power,maxfreq=22kHz,5,C:\Users\Casper4\Python\ueki\shibasaki\研究\Pool_boiling\Subcooling_20_degrees\0.3\2025.06.11_0.3_2\data\npy\waterflow_20260722_1s_y_power\maxfreq=22kHz\heatflux_SNR=-20,group_kfold,full_spectrogram_pca,3,0.6253754510506034,0.19877953089749056,127718.21907078697,36747.357434585545,105174.0159023307,28310.119706083253,0.861919789727995,0.11815757226660419
2025.06.11_0.3_2,heatflux_SNR=-20,waterflow_20260722_1s_y_power,maxfreq=22kHz,5,C:\Users\Casper4\Python\ueki\shibasaki\研究\Pool_boiling\Subcooling_20_degrees\0.3\2025.06.11_0.3_2\data\npy\waterflow_20260722_1s_y_power\maxfreq=22kHz\heatflux_SNR=-20,group_kfold,old_style_magnitude_minmax_pca,3,0.5473809239894875,0.12123235674387782,146626.73498469658,27612.038043685472,124426.87828156685,20262.043279746984,0.8831842225195315,0.04903698425677429
2025.06.11_0.3_2,heatflux_SNR=-20,waterflow_20260722_1s_y_power,maxfreq=22kHz,5,C:\Users\Casper4\Python\ueki\shibasaki\研究\Pool_boiling\Subcooling_20_degrees\0.3\2025.06.11_0.3_2\data\npy\waterflow_20260722_1s_y_power\maxfreq=22kHz\heatflux_SNR=-20,group_kfold,total_power_only,3,0.6221196926281711,0.45729927462313463,106304.63033378385,34180.11050125617,83925.46033809894,24820.23090361273,0.7962466340972122,0.2891522873991407
2025.06.11_0.3_2,heatflux_SNR=-20,waterflow_20260722_1s_y_power,maxfreq=22kHz,5,C:\Users\Casper4\Python\ueki\shibasaki\研究\Pool_boiling\Subcooling_20_degrees\0.3\2025.06.11_0.3_2\data\npy\waterflow_20260722_1s_y_power\maxfreq=22kHz\heatflux_SNR=-20,kfold,full_spectrogram_pca,3,0.8490296633469607,0.03375915613208597,102405.45536706863,14682.813450263944,78007.91374740018,14634.324759356412,0.9533399627870102,0.004192548405622585
2025.06.11_0.3_2,heatflux_SNR=-20,waterflow_20260722_1s_y_power,maxfreq=22kHz,5,C:\Users\Casper4\Python\ueki\shibasaki\研究\Pool_boiling\Subcooling_20_degrees\0.3\2025.06.11_0.3_2\data\npy\waterflow_20260722_1s_y_power\maxfreq=22kHz\heatflux_SNR=-20,kfold,old_style_magnitude_minmax_pca,3,0.7577732255084978,0.048023007688385966,129520.07466055911,13210.431586626437,106058.63976281683,17030.72714692052,0.8847526206570254,0.03797281152167724
2025.06.11_0.3_2,heatflux_SNR=-20,waterflow_20260722_1s_y_power,maxfreq=22kHz,5,C:\Users\Casper4\Python\ueki\shibasaki\研究\Pool_boiling\Subcooling_20_degrees\0.3\2025.06.11_0.3_2\data\npy\waterflow_20260722_1s_y_power\maxfreq=22kHz\heatflux_SNR=-20,kfold,total_power_only,3,0.9262352280464766,0.016088173326745107,71277.2826073579,5533.179051491383,49613.028255546,5564.38874138245,0.9649562744911803,0.005615277656386406
