experiment_name,variant,noise_dir,data_path,split_strategy,feature_set,fold,train_samples,validation_samples,r2,rmse,mae,prediction_pearson
2025.06.18_0.3_3,relative_mixture,heatflux_no_noise,C:\Users\Casper4\Python\ueki\shibasaki\研究\Pool_boiling\Subcooling_20_degrees\0.3\2025.06.18_0.3_3\data\npy\waterflow_20260724_1s_p0_relative_mixture\maxfreq=22kHz\heatflux_no_noise,kfold,total_power_only,1,60,30,0.8851419887210978,90343.77796314511,50820.881186864506,0.9447538160517586
2025.06.18_0.3_3,relative_mixture,heatflux_no_noise,C:\Users\Casper4\Python\ueki\shibasaki\研究\Pool_boiling\Subcooling_20_degrees\0.3\2025.06.18_0.3_3\data\npy\waterflow_20260724_1s_p0_relative_mixture\maxfreq=22kHz\heatflux_no_noise,kfold,full_spectrogram_pca,1,60,30,0.9203139563632542,75250.38635284096,56899.87369876551,0.9765376914114435
2025.06.18_0.3_3,relative_mixture,heatflux_no_noise,C:\Users\Casper4\Python\ueki\shibasaki\研究\Pool_boiling\Subcooling_20_degrees\0.3\2025.06.18_0.3_3\data\npy\waterflow_20260724_1s_p0_relative_mixture\maxfreq=22kHz\heatflux_no_noise,kfold,old_style_magnitude_minmax_pca,1,60,30,0.9166547113333083,76958.7719852635,58235.18491209885,0.9583636211534445
2025.06.18_0.3_3,relative_mixture,heatflux_no_noise,C:\Users\Casper4\Python\ueki\shibasaki\研究\Pool_boiling\Subcooling_20_degrees\0.3\2025.06.18_0.3_3\data\npy\waterflow_20260724_1s_p0_relative_mixture\maxfreq=22kHz\heatflux_no_noise,kfold,total_power_only,2,60,30,0.8546399902230046,98257.25988496098,70368.24057011641,0.9451167421177652
2025.06.18_0.3_3,relative_mixture,heatflux_no_noise,C:\Users\Casper4\Python\ueki\shibasaki\研究\Pool_boiling\Subcooling_20_degrees\0.3\2025.06.18_0.3_3\data\npy\waterflow_20260724_1s_p0_relative_mixture\maxfreq=22kHz\heatflux_no_noise,kfold,full_spectrogram_pca,2,60,30,0.7681196924069233,124100.66562306705,94149.12868368067,0.9370939275347757
2025.06.18_0.3_3,relative_mixture,heatflux_no_noise,C:\Users\Casper4\Python\ueki\shibasaki\研究\Pool_boiling\Subcooling_20_degrees\0.3\2025.06.18_0.3_3\data\npy\waterflow_20260724_1s_p0_relative_mixture\maxfreq=22kHz\heatflux_no_noise,kfold,old_style_magnitude_minmax_pca,2,60,30,0.881159682903131,88843.17650495017,70061.268199264,0.9402741429599115
2025.06.18_0.3_3,relative_mixture,heatflux_no_noise,C:\Users\Casper4\Python\ueki\shibasaki\研究\Pool_boiling\Subcooling_20_degrees\0.3\2025.06.18_0.3_3\data\npy\waterflow_20260724_1s_p0_relative_mixture\maxfreq=22kHz\heatflux_no_noise,kfold,total_power_only,3,60,30,0.9888010175954028,29144.655379305932,18334.33200979034,0.9946966623507975
2025.06.18_0.3_3,relative_mixture,heatflux_no_noise,C:\Users\Casper4\Python\ueki\shibasaki\研究\Pool_boiling\Subcooling_20_degrees\0.3\2025.06.18_0.3_3\data\npy\waterflow_20260724_1s_p0_relative_mixture\maxfreq=22kHz\heatflux_no_noise,kfold,full_spectrogram_pca,3,60,30,0.9213810865608787,77220.59824597741,64122.835871769676,0.9709964010308882
2025.06.18_0.3_3,relative_mixture,heatflux_no_noise,C:\Users\Casper4\Python\ueki\shibasaki\研究\Pool_boiling\Subcooling_20_degrees\0.3\2025.06.18_0.3_3\data\npy\waterflow_20260724_1s_p0_relative_mixture\maxfreq=22kHz\heatflux_no_noise,kfold,old_style_magnitude_minmax_pca,3,60,30,0.8283807985564019,114091.31391450821,90078.79985499884,0.9369467455440459
2025.06.18_0.3_3,relative_mixture,heatflux_no_noise,C:\Users\Casper4\Python\ueki\shibasaki\研究\Pool_boiling\Subcooling_20_degrees\0.3\2025.06.18_0.3_3\data\npy\waterflow_20260724_1s_p0_relative_mixture\maxfreq=22kHz\heatflux_no_noise,group_kfold,total_power_only,1,60,30,0.9356986613226704,64962.77841641691,56747.75554937501,0.9719728869569073
2025.06.18_0.3_3,relative_mixture,heatflux_no_noise,C:\Users\Casper4\Python\ueki\shibasaki\研究\Pool_boiling\Subcooling_20_degrees\0.3\2025.06.18_0.3_3\data\npy\waterflow_20260724_1s_p0_relative_mixture\maxfreq=22kHz\heatflux_no_noise,group_kfold,full_spectrogram_pca,1,60,30,0.8167454244333199,109668.52373558148,85416.94022729169,0.9506107886576561
2025.06.18_0.3_3,relative_mixture,heatflux_no_noise,C:\Users\Casper4\Python\ueki\shibasaki\研究\Pool_boiling\Subcooling_20_degrees\0.3\2025.06.18_0.3_3\data\npy\waterflow_20260724_1s_p0_relative_mixture\maxfreq=22kHz\heatflux_no_noise,group_kfold,old_style_magnitude_minmax_pca,1,60,30,0.8825290917596287,87805.10107303312,68690.81942166667,0.9423222846716929
2025.06.18_0.3_3,relative_mixture,heatflux_no_noise,C:\Users\Casper4\Python\ueki\shibasaki\研究\Pool_boiling\Subcooling_20_degrees\0.3\2025.06.18_0.3_3\data\npy\waterflow_20260724_1s_p0_relative_mixture\maxfreq=22kHz\heatflux_no_noise,group_kfold,total_power_only,2,60,30,0.8950975805595883,90999.82547281455,72730.06822063163,0.9550050641913658
2025.06.18_0.3_3,relative_mixture,heatflux_no_noise,C:\Users\Casper4\Python\ueki\shibasaki\研究\Pool_boiling\Subcooling_20_degrees\0.3\2025.06.18_0.3_3\data\npy\waterflow_20260724_1s_p0_relative_mixture\maxfreq=22kHz\heatflux_no_noise,group_kfold,full_spectrogram_pca,2,60,30,0.8798815369260135,97376.1703379473,72758.46840795832,0.9833278987304982
2025.06.18_0.3_3,relative_mixture,heatflux_no_noise,C:\Users\Casper4\Python\ueki\shibasaki\研究\Pool_boiling\Subcooling_20_degrees\0.3\2025.06.18_0.3_3\data\npy\waterflow_20260724_1s_p0_relative_mixture\maxfreq=22kHz\heatflux_no_noise,group_kfold,old_style_magnitude_minmax_pca,2,60,30,0.8720310948514782,100507.8618575852,84512.51803079167,0.9640960348148643
2025.06.18_0.3_3,relative_mixture,heatflux_no_noise,C:\Users\Casper4\Python\ueki\shibasaki\研究\Pool_boiling\Subcooling_20_degrees\0.3\2025.06.18_0.3_3\data\npy\waterflow_20260724_1s_p0_relative_mixture\maxfreq=22kHz\heatflux_no_noise,group_kfold,total_power_only,3,60,30,0.8306257593655111,108397.46714800067,83120.87964298669,0.9198103454956771
2025.06.18_0.3_3,relative_mixture,heatflux_no_noise,C:\Users\Casper4\Python\ueki\shibasaki\研究\Pool_boiling\Subcooling_20_degrees\0.3\2025.06.18_0.3_3\data\npy\waterflow_20260724_1s_p0_relative_mixture\maxfreq=22kHz\heatflux_no_noise,group_kfold,full_spectrogram_pca,3,60,30,0.8075394042219758,115549.04669736756,104788.8007367367,0.939742659861231
2025.06.18_0.3_3,relative_mixture,heatflux_no_noise,C:\Users\Casper4\Python\ueki\shibasaki\研究\Pool_boiling\Subcooling_20_degrees\0.3\2025.06.18_0.3_3\data\npy\waterflow_20260724_1s_p0_relative_mixture\maxfreq=22kHz\heatflux_no_noise,group_kfold,old_style_magnitude_minmax_pca,3,60,30,0.8594876796749188,98730.80013201479,81530.32936007,0.9318476291395323
2025.06.18_0.3_3,relative_mixture,heatflux_SNR=-20,C:\Users\Casper4\Python\ueki\shibasaki\研究\Pool_boiling\Subcooling_20_degrees\0.3\2025.06.18_0.3_3\data\npy\waterflow_20260724_1s_p0_relative_mixture\maxfreq=22kHz\heatflux_SNR=-20,kfold,total_power_only,1,60,30,0.9391204761239814,65773.84419425824,45232.893529676956,0.9716260984916618
2025.06.18_0.3_3,relative_mixture,heatflux_SNR=-20,C:\Users\Casper4\Python\ueki\shibasaki\研究\Pool_boiling\Subcooling_20_degrees\0.3\2025.06.18_0.3_3\data\npy\waterflow_20260724_1s_p0_relative_mixture\maxfreq=22kHz\heatflux_SNR=-20,kfold,full_spectrogram_pca,1,60,30,0.9393902988727406,65627.92495629571,47418.09638886967,0.976453844153257
2025.06.18_0.3_3,relative_mixture,heatflux_SNR=-20,C:\Users\Casper4\Python\ueki\shibasaki\研究\Pool_boiling\Subcooling_20_degrees\0.3\2025.06.18_0.3_3\data\npy\waterflow_20260724_1s_p0_relative_mixture\maxfreq=22kHz\heatflux_SNR=-20,kfold,old_style_magnitude_minmax_pca,1,60,30,-0.1474965156140935,285557.3146992843,249212.42175716136,-0.09304745306701297
2025.06.18_0.3_3,relative_mixture,heatflux_SNR=-20,C:\Users\Casper4\Python\ueki\shibasaki\研究\Pool_boiling\Subcooling_20_degrees\0.3\2025.06.18_0.3_3\data\npy\waterflow_20260724_1s_p0_relative_mixture\maxfreq=22kHz\heatflux_SNR=-20,kfold,total_power_only,2,60,30,0.9447880035170104,60556.240176782754,42944.54495010644,0.972690065115932
2025.06.18_0.3_3,relative_mixture,heatflux_SNR=-20,C:\Users\Casper4\Python\ueki\shibasaki\研究\Pool_boiling\Subcooling_20_degrees\0.3\2025.06.18_0.3_3\data\npy\waterflow_20260724_1s_p0_relative_mixture\maxfreq=22kHz\heatflux_SNR=-20,kfold,full_spectrogram_pca,2,60,30,0.8768854619521953,90426.73430682052,69379.43504686817,0.9538940875483931
2025.06.18_0.3_3,relative_mixture,heatflux_SNR=-20,C:\Users\Casper4\Python\ueki\shibasaki\研究\Pool_boiling\Subcooling_20_degrees\0.3\2025.06.18_0.3_3\data\npy\waterflow_20260724_1s_p0_relative_mixture\maxfreq=22kHz\heatflux_SNR=-20,kfold,old_style_magnitude_minmax_pca,2,60,30,0.09170968672197422,245614.79193152155,205256.498965514,0.32775233492884287
2025.06.18_0.3_3,relative_mixture,heatflux_SNR=-20,C:\Users\Casper4\Python\ueki\shibasaki\研究\Pool_boiling\Subcooling_20_degrees\0.3\2025.06.18_0.3_3\data\npy\waterflow_20260724_1s_p0_relative_mixture\maxfreq=22kHz\heatflux_SNR=-20,kfold,total_power_only,3,60,30,0.934924648365785,70255.10787611229,45537.857342580945,0.9698270944885213
2025.06.18_0.3_3,relative_mixture,heatflux_SNR=-20,C:\Users\Casper4\Python\ueki\shibasaki\研究\Pool_boiling\Subcooling_20_degrees\0.3\2025.06.18_0.3_3\data\npy\waterflow_20260724_1s_p0_relative_mixture\maxfreq=22kHz\heatflux_SNR=-20,kfold,full_spectrogram_pca,3,60,30,0.9039966292718836,85332.18849591892,54196.78838969675,0.9626224223045883
2025.06.18_0.3_3,relative_mixture,heatflux_SNR=-20,C:\Users\Casper4\Python\ueki\shibasaki\研究\Pool_boiling\Subcooling_20_degrees\0.3\2025.06.18_0.3_3\data\npy\waterflow_20260724_1s_p0_relative_mixture\maxfreq=22kHz\heatflux_SNR=-20,kfold,old_style_magnitude_minmax_pca,3,60,30,-0.22917571136127024,305335.0271823055,259723.87203156136,0.30279695434981396
2025.06.18_0.3_3,relative_mixture,heatflux_SNR=-20,C:\Users\Casper4\Python\ueki\shibasaki\研究\Pool_boiling\Subcooling_20_degrees\0.3\2025.06.18_0.3_3\data\npy\waterflow_20260724_1s_p0_relative_mixture\maxfreq=22kHz\heatflux_SNR=-20,group_kfold,total_power_only,1,60,30,0.9127871726105875,75656.24231688978,62963.8831179515,0.9666756858574697
2025.06.18_0.3_3,relative_mixture,heatflux_SNR=-20,C:\Users\Casper4\Python\ueki\shibasaki\研究\Pool_boiling\Subcooling_20_degrees\0.3\2025.06.18_0.3_3\data\npy\waterflow_20260724_1s_p0_relative_mixture\maxfreq=22kHz\heatflux_SNR=-20,group_kfold,full_spectrogram_pca,1,60,30,0.81756810709376,109422.08001347746,86420.87516152085,0.9561593992026103
2025.06.18_0.3_3,relative_mixture,heatflux_SNR=-20,C:\Users\Casper4\Python\ueki\shibasaki\研究\Pool_boiling\Subcooling_20_degrees\0.3\2025.06.18_0.3_3\data\npy\waterflow_20260724_1s_p0_relative_mixture\maxfreq=22kHz\heatflux_SNR=-20,group_kfold,old_style_magnitude_minmax_pca,1,60,30,-0.2205286509078599,283027.4595466196,233389.13748833336,0.07803947240255772
2025.06.18_0.3_3,relative_mixture,heatflux_SNR=-20,C:\Users\Casper4\Python\ueki\shibasaki\研究\Pool_boiling\Subcooling_20_degrees\0.3\2025.06.18_0.3_3\data\npy\waterflow_20260724_1s_p0_relative_mixture\maxfreq=22kHz\heatflux_SNR=-20,group_kfold,total_power_only,2,60,30,0.8337229712710749,114568.1590585937,96951.61320414064,0.9519102081345312
2025.06.18_0.3_3,relative_mixture,heatflux_SNR=-20,C:\Users\Casper4\Python\ueki\shibasaki\研究\Pool_boiling\Subcooling_20_degrees\0.3\2025.06.18_0.3_3\data\npy\waterflow_20260724_1s_p0_relative_mixture\maxfreq=22kHz\heatflux_SNR=-20,group_kfold,full_spectrogram_pca,2,60,30,0.8455130242734213,110431.69616469872,91158.7327031224,0.9525857847751303
2025.06.18_0.3_3,relative_mixture,heatflux_SNR=-20,C:\Users\Casper4\Python\ueki\shibasaki\研究\Pool_boiling\Subcooling_20_degrees\0.3\2025.06.18_0.3_3\data\npy\waterflow_20260724_1s_p0_relative_mixture\maxfreq=22kHz\heatflux_SNR=-20,group_kfold,old_style_magnitude_minmax_pca,2,60,30,-0.08982843556080988,293310.0031928447,245659.34850166677,0.09246631429859496
2025.06.18_0.3_3,relative_mixture,heatflux_SNR=-20,C:\Users\Casper4\Python\ueki\shibasaki\研究\Pool_boiling\Subcooling_20_degrees\0.3\2025.06.18_0.3_3\data\npy\waterflow_20260724_1s_p0_relative_mixture\maxfreq=22kHz\heatflux_SNR=-20,group_kfold,total_power_only,3,60,30,0.9614602730072372,51707.05116622559,47230.16343132,0.9836523346681815
2025.06.18_0.3_3,relative_mixture,heatflux_SNR=-20,C:\Users\Casper4\Python\ueki\shibasaki\研究\Pool_boiling\Subcooling_20_degrees\0.3\2025.06.18_0.3_3\data\npy\waterflow_20260724_1s_p0_relative_mixture\maxfreq=22kHz\heatflux_SNR=-20,group_kfold,full_spectrogram_pca,3,60,30,0.9061036124387537,80708.61524089784,67888.23796882,0.9745715339829276
2025.06.18_0.3_3,relative_mixture,heatflux_SNR=-20,C:\Users\Casper4\Python\ueki\shibasaki\研究\Pool_boiling\Subcooling_20_degrees\0.3\2025.06.18_0.3_3\data\npy\waterflow_20260724_1s_p0_relative_mixture\maxfreq=22kHz\heatflux_SNR=-20,group_kfold,old_style_magnitude_minmax_pca,3,60,30,-1.1775252028406324,388666.44589970616,349534.3574984031,-0.36736710676503154
2025.06.18_0.3_3,relative_noise_only,heatflux_SNR=-20,C:\Users\Casper4\Python\ueki\shibasaki\研究\Pool_boiling\Subcooling_20_degrees\0.3\2025.06.18_0.3_3\data\npy\waterflow_20260724_1s_p0_relative_noise_only\maxfreq=22kHz\heatflux_SNR=-20,kfold,total_power_only,1,60,30,0.9381797288426862,66280.08464981723,46914.12105717695,0.9713734417453038
2025.06.18_0.3_3,relative_noise_only,heatflux_SNR=-20,C:\Users\Casper4\Python\ueki\shibasaki\研究\Pool_boiling\Subcooling_20_degrees\0.3\2025.06.18_0.3_3\data\npy\waterflow_20260724_1s_p0_relative_noise_only\maxfreq=22kHz\heatflux_SNR=-20,kfold,full_spectrogram_pca,1,60,30,0.9409355685682171,64785.917768276195,47524.43726236966,0.9771818768958115
2025.06.18_0.3_3,relative_noise_only,heatflux_SNR=-20,C:\Users\Casper4\Python\ueki\shibasaki\研究\Pool_boiling\Subcooling_20_degrees\0.3\2025.06.18_0.3_3\data\npy\waterflow_20260724_1s_p0_relative_noise_only\maxfreq=22kHz\heatflux_SNR=-20,kfold,old_style_magnitude_minmax_pca,1,60,30,-0.11641486073983054,281663.3925910151,241869.9285279947,-0.014195922231829831
2025.06.18_0.3_3,relative_noise_only,heatflux_SNR=-20,C:\Users\Casper4\Python\ueki\shibasaki\研究\Pool_boiling\Subcooling_20_degrees\0.3\2025.06.18_0.3_3\data\npy\waterflow_20260724_1s_p0_relative_noise_only\maxfreq=22kHz\heatflux_SNR=-20,kfold,total_power_only,2,60,30,0.9530661844691604,55832.24717652267,40526.66942927311,0.9766911091633667
2025.06.18_0.3_3,relative_noise_only,heatflux_SNR=-20,C:\Users\Casper4\Python\ueki\shibasaki\研究\Pool_boiling\Subcooling_20_degrees\0.3\2025.06.18_0.3_3\data\npy\waterflow_20260724_1s_p0_relative_noise_only\maxfreq=22kHz\heatflux_SNR=-20,kfold,full_spectrogram_pca,2,60,30,0.8819031699873225,88564.8307741444,67572.156466139,0.9560803323715494
2025.06.18_0.3_3,relative_noise_only,heatflux_SNR=-20,C:\Users\Casper4\Python\ueki\shibasaki\研究\Pool_boiling\Subcooling_20_degrees\0.3\2025.06.18_0.3_3\data\npy\waterflow_20260724_1s_p0_relative_noise_only\maxfreq=22kHz\heatflux_SNR=-20,kfold,old_style_magnitude_minmax_pca,2,60,30,0.029830058455566855,253843.5217598546,200892.52012468068,0.19391327051608023
2025.06.18_0.3_3,relative_noise_only,heatflux_SNR=-20,C:\Users\Casper4\Python\ueki\shibasaki\研究\Pool_boiling\Subcooling_20_degrees\0.3\2025.06.18_0.3_3\data\npy\waterflow_20260724_1s_p0_relative_noise_only\maxfreq=22kHz\heatflux_SNR=-20,kfold,total_power_only,3,60,30,0.9358247534729192,69767.54096628241,44998.62544883094,0.9719505605451179
2025.06.18_0.3_3,relative_noise_only,heatflux_SNR=-20,C:\Users\Casper4\Python\ueki\shibasaki\研究\Pool_boiling\Subcooling_20_degrees\0.3\2025.06.18_0.3_3\data\npy\waterflow_20260724_1s_p0_relative_noise_only\maxfreq=22kHz\heatflux_SNR=-20,kfold,full_spectrogram_pca,3,60,30,0.9027203119598678,85897.54029392952,54078.162118853,0.9615980893098962
2025.06.18_0.3_3,relative_noise_only,heatflux_SNR=-20,C:\Users\Casper4\Python\ueki\shibasaki\研究\Pool_boiling\Subcooling_20_degrees\0.3\2025.06.18_0.3_3\data\npy\waterflow_20260724_1s_p0_relative_noise_only\maxfreq=22kHz\heatflux_SNR=-20,kfold,old_style_magnitude_minmax_pca,3,60,30,-0.3366348010466138,318402.17475986265,270197.91317739466,0.11080989256900962
2025.06.18_0.3_3,relative_noise_only,heatflux_SNR=-20,C:\Users\Casper4\Python\ueki\shibasaki\研究\Pool_boiling\Subcooling_20_degrees\0.3\2025.06.18_0.3_3\data\npy\waterflow_20260724_1s_p0_relative_noise_only\maxfreq=22kHz\heatflux_SNR=-20,group_kfold,total_power_only,1,60,30,0.9128861032098254,75613.3194957563,63093.504349201496,0.9684561295323759
2025.06.18_0.3_3,relative_noise_only,heatflux_SNR=-20,C:\Users\Casper4\Python\ueki\shibasaki\研究\Pool_boiling\Subcooling_20_degrees\0.3\2025.06.18_0.3_3\data\npy\waterflow_20260724_1s_p0_relative_noise_only\maxfreq=22kHz\heatflux_SNR=-20,group_kfold,full_spectrogram_pca,1,60,30,0.8057903526342459,112898.9710212541,87571.37965370834,0.9521114682890348
2025.06.18_0.3_3,relative_noise_only,heatflux_SNR=-20,C:\Users\Casper4\Python\ueki\shibasaki\研究\Pool_boiling\Subcooling_20_degrees\0.3\2025.06.18_0.3_3\data\npy\waterflow_20260724_1s_p0_relative_noise_only\maxfreq=22kHz\heatflux_SNR=-20,group_kfold,old_style_magnitude_minmax_pca,1,60,30,-0.1131442249771697,270290.2018688667,213906.96646083333,0.22865027098558385
2025.06.18_0.3_3,relative_noise_only,heatflux_SNR=-20,C:\Users\Casper4\Python\ueki\shibasaki\研究\Pool_boiling\Subcooling_20_degrees\0.3\2025.06.18_0.3_3\data\npy\waterflow_20260724_1s_p0_relative_noise_only\maxfreq=22kHz\heatflux_SNR=-20,group_kfold,total_power_only,2,60,30,0.8469803657430675,109905.99612581571,93139.74712341146,0.9538227359072425
2025.06.18_0.3_3,relative_noise_only,heatflux_SNR=-20,C:\Users\Casper4\Python\ueki\shibasaki\研究\Pool_boiling\Subcooling_20_degrees\0.3\2025.06.18_0.3_3\data\npy\waterflow_20260724_1s_p0_relative_noise_only\maxfreq=22kHz\heatflux_SNR=-20,group_kfold,full_spectrogram_pca,2,60,30,0.8426650548362746,111444.95253052432,91622.76931607813,0.9508923065129765
2025.06.18_0.3_3,relative_noise_only,heatflux_SNR=-20,C:\Users\Casper4\Python\ueki\shibasaki\研究\Pool_boiling\Subcooling_20_degrees\0.3\2025.06.18_0.3_3\data\npy\waterflow_20260724_1s_p0_relative_noise_only\maxfreq=22kHz\heatflux_SNR=-20,group_kfold,old_style_magnitude_minmax_pca,2,60,30,-0.18580493314819302,305952.8009099665,259838.34723000004,-0.007810363746265458
2025.06.18_0.3_3,relative_noise_only,heatflux_SNR=-20,C:\Users\Casper4\Python\ueki\shibasaki\研究\Pool_boiling\Subcooling_20_degrees\0.3\2025.06.18_0.3_3\data\npy\waterflow_20260724_1s_p0_relative_noise_only\maxfreq=22kHz\heatflux_SNR=-20,group_kfold,total_power_only,3,60,30,0.961047849611359,51982.98007050371,47477.61968132,0.9835042450640606
2025.06.18_0.3_3,relative_noise_only,heatflux_SNR=-20,C:\Users\Casper4\Python\ueki\shibasaki\研究\Pool_boiling\Subcooling_20_degrees\0.3\2025.06.18_0.3_3\data\npy\waterflow_20260724_1s_p0_relative_noise_only\maxfreq=22kHz\heatflux_SNR=-20,group_kfold,full_spectrogram_pca,3,60,30,0.9058963966964695,80797.62227994576,68307.00515632001,0.9757562525446213
2025.06.18_0.3_3,relative_noise_only,heatflux_SNR=-20,C:\Users\Casper4\Python\ueki\shibasaki\研究\Pool_boiling\Subcooling_20_degrees\0.3\2025.06.18_0.3_3\data\npy\waterflow_20260724_1s_p0_relative_noise_only\maxfreq=22kHz\heatflux_SNR=-20,group_kfold,old_style_magnitude_minmax_pca,3,60,30,-0.130585225819152,280057.43498926517,234992.64106007002,0.18649827455307888
2025.06.18_0.3_3,fixed_mixture,heatflux_no_noise,C:\Users\Casper4\Python\ueki\shibasaki\研究\Pool_boiling\Subcooling_20_degrees\0.3\2025.06.18_0.3_3\data\npy\waterflow_20260724_1s_p0_fixed_mixture\maxfreq=22kHz\heatflux_no_noise,kfold,total_power_only,1,60,30,0.8851419887210978,90343.77796314511,50820.881186864506,0.9447538160517586
2025.06.18_0.3_3,fixed_mixture,heatflux_no_noise,C:\Users\Casper4\Python\ueki\shibasaki\研究\Pool_boiling\Subcooling_20_degrees\0.3\2025.06.18_0.3_3\data\npy\waterflow_20260724_1s_p0_fixed_mixture\maxfreq=22kHz\heatflux_no_noise,kfold,full_spectrogram_pca,1,60,30,0.9203139563632542,75250.38635284096,56899.87369876551,0.9765376914114435
2025.06.18_0.3_3,fixed_mixture,heatflux_no_noise,C:\Users\Casper4\Python\ueki\shibasaki\研究\Pool_boiling\Subcooling_20_degrees\0.3\2025.06.18_0.3_3\data\npy\waterflow_20260724_1s_p0_fixed_mixture\maxfreq=22kHz\heatflux_no_noise,kfold,old_style_magnitude_minmax_pca,1,60,30,0.9166547113333083,76958.7719852635,58235.18491209885,0.9583636211534445
2025.06.18_0.3_3,fixed_mixture,heatflux_no_noise,C:\Users\Casper4\Python\ueki\shibasaki\研究\Pool_boiling\Subcooling_20_degrees\0.3\2025.06.18_0.3_3\data\npy\waterflow_20260724_1s_p0_fixed_mixture\maxfreq=22kHz\heatflux_no_noise,kfold,total_power_only,2,60,30,0.8546399902230046,98257.25988496098,70368.24057011641,0.9451167421177652
2025.06.18_0.3_3,fixed_mixture,heatflux_no_noise,C:\Users\Casper4\Python\ueki\shibasaki\研究\Pool_boiling\Subcooling_20_degrees\0.3\2025.06.18_0.3_3\data\npy\waterflow_20260724_1s_p0_fixed_mixture\maxfreq=22kHz\heatflux_no_noise,kfold,full_spectrogram_pca,2,60,30,0.7681196924069233,124100.66562306705,94149.12868368067,0.9370939275347757
2025.06.18_0.3_3,fixed_mixture,heatflux_no_noise,C:\Users\Casper4\Python\ueki\shibasaki\研究\Pool_boiling\Subcooling_20_degrees\0.3\2025.06.18_0.3_3\data\npy\waterflow_20260724_1s_p0_fixed_mixture\maxfreq=22kHz\heatflux_no_noise,kfold,old_style_magnitude_minmax_pca,2,60,30,0.881159682903131,88843.17650495017,70061.268199264,0.9402741429599115
2025.06.18_0.3_3,fixed_mixture,heatflux_no_noise,C:\Users\Casper4\Python\ueki\shibasaki\研究\Pool_boiling\Subcooling_20_degrees\0.3\2025.06.18_0.3_3\data\npy\waterflow_20260724_1s_p0_fixed_mixture\maxfreq=22kHz\heatflux_no_noise,kfold,total_power_only,3,60,30,0.9888010175954028,29144.655379305932,18334.33200979034,0.9946966623507975
2025.06.18_0.3_3,fixed_mixture,heatflux_no_noise,C:\Users\Casper4\Python\ueki\shibasaki\研究\Pool_boiling\Subcooling_20_degrees\0.3\2025.06.18_0.3_3\data\npy\waterflow_20260724_1s_p0_fixed_mixture\maxfreq=22kHz\heatflux_no_noise,kfold,full_spectrogram_pca,3,60,30,0.9213810865608787,77220.59824597741,64122.835871769676,0.9709964010308882
2025.06.18_0.3_3,fixed_mixture,heatflux_no_noise,C:\Users\Casper4\Python\ueki\shibasaki\研究\Pool_boiling\Subcooling_20_degrees\0.3\2025.06.18_0.3_3\data\npy\waterflow_20260724_1s_p0_fixed_mixture\maxfreq=22kHz\heatflux_no_noise,kfold,old_style_magnitude_minmax_pca,3,60,30,0.8283807985564019,114091.31391450821,90078.79985499884,0.9369467455440459
2025.06.18_0.3_3,fixed_mixture,heatflux_no_noise,C:\Users\Casper4\Python\ueki\shibasaki\研究\Pool_boiling\Subcooling_20_degrees\0.3\2025.06.18_0.3_3\data\npy\waterflow_20260724_1s_p0_fixed_mixture\maxfreq=22kHz\heatflux_no_noise,group_kfold,total_power_only,1,60,30,0.9356986613226704,64962.77841641691,56747.75554937501,0.9719728869569073
2025.06.18_0.3_3,fixed_mixture,heatflux_no_noise,C:\Users\Casper4\Python\ueki\shibasaki\研究\Pool_boiling\Subcooling_20_degrees\0.3\2025.06.18_0.3_3\data\npy\waterflow_20260724_1s_p0_fixed_mixture\maxfreq=22kHz\heatflux_no_noise,group_kfold,full_spectrogram_pca,1,60,30,0.8167454244333199,109668.52373558148,85416.94022729169,0.9506107886576561
2025.06.18_0.3_3,fixed_mixture,heatflux_no_noise,C:\Users\Casper4\Python\ueki\shibasaki\研究\Pool_boiling\Subcooling_20_degrees\0.3\2025.06.18_0.3_3\data\npy\waterflow_20260724_1s_p0_fixed_mixture\maxfreq=22kHz\heatflux_no_noise,group_kfold,old_style_magnitude_minmax_pca,1,60,30,0.8825290917596287,87805.10107303312,68690.81942166667,0.9423222846716929
2025.06.18_0.3_3,fixed_mixture,heatflux_no_noise,C:\Users\Casper4\Python\ueki\shibasaki\研究\Pool_boiling\Subcooling_20_degrees\0.3\2025.06.18_0.3_3\data\npy\waterflow_20260724_1s_p0_fixed_mixture\maxfreq=22kHz\heatflux_no_noise,group_kfold,total_power_only,2,60,30,0.8950975805595883,90999.82547281455,72730.06822063163,0.9550050641913658
2025.06.18_0.3_3,fixed_mixture,heatflux_no_noise,C:\Users\Casper4\Python\ueki\shibasaki\研究\Pool_boiling\Subcooling_20_degrees\0.3\2025.06.18_0.3_3\data\npy\waterflow_20260724_1s_p0_fixed_mixture\maxfreq=22kHz\heatflux_no_noise,group_kfold,full_spectrogram_pca,2,60,30,0.8798815369260135,97376.1703379473,72758.46840795832,0.9833278987304982
2025.06.18_0.3_3,fixed_mixture,heatflux_no_noise,C:\Users\Casper4\Python\ueki\shibasaki\研究\Pool_boiling\Subcooling_20_degrees\0.3\2025.06.18_0.3_3\data\npy\waterflow_20260724_1s_p0_fixed_mixture\maxfreq=22kHz\heatflux_no_noise,group_kfold,old_style_magnitude_minmax_pca,2,60,30,0.8720310948514782,100507.8618575852,84512.51803079167,0.9640960348148643
2025.06.18_0.3_3,fixed_mixture,heatflux_no_noise,C:\Users\Casper4\Python\ueki\shibasaki\研究\Pool_boiling\Subcooling_20_degrees\0.3\2025.06.18_0.3_3\data\npy\waterflow_20260724_1s_p0_fixed_mixture\maxfreq=22kHz\heatflux_no_noise,group_kfold,total_power_only,3,60,30,0.8306257593655111,108397.46714800067,83120.87964298669,0.9198103454956771
2025.06.18_0.3_3,fixed_mixture,heatflux_no_noise,C:\Users\Casper4\Python\ueki\shibasaki\研究\Pool_boiling\Subcooling_20_degrees\0.3\2025.06.18_0.3_3\data\npy\waterflow_20260724_1s_p0_fixed_mixture\maxfreq=22kHz\heatflux_no_noise,group_kfold,full_spectrogram_pca,3,60,30,0.8075394042219758,115549.04669736756,104788.8007367367,0.939742659861231
2025.06.18_0.3_3,fixed_mixture,heatflux_no_noise,C:\Users\Casper4\Python\ueki\shibasaki\研究\Pool_boiling\Subcooling_20_degrees\0.3\2025.06.18_0.3_3\data\npy\waterflow_20260724_1s_p0_fixed_mixture\maxfreq=22kHz\heatflux_no_noise,group_kfold,old_style_magnitude_minmax_pca,3,60,30,0.8594876796749188,98730.80013201479,81530.32936007,0.9318476291395323
2025.06.18_0.3_3,fixed_mixture,heatflux_SNR=-20,C:\Users\Casper4\Python\ueki\shibasaki\研究\Pool_boiling\Subcooling_20_degrees\0.3\2025.06.18_0.3_3\data\npy\waterflow_20260724_1s_p0_fixed_mixture\maxfreq=22kHz\heatflux_SNR=-20,kfold,total_power_only,1,60,30,0.6012436671013905,168333.82748722917,115528.63380653637,0.809051262383801
2025.06.18_0.3_3,fixed_mixture,heatflux_SNR=-20,C:\Users\Casper4\Python\ueki\shibasaki\研究\Pool_boiling\Subcooling_20_degrees\0.3\2025.06.18_0.3_3\data\npy\waterflow_20260724_1s_p0_fixed_mixture\maxfreq=22kHz\heatflux_SNR=-20,kfold,full_spectrogram_pca,1,60,30,0.7190164009811673,141305.1814430199,119005.90038216134,0.8613136045975227
2025.06.18_0.3_3,fixed_mixture,heatflux_SNR=-20,C:\Users\Casper4\Python\ueki\shibasaki\研究\Pool_boiling\Subcooling_20_degrees\0.3\2025.06.18_0.3_3\data\npy\waterflow_20260724_1s_p0_fixed_mixture\maxfreq=22kHz\heatflux_SNR=-20,kfold,old_style_magnitude_minmax_pca,1,60,30,0.7525679353092993,132600.63112577386,114789.89322216135,0.8816934419179011
2025.06.18_0.3_3,fixed_mixture,heatflux_SNR=-20,C:\Users\Casper4\Python\ueki\shibasaki\研究\Pool_boiling\Subcooling_20_degrees\0.3\2025.06.18_0.3_3\data\npy\waterflow_20260724_1s_p0_fixed_mixture\maxfreq=22kHz\heatflux_SNR=-20,kfold,total_power_only,2,60,30,0.5938672114210874,164238.9665049625,129076.95169123277,0.8171088158760397
2025.06.18_0.3_3,fixed_mixture,heatflux_SNR=-20,C:\Users\Casper4\Python\ueki\shibasaki\研究\Pool_boiling\Subcooling_20_degrees\0.3\2025.06.18_0.3_3\data\npy\waterflow_20260724_1s_p0_fixed_mixture\maxfreq=22kHz\heatflux_SNR=-20,kfold,full_spectrogram_pca,2,60,30,0.7712878461229402,123249.96337616895,101101.26660301401,0.9109677912418401
2025.06.18_0.3_3,fixed_mixture,heatflux_SNR=-20,C:\Users\Casper4\Python\ueki\shibasaki\研究\Pool_boiling\Subcooling_20_degrees\0.3\2025.06.18_0.3_3\data\npy\waterflow_20260724_1s_p0_fixed_mixture\maxfreq=22kHz\heatflux_SNR=-20,kfold,old_style_magnitude_minmax_pca,2,60,30,0.7637778794041622,125257.13068727379,102066.24437426399,0.9071146008212301
2025.06.18_0.3_3,fixed_mixture,heatflux_SNR=-20,C:\Users\Casper4\Python\ueki\shibasaki\研究\Pool_boiling\Subcooling_20_degrees\0.3\2025.06.18_0.3_3\data\npy\waterflow_20260724_1s_p0_fixed_mixture\maxfreq=22kHz\heatflux_SNR=-20,kfold,total_power_only,3,60,30,0.7960623628474998,124370.77335108334,88331.52181343632,0.8995362159430974
2025.06.18_0.3_3,fixed_mixture,heatflux_SNR=-20,C:\Users\Casper4\Python\ueki\shibasaki\研究\Pool_boiling\Subcooling_20_degrees\0.3\2025.06.18_0.3_3\data\npy\waterflow_20260724_1s_p0_fixed_mixture\maxfreq=22kHz\heatflux_SNR=-20,kfold,full_spectrogram_pca,3,60,30,0.8678109900411743,100130.71519638236,82516.10249447801,0.9389413831046088
2025.06.18_0.3_3,fixed_mixture,heatflux_SNR=-20,C:\Users\Casper4\Python\ueki\shibasaki\研究\Pool_boiling\Subcooling_20_degrees\0.3\2025.06.18_0.3_3\data\npy\waterflow_20260724_1s_p0_fixed_mixture\maxfreq=22kHz\heatflux_SNR=-20,kfold,old_style_magnitude_minmax_pca,3,60,30,0.8641775679406439,101497.51154303602,83841.01384614468,0.9345657490127943
2025.06.18_0.3_3,fixed_mixture,heatflux_SNR=-20,C:\Users\Casper4\Python\ueki\shibasaki\研究\Pool_boiling\Subcooling_20_degrees\0.3\2025.06.18_0.3_3\data\npy\waterflow_20260724_1s_p0_fixed_mixture\maxfreq=22kHz\heatflux_SNR=-20,group_kfold,total_power_only,1,60,30,0.6944692039492808,141606.13837977912,108354.40732412502,0.8749945714467807
2025.06.18_0.3_3,fixed_mixture,heatflux_SNR=-20,C:\Users\Casper4\Python\ueki\shibasaki\研究\Pool_boiling\Subcooling_20_degrees\0.3\2025.06.18_0.3_3\data\npy\waterflow_20260724_1s_p0_fixed_mixture\maxfreq=22kHz\heatflux_SNR=-20,group_kfold,full_spectrogram_pca,1,60,30,0.780388167976751,120055.60794989536,106768.60034833335,0.896995793433648
2025.06.18_0.3_3,fixed_mixture,heatflux_SNR=-20,C:\Users\Casper4\Python\ueki\shibasaki\研究\Pool_boiling\Subcooling_20_degrees\0.3\2025.06.18_0.3_3\data\npy\waterflow_20260724_1s_p0_fixed_mixture\maxfreq=22kHz\heatflux_SNR=-20,group_kfold,old_style_magnitude_minmax_pca,1,60,30,0.7855624182174441,118632.86925779928,96856.37331666665,0.8956139040781714
2025.06.18_0.3_3,fixed_mixture,heatflux_SNR=-20,C:\Users\Casper4\Python\ueki\shibasaki\研究\Pool_boiling\Subcooling_20_degrees\0.3\2025.06.18_0.3_3\data\npy\waterflow_20260724_1s_p0_fixed_mixture\maxfreq=22kHz\heatflux_SNR=-20,group_kfold,total_power_only,2,60,30,0.7959646907006737,126911.35248067275,100686.71411648436,0.9112132129566111
2025.06.18_0.3_3,fixed_mixture,heatflux_SNR=-20,C:\Users\Casper4\Python\ueki\shibasaki\研究\Pool_boiling\Subcooling_20_degrees\0.3\2025.06.18_0.3_3\data\npy\waterflow_20260724_1s_p0_fixed_mixture\maxfreq=22kHz\heatflux_SNR=-20,group_kfold,full_spectrogram_pca,2,60,30,0.8704501987119555,101126.78084019985,85539.334444375,0.9588359334266559
2025.06.18_0.3_3,fixed_mixture,heatflux_SNR=-20,C:\Users\Casper4\Python\ueki\shibasaki\研究\Pool_boiling\Subcooling_20_degrees\0.3\2025.06.18_0.3_3\data\npy\waterflow_20260724_1s_p0_fixed_mixture\maxfreq=22kHz\heatflux_SNR=-20,group_kfold,old_style_magnitude_minmax_pca,2,60,30,0.8379537404870527,113101.2259343445,98846.37256749999,0.9393970504055957
2025.06.18_0.3_3,fixed_mixture,heatflux_SNR=-20,C:\Users\Casper4\Python\ueki\shibasaki\研究\Pool_boiling\Subcooling_20_degrees\0.3\2025.06.18_0.3_3\data\npy\waterflow_20260724_1s_p0_fixed_mixture\maxfreq=22kHz\heatflux_SNR=-20,group_kfold,total_power_only,3,60,30,0.6560835645782562,154462.09440599213,126697.10815715337,0.8274998549831312
2025.06.18_0.3_3,fixed_mixture,heatflux_SNR=-20,C:\Users\Casper4\Python\ueki\shibasaki\研究\Pool_boiling\Subcooling_20_degrees\0.3\2025.06.18_0.3_3\data\npy\waterflow_20260724_1s_p0_fixed_mixture\maxfreq=22kHz\heatflux_SNR=-20,group_kfold,full_spectrogram_pca,3,60,30,0.7578658085547987,129605.5244689776,103977.89591757003,0.8813723656880422
2025.06.18_0.3_3,fixed_mixture,heatflux_SNR=-20,C:\Users\Casper4\Python\ueki\shibasaki\研究\Pool_boiling\Subcooling_20_degrees\0.3\2025.06.18_0.3_3\data\npy\waterflow_20260724_1s_p0_fixed_mixture\maxfreq=22kHz\heatflux_SNR=-20,group_kfold,old_style_magnitude_minmax_pca,3,60,30,0.7710400657070215,126030.36666731667,111613.60256673668,0.8932220716823838
2025.07.09_0.3_1,relative_mixture,heatflux_no_noise,C:\Users\Casper4\Python\ueki\shibasaki\研究\Pool_boiling\Subcooling_20_degrees\0.3\2025.07.09_0.3_1\data\npy\waterflow_20260724_1s_p0_relative_mixture\maxfreq=22kHz\heatflux_no_noise,kfold,total_power_only,1,43,22,0.6467202742028544,191675.31662856793,140190.43717243726,0.8240155188732156
2025.07.09_0.3_1,relative_mixture,heatflux_no_noise,C:\Users\Casper4\Python\ueki\shibasaki\研究\Pool_boiling\Subcooling_20_degrees\0.3\2025.07.09_0.3_1\data\npy\waterflow_20260724_1s_p0_relative_mixture\maxfreq=22kHz\heatflux_no_noise,kfold,full_spectrogram_pca,1,43,22,0.6287970298530319,196477.37776048496,157951.92797146318,0.857418715984541
2025.07.09_0.3_1,relative_mixture,heatflux_no_noise,C:\Users\Casper4\Python\ueki\shibasaki\研究\Pool_boiling\Subcooling_20_degrees\0.3\2025.07.09_0.3_1\data\npy\waterflow_20260724_1s_p0_relative_mixture\maxfreq=22kHz\heatflux_no_noise,kfold,old_style_magnitude_minmax_pca,1,43,22,0.5804170568952578,208889.08352733718,158671.49162177768,0.8106841646851504
2025.07.09_0.3_1,relative_mixture,heatflux_no_noise,C:\Users\Casper4\Python\ueki\shibasaki\研究\Pool_boiling\Subcooling_20_degrees\0.3\2025.07.09_0.3_1\data\npy\waterflow_20260724_1s_p0_relative_mixture\maxfreq=22kHz\heatflux_no_noise,kfold,total_power_only,2,43,22,0.08422190326514745,245896.43209748584,171760.68954816635,0.6912383061098079
2025.07.09_0.3_1,relative_mixture,heatflux_no_noise,C:\Users\Casper4\Python\ueki\shibasaki\研究\Pool_boiling\Subcooling_20_degrees\0.3\2025.07.09_0.3_1\data\npy\waterflow_20260724_1s_p0_relative_mixture\maxfreq=22kHz\heatflux_no_noise,kfold,full_spectrogram_pca,2,43,22,0.2544620689403432,221866.6231259478,186767.6398146104,0.7272842672026472
2025.07.09_0.3_1,relative_mixture,heatflux_no_noise,C:\Users\Casper4\Python\ueki\shibasaki\研究\Pool_boiling\Subcooling_20_degrees\0.3\2025.07.09_0.3_1\data\npy\waterflow_20260724_1s_p0_relative_mixture\maxfreq=22kHz\heatflux_no_noise,kfold,old_style_magnitude_minmax_pca,2,43,22,0.4362325450237754,192933.25969738932,154178.8513860993,0.7132914775210765
2025.07.09_0.3_1,relative_mixture,heatflux_no_noise,C:\Users\Casper4\Python\ueki\shibasaki\研究\Pool_boiling\Subcooling_20_degrees\0.3\2025.07.09_0.3_1\data\npy\waterflow_20260724_1s_p0_relative_mixture\maxfreq=22kHz\heatflux_no_noise,kfold,total_power_only,3,44,21,0.2692322991764783,224287.59628744575,152020.13496176497,0.6624663817213284
2025.07.09_0.3_1,relative_mixture,heatflux_no_noise,C:\Users\Casper4\Python\ueki\shibasaki\研究\Pool_boiling\Subcooling_20_degrees\0.3\2025.07.09_0.3_1\data\npy\waterflow_20260724_1s_p0_relative_mixture\maxfreq=22kHz\heatflux_no_noise,kfold,full_spectrogram_pca,3,44,21,0.5242020118483514,180978.4587659418,128045.63585035571,0.7440640244283271
2025.07.09_0.3_1,relative_mixture,heatflux_no_noise,C:\Users\Casper4\Python\ueki\shibasaki\研究\Pool_boiling\Subcooling_20_degrees\0.3\2025.07.09_0.3_1\data\npy\waterflow_20260724_1s_p0_relative_mixture\maxfreq=22kHz\heatflux_no_noise,kfold,old_style_magnitude_minmax_pca,3,44,21,0.4943265883739557,186573.79449361848,131271.8640260466,0.7637017730359316
2025.07.09_0.3_1,relative_mixture,heatflux_no_noise,C:\Users\Casper4\Python\ueki\shibasaki\研究\Pool_boiling\Subcooling_20_degrees\0.3\2025.07.09_0.3_1\data\npy\waterflow_20260724_1s_p0_relative_mixture\maxfreq=22kHz\heatflux_no_noise,group_kfold,total_power_only,1,40,25,0.03494378571094425,277235.40304825717,215366.77845909123,0.5281859982387584
2025.07.09_0.3_1,relative_mixture,heatflux_no_noise,C:\Users\Casper4\Python\ueki\shibasaki\研究\Pool_boiling\Subcooling_20_degrees\0.3\2025.07.09_0.3_1\data\npy\waterflow_20260724_1s_p0_relative_mixture\maxfreq=22kHz\heatflux_no_noise,group_kfold,full_spectrogram_pca,1,40,25,-0.38010284421306273,331534.0268553398,280434.23555048974,-0.10800686369047174
2025.07.09_0.3_1,relative_mixture,heatflux_no_noise,C:\Users\Casper4\Python\ueki\shibasaki\研究\Pool_boiling\Subcooling_20_degrees\0.3\2025.07.09_0.3_1\data\npy\waterflow_20260724_1s_p0_relative_mixture\maxfreq=22kHz\heatflux_no_noise,group_kfold,old_style_magnitude_minmax_pca,1,40,25,-0.10037920429602032,296035.34757232456,227235.87600714192,0.4372224940245159
2025.07.09_0.3_1,relative_mixture,heatflux_no_noise,C:\Users\Casper4\Python\ueki\shibasaki\研究\Pool_boiling\Subcooling_20_degrees\0.3\2025.07.09_0.3_1\data\npy\waterflow_20260724_1s_p0_relative_mixture\maxfreq=22kHz\heatflux_no_noise,group_kfold,total_power_only,2,45,20,0.4279932161353476,194936.08350003517,149165.0778737621,0.8847621186179258
2025.07.09_0.3_1,relative_mixture,heatflux_no_noise,C:\Users\Casper4\Python\ueki\shibasaki\研究\Pool_boiling\Subcooling_20_degrees\0.3\2025.07.09_0.3_1\data\npy\waterflow_20260724_1s_p0_relative_mixture\maxfreq=22kHz\heatflux_no_noise,group_kfold,full_spectrogram_pca,2,45,20,0.19436905216484723,231344.78663866338,183122.01470290674,0.8091508325130546
2025.07.09_0.3_1,relative_mixture,heatflux_no_noise,C:\Users\Casper4\Python\ueki\shibasaki\研究\Pool_boiling\Subcooling_20_degrees\0.3\2025.07.09_0.3_1\data\npy\waterflow_20260724_1s_p0_relative_mixture\maxfreq=22kHz\heatflux_no_noise,group_kfold,old_style_magnitude_minmax_pca,2,45,20,-0.01591227710772114,259788.397476281,223574.76963759336,0.7756171244586733
2025.07.09_0.3_1,relative_mixture,heatflux_no_noise,C:\Users\Casper4\Python\ueki\shibasaki\研究\Pool_boiling\Subcooling_20_degrees\0.3\2025.07.09_0.3_1\data\npy\waterflow_20260724_1s_p0_relative_mixture\maxfreq=22kHz\heatflux_no_noise,group_kfold,total_power_only,3,45,20,0.2682076393077061,232695.3690372197,182302.35469604022,0.6561525238084679
2025.07.09_0.3_1,relative_mixture,heatflux_no_noise,C:\Users\Casper4\Python\ueki\shibasaki\研究\Pool_boiling\Subcooling_20_degrees\0.3\2025.07.09_0.3_1\data\npy\waterflow_20260724_1s_p0_relative_mixture\maxfreq=22kHz\heatflux_no_noise,group_kfold,full_spectrogram_pca,3,45,20,0.7728129633675728,129653.89791637067,106010.53271506052,0.8949366756222729
2025.07.09_0.3_1,relative_mixture,heatflux_no_noise,C:\Users\Casper4\Python\ueki\shibasaki\研究\Pool_boiling\Subcooling_20_degrees\0.3\2025.07.09_0.3_1\data\npy\waterflow_20260724_1s_p0_relative_mixture\maxfreq=22kHz\heatflux_no_noise,group_kfold,old_style_magnitude_minmax_pca,3,45,20,0.5970120909021253,172679.11438159915,137007.04620547756,0.786774954410301
2025.07.09_0.3_1,relative_mixture,heatflux_SNR=-20,C:\Users\Casper4\Python\ueki\shibasaki\研究\Pool_boiling\Subcooling_20_degrees\0.3\2025.07.09_0.3_1\data\npy\waterflow_20260724_1s_p0_relative_mixture\maxfreq=22kHz\heatflux_SNR=-20,kfold,total_power_only,1,43,22,0.7891825134780653,148067.63769037495,98190.56585690248,0.8890692597230764
2025.07.09_0.3_1,relative_mixture,heatflux_SNR=-20,C:\Users\Casper4\Python\ueki\shibasaki\研究\Pool_boiling\Subcooling_20_degrees\0.3\2025.07.09_0.3_1\data\npy\waterflow_20260724_1s_p0_relative_mixture\maxfreq=22kHz\heatflux_SNR=-20,kfold,full_spectrogram_pca,1,43,22,0.715800992783806,171916.7174715927,149642.90009735562,0.863510215082677
2025.07.09_0.3_1,relative_mixture,heatflux_SNR=-20,C:\Users\Casper4\Python\ueki\shibasaki\研究\Pool_boiling\Subcooling_20_degrees\0.3\2025.07.09_0.3_1\data\npy\waterflow_20260724_1s_p0_relative_mixture\maxfreq=22kHz\heatflux_SNR=-20,kfold,old_style_magnitude_minmax_pca,1,43,22,0.013684553960249257,320268.8860327202,290202.85051067773,0.1961354008822295
2025.07.09_0.3_1,relative_mixture,heatflux_SNR=-20,C:\Users\Casper4\Python\ueki\shibasaki\研究\Pool_boiling\Subcooling_20_degrees\0.3\2025.07.09_0.3_1\data\npy\waterflow_20260724_1s_p0_relative_mixture\maxfreq=22kHz\heatflux_SNR=-20,kfold,total_power_only,2,43,22,0.6215151599563511,158081.60828231773,101425.07635411341,0.837820246007094
2025.07.09_0.3_1,relative_mixture,heatflux_SNR=-20,C:\Users\Casper4\Python\ueki\shibasaki\研究\Pool_boiling\Subcooling_20_degrees\0.3\2025.07.09_0.3_1\data\npy\waterflow_20260724_1s_p0_relative_mixture\maxfreq=22kHz\heatflux_SNR=-20,kfold,full_spectrogram_pca,2,43,22,0.655407787848986,150837.6752436848,123005.7690905057,0.8433209095882578
2025.07.09_0.3_1,relative_mixture,heatflux_SNR=-20,C:\Users\Casper4\Python\ueki\shibasaki\研究\Pool_boiling\Subcooling_20_degrees\0.3\2025.07.09_0.3_1\data\npy\waterflow_20260724_1s_p0_relative_mixture\maxfreq=22kHz\heatflux_SNR=-20,kfold,old_style_magnitude_minmax_pca,2,43,22,-0.5601753886992884,320954.75383559486,286120.0919866271,0.026884934032770407
2025.07.09_0.3_1,relative_mixture,heatflux_SNR=-20,C:\Users\Casper4\Python\ueki\shibasaki\研究\Pool_boiling\Subcooling_20_degrees\0.3\2025.07.09_0.3_1\data\npy\waterflow_20260724_1s_p0_relative_mixture\maxfreq=22kHz\heatflux_SNR=-20,kfold,total_power_only,3,44,21,0.5153432543096554,182655.48389406793,123232.43462316683,0.7374093103205405
2025.07.09_0.3_1,relative_mixture,heatflux_SNR=-20,C:\Users\Casper4\Python\ueki\shibasaki\研究\Pool_boiling\Subcooling_20_degrees\0.3\2025.07.09_0.3_1\data\npy\waterflow_20260724_1s_p0_relative_mixture\maxfreq=22kHz\heatflux_SNR=-20,kfold,full_spectrogram_pca,3,44,21,0.5221388282774677,181370.41910039357,148823.85711550244,0.7240595820847358
2025.07.09_0.3_1,relative_mixture,heatflux_SNR=-20,C:\Users\Casper4\Python\ueki\shibasaki\研究\Pool_boiling\Subcooling_20_degrees\0.3\2025.07.09_0.3_1\data\npy\waterflow_20260724_1s_p0_relative_mixture\maxfreq=22kHz\heatflux_SNR=-20,kfold,old_style_magnitude_minmax_pca,3,44,21,-0.2853237165059883,297455.3916223222,234473.50348275367,-0.1757279770161972
2025.07.09_0.3_1,relative_mixture,heatflux_SNR=-20,C:\Users\Casper4\Python\ueki\shibasaki\研究\Pool_boiling\Subcooling_20_degrees\0.3\2025.07.09_0.3_1\data\npy\waterflow_20260724_1s_p0_relative_mixture\maxfreq=22kHz\heatflux_SNR=-20,group_kfold,total_power_only,1,40,25,0.5814761755152718,182571.28649459017,147935.07211298973,0.7953054810116662
2025.07.09_0.3_1,relative_mixture,heatflux_SNR=-20,C:\Users\Casper4\Python\ueki\shibasaki\研究\Pool_boiling\Subcooling_20_degrees\0.3\2025.07.09_0.3_1\data\npy\waterflow_20260724_1s_p0_relative_mixture\maxfreq=22kHz\heatflux_SNR=-20,group_kfold,full_spectrogram_pca,1,40,25,0.38429616263565924,221441.1424495915,181849.1068046126,0.6767668957743863
2025.07.09_0.3_1,relative_mixture,heatflux_SNR=-20,C:\Users\Casper4\Python\ueki\shibasaki\研究\Pool_boiling\Subcooling_20_degrees\0.3\2025.07.09_0.3_1\data\npy\waterflow_20260724_1s_p0_relative_mixture\maxfreq=22kHz\heatflux_SNR=-20,group_kfold,old_style_magnitude_minmax_pca,1,40,25,-0.40245073326492053,334207.49876994424,288103.67492136697,-0.2765441472588595
2025.07.09_0.3_1,relative_mixture,heatflux_SNR=-20,C:\Users\Casper4\Python\ueki\shibasaki\研究\Pool_boiling\Subcooling_20_degrees\0.3\2025.07.09_0.3_1\data\npy\waterflow_20260724_1s_p0_relative_mixture\maxfreq=22kHz\heatflux_SNR=-20,group_kfold,total_power_only,2,45,20,0.7399341087614966,131441.75367749418,97416.89504275697,0.8809955732169293
2025.07.09_0.3_1,relative_mixture,heatflux_SNR=-20,C:\Users\Casper4\Python\ueki\shibasaki\研究\Pool_boiling\Subcooling_20_degrees\0.3\2025.07.09_0.3_1\data\npy\waterflow_20260724_1s_p0_relative_mixture\maxfreq=22kHz\heatflux_SNR=-20,group_kfold,full_spectrogram_pca,2,45,20,0.6448006368810044,153612.91686509954,124969.34676798596,0.9235332718351956
2025.07.09_0.3_1,relative_mixture,heatflux_SNR=-20,C:\Users\Casper4\Python\ueki\shibasaki\研究\Pool_boiling\Subcooling_20_degrees\0.3\2025.07.09_0.3_1\data\npy\waterflow_20260724_1s_p0_relative_mixture\maxfreq=22kHz\heatflux_SNR=-20,group_kfold,old_style_magnitude_minmax_pca,2,45,20,-0.21614469366948352,284239.3957254392,238204.91997588403,0.14377310016503553
2025.07.09_0.3_1,relative_mixture,heatflux_SNR=-20,C:\Users\Casper4\Python\ueki\shibasaki\研究\Pool_boiling\Subcooling_20_degrees\0.3\2025.07.09_0.3_1\data\npy\waterflow_20260724_1s_p0_relative_mixture\maxfreq=22kHz\heatflux_SNR=-20,group_kfold,total_power_only,3,45,20,0.7487869419012922,136337.36927723567,91451.34618004202,0.8850735912513166
2025.07.09_0.3_1,relative_mixture,heatflux_SNR=-20,C:\Users\Casper4\Python\ueki\shibasaki\研究\Pool_boiling\Subcooling_20_degrees\0.3\2025.07.09_0.3_1\data\npy\waterflow_20260724_1s_p0_relative_mixture\maxfreq=22kHz\heatflux_SNR=-20,group_kfold,full_spectrogram_pca,3,45,20,0.6639069681480803,157697.04622517893,134946.5226600386,0.8296737400799914
2025.07.09_0.3_1,relative_mixture,heatflux_SNR=-20,C:\Users\Casper4\Python\ueki\shibasaki\研究\Pool_boiling\Subcooling_20_degrees\0.3\2025.07.09_0.3_1\data\npy\waterflow_20260724_1s_p0_relative_mixture\maxfreq=22kHz\heatflux_SNR=-20,group_kfold,old_style_magnitude_minmax_pca,3,45,20,-0.053913270717591555,279251.96714507,219143.2472590797,0.19079132476114652
2025.07.09_0.3_1,relative_noise_only,heatflux_SNR=-20,C:\Users\Casper4\Python\ueki\shibasaki\研究\Pool_boiling\Subcooling_20_degrees\0.3\2025.07.09_0.3_1\data\npy\waterflow_20260724_1s_p0_relative_noise_only\maxfreq=22kHz\heatflux_SNR=-20,kfold,total_power_only,1,43,22,0.796899544106369,145332.34500506808,96975.8698341752,0.8956837759164923
2025.07.09_0.3_1,relative_noise_only,heatflux_SNR=-20,C:\Users\Casper4\Python\ueki\shibasaki\研究\Pool_boiling\Subcooling_20_degrees\0.3\2025.07.09_0.3_1\data\npy\waterflow_20260724_1s_p0_relative_noise_only\maxfreq=22kHz\heatflux_SNR=-20,kfold,full_spectrogram_pca,1,43,22,0.7160965921334959,171827.28772391396,149761.62582098448,0.861932331273843
2025.07.09_0.3_1,relative_noise_only,heatflux_SNR=-20,C:\Users\Casper4\Python\ueki\shibasaki\研究\Pool_boiling\Subcooling_20_degrees\0.3\2025.07.09_0.3_1\data\npy\waterflow_20260724_1s_p0_relative_noise_only\maxfreq=22kHz\heatflux_SNR=-20,kfold,old_style_magnitude_minmax_pca,1,43,22,-0.0043698950791764,323186.84533433843,280890.06855045044,0.1337034887371376
2025.07.09_0.3_1,relative_noise_only,heatflux_SNR=-20,C:\Users\Casper4\Python\ueki\shibasaki\研究\Pool_boiling\Subcooling_20_degrees\0.3\2025.07.09_0.3_1\data\npy\waterflow_20260724_1s_p0_relative_noise_only\maxfreq=22kHz\heatflux_SNR=-20,kfold,total_power_only,2,43,22,0.6134286633351191,159761.42506226705,102346.05362684069,0.8356001635158324
2025.07.09_0.3_1,relative_noise_only,heatflux_SNR=-20,C:\Users\Casper4\Python\ueki\shibasaki\研究\Pool_boiling\Subcooling_20_degrees\0.3\2025.07.09_0.3_1\data\npy\waterflow_20260724_1s_p0_relative_noise_only\maxfreq=22kHz\heatflux_SNR=-20,kfold,full_spectrogram_pca,2,43,22,0.6290855664406357,156492.65836488758,130630.90119277843,0.8275549133913259
2025.07.09_0.3_1,relative_noise_only,heatflux_SNR=-20,C:\Users\Casper4\Python\ueki\shibasaki\研究\Pool_boiling\Subcooling_20_degrees\0.3\2025.07.09_0.3_1\data\npy\waterflow_20260724_1s_p0_relative_noise_only\maxfreq=22kHz\heatflux_SNR=-20,kfold,old_style_magnitude_minmax_pca,2,43,22,-0.8164770394296605,346315.60203313595,308230.0436911725,-0.08647947531313588
2025.07.09_0.3_1,relative_noise_only,heatflux_SNR=-20,C:\Users\Casper4\Python\ueki\shibasaki\研究\Pool_boiling\Subcooling_20_degrees\0.3\2025.07.09_0.3_1\data\npy\waterflow_20260724_1s_p0_relative_noise_only\maxfreq=22kHz\heatflux_SNR=-20,kfold,total_power_only,3,44,21,0.5136876822062,182967.1906018327,123414.02714083796,0.7364729101883577
2025.07.09_0.3_1,relative_noise_only,heatflux_SNR=-20,C:\Users\Casper4\Python\ueki\shibasaki\研究\Pool_boiling\Subcooling_20_degrees\0.3\2025.07.09_0.3_1\data\npy\waterflow_20260724_1s_p0_relative_noise_only\maxfreq=22kHz\heatflux_SNR=-20,kfold,full_spectrogram_pca,3,44,21,0.4842797917360194,188418.11706265958,156291.66440716913,0.6964776141034905
2025.07.09_0.3_1,relative_noise_only,heatflux_SNR=-20,C:\Users\Casper4\Python\ueki\shibasaki\研究\Pool_boiling\Subcooling_20_degrees\0.3\2025.07.09_0.3_1\data\npy\waterflow_20260724_1s_p0_relative_noise_only\maxfreq=22kHz\heatflux_SNR=-20,kfold,old_style_magnitude_minmax_pca,3,44,21,-0.42227367948030925,312901.1586116484,267632.57844588824,-0.126332673479507
2025.07.09_0.3_1,relative_noise_only,heatflux_SNR=-20,C:\Users\Casper4\Python\ueki\shibasaki\研究\Pool_boiling\Subcooling_20_degrees\0.3\2025.07.09_0.3_1\data\npy\waterflow_20260724_1s_p0_relative_noise_only\maxfreq=22kHz\heatflux_SNR=-20,group_kfold,total_power_only,1,40,25,0.5859420253010712,181594.6125499795,147661.52773798973,0.8455192727209679
2025.07.09_0.3_1,relative_noise_only,heatflux_SNR=-20,C:\Users\Casper4\Python\ueki\shibasaki\研究\Pool_boiling\Subcooling_20_degrees\0.3\2025.07.09_0.3_1\data\npy\waterflow_20260724_1s_p0_relative_noise_only\maxfreq=22kHz\heatflux_SNR=-20,group_kfold,full_spectrogram_pca,1,40,25,0.39398869523728164,219691.24300024778,180560.1143025512,0.686712613304771
2025.07.09_0.3_1,relative_noise_only,heatflux_SNR=-20,C:\Users\Casper4\Python\ueki\shibasaki\研究\Pool_boiling\Subcooling_20_degrees\0.3\2025.07.09_0.3_1\data\npy\waterflow_20260724_1s_p0_relative_noise_only\maxfreq=22kHz\heatflux_SNR=-20,group_kfold,old_style_magnitude_minmax_pca,1,40,25,-0.45737404689031913,340688.83317955246,290517.38689246844,-0.1795743930326573
2025.07.09_0.3_1,relative_noise_only,heatflux_SNR=-20,C:\Users\Casper4\Python\ueki\shibasaki\研究\Pool_boiling\Subcooling_20_degrees\0.3\2025.07.09_0.3_1\data\npy\waterflow_20260724_1s_p0_relative_noise_only\maxfreq=22kHz\heatflux_SNR=-20,group_kfold,total_power_only,2,45,20,0.7265401658430154,134784.0244554769,102826.56793040918,0.9045053600741892
2025.07.09_0.3_1,relative_noise_only,heatflux_SNR=-20,C:\Users\Casper4\Python\ueki\shibasaki\研究\Pool_boiling\Subcooling_20_degrees\0.3\2025.07.09_0.3_1\data\npy\waterflow_20260724_1s_p0_relative_noise_only\maxfreq=22kHz\heatflux_SNR=-20,group_kfold,full_spectrogram_pca,2,45,20,0.5907626337601657,164884.29325891746,132402.95131430804,0.9199312967006522
2025.07.09_0.3_1,relative_noise_only,heatflux_SNR=-20,C:\Users\Casper4\Python\ueki\shibasaki\研究\Pool_boiling\Subcooling_20_degrees\0.3\2025.07.09_0.3_1\data\npy\waterflow_20260724_1s_p0_relative_noise_only\maxfreq=22kHz\heatflux_SNR=-20,group_kfold,old_style_magnitude_minmax_pca,2,45,20,-0.20980247432774868,283497.2697919014,240685.28906283466,0.16184100673697643
2025.07.09_0.3_1,relative_noise_only,heatflux_SNR=-20,C:\Users\Casper4\Python\ueki\shibasaki\研究\Pool_boiling\Subcooling_20_degrees\0.3\2025.07.09_0.3_1\data\npy\waterflow_20260724_1s_p0_relative_noise_only\maxfreq=22kHz\heatflux_SNR=-20,group_kfold,total_power_only,3,45,20,0.7447379626011437,137431.7004871907,91765.21820152638,0.8840889763927825
2025.07.09_0.3_1,relative_noise_only,heatflux_SNR=-20,C:\Users\Casper4\Python\ueki\shibasaki\研究\Pool_boiling\Subcooling_20_degrees\0.3\2025.07.09_0.3_1\data\npy\waterflow_20260724_1s_p0_relative_noise_only\maxfreq=22kHz\heatflux_SNR=-20,group_kfold,full_spectrogram_pca,3,45,20,0.6874897844919221,152063.82613787064,127223.33789441359,0.838184258105165
2025.07.09_0.3_1,relative_noise_only,heatflux_SNR=-20,C:\Users\Casper4\Python\ueki\shibasaki\研究\Pool_boiling\Subcooling_20_degrees\0.3\2025.07.09_0.3_1\data\npy\waterflow_20260724_1s_p0_relative_noise_only\maxfreq=22kHz\heatflux_SNR=-20,group_kfold,old_style_magnitude_minmax_pca,3,45,20,-0.18629606746753957,296271.823106197,237880.22880881047,0.106091908878058
2025.07.09_0.3_1,fixed_mixture,heatflux_no_noise,C:\Users\Casper4\Python\ueki\shibasaki\研究\Pool_boiling\Subcooling_20_degrees\0.3\2025.07.09_0.3_1\data\npy\waterflow_20260724_1s_p0_fixed_mixture\maxfreq=22kHz\heatflux_no_noise,kfold,total_power_only,1,43,22,0.6467202742028544,191675.31662856793,140190.43717243726,0.8240155188732156
2025.07.09_0.3_1,fixed_mixture,heatflux_no_noise,C:\Users\Casper4\Python\ueki\shibasaki\研究\Pool_boiling\Subcooling_20_degrees\0.3\2025.07.09_0.3_1\data\npy\waterflow_20260724_1s_p0_fixed_mixture\maxfreq=22kHz\heatflux_no_noise,kfold,full_spectrogram_pca,1,43,22,0.6287970298530319,196477.37776048496,157951.92797146318,0.857418715984541
2025.07.09_0.3_1,fixed_mixture,heatflux_no_noise,C:\Users\Casper4\Python\ueki\shibasaki\研究\Pool_boiling\Subcooling_20_degrees\0.3\2025.07.09_0.3_1\data\npy\waterflow_20260724_1s_p0_fixed_mixture\maxfreq=22kHz\heatflux_no_noise,kfold,old_style_magnitude_minmax_pca,1,43,22,0.5804170568952578,208889.08352733718,158671.49162177768,0.8106841646851504
2025.07.09_0.3_1,fixed_mixture,heatflux_no_noise,C:\Users\Casper4\Python\ueki\shibasaki\研究\Pool_boiling\Subcooling_20_degrees\0.3\2025.07.09_0.3_1\data\npy\waterflow_20260724_1s_p0_fixed_mixture\maxfreq=22kHz\heatflux_no_noise,kfold,total_power_only,2,43,22,0.08422190326514745,245896.43209748584,171760.68954816635,0.6912383061098079
2025.07.09_0.3_1,fixed_mixture,heatflux_no_noise,C:\Users\Casper4\Python\ueki\shibasaki\研究\Pool_boiling\Subcooling_20_degrees\0.3\2025.07.09_0.3_1\data\npy\waterflow_20260724_1s_p0_fixed_mixture\maxfreq=22kHz\heatflux_no_noise,kfold,full_spectrogram_pca,2,43,22,0.2544620689403432,221866.6231259478,186767.6398146104,0.7272842672026472
2025.07.09_0.3_1,fixed_mixture,heatflux_no_noise,C:\Users\Casper4\Python\ueki\shibasaki\研究\Pool_boiling\Subcooling_20_degrees\0.3\2025.07.09_0.3_1\data\npy\waterflow_20260724_1s_p0_fixed_mixture\maxfreq=22kHz\heatflux_no_noise,kfold,old_style_magnitude_minmax_pca,2,43,22,0.4362325450237754,192933.25969738932,154178.8513860993,0.7132914775210765
2025.07.09_0.3_1,fixed_mixture,heatflux_no_noise,C:\Users\Casper4\Python\ueki\shibasaki\研究\Pool_boiling\Subcooling_20_degrees\0.3\2025.07.09_0.3_1\data\npy\waterflow_20260724_1s_p0_fixed_mixture\maxfreq=22kHz\heatflux_no_noise,kfold,total_power_only,3,44,21,0.2692322991764783,224287.59628744575,152020.13496176497,0.6624663817213284
2025.07.09_0.3_1,fixed_mixture,heatflux_no_noise,C:\Users\Casper4\Python\ueki\shibasaki\研究\Pool_boiling\Subcooling_20_degrees\0.3\2025.07.09_0.3_1\data\npy\waterflow_20260724_1s_p0_fixed_mixture\maxfreq=22kHz\heatflux_no_noise,kfold,full_spectrogram_pca,3,44,21,0.5242020118483514,180978.4587659418,128045.63585035571,0.7440640244283271
2025.07.09_0.3_1,fixed_mixture,heatflux_no_noise,C:\Users\Casper4\Python\ueki\shibasaki\研究\Pool_boiling\Subcooling_20_degrees\0.3\2025.07.09_0.3_1\data\npy\waterflow_20260724_1s_p0_fixed_mixture\maxfreq=22kHz\heatflux_no_noise,kfold,old_style_magnitude_minmax_pca,3,44,21,0.4943265883739557,186573.79449361848,131271.8640260466,0.7637017730359316
2025.07.09_0.3_1,fixed_mixture,heatflux_no_noise,C:\Users\Casper4\Python\ueki\shibasaki\研究\Pool_boiling\Subcooling_20_degrees\0.3\2025.07.09_0.3_1\data\npy\waterflow_20260724_1s_p0_fixed_mixture\maxfreq=22kHz\heatflux_no_noise,group_kfold,total_power_only,1,40,25,0.03494378571094425,277235.40304825717,215366.77845909123,0.5281859982387584
2025.07.09_0.3_1,fixed_mixture,heatflux_no_noise,C:\Users\Casper4\Python\ueki\shibasaki\研究\Pool_boiling\Subcooling_20_degrees\0.3\2025.07.09_0.3_1\data\npy\waterflow_20260724_1s_p0_fixed_mixture\maxfreq=22kHz\heatflux_no_noise,group_kfold,full_spectrogram_pca,1,40,25,-0.38010284421306273,331534.0268553398,280434.23555048974,-0.10800686369047174
2025.07.09_0.3_1,fixed_mixture,heatflux_no_noise,C:\Users\Casper4\Python\ueki\shibasaki\研究\Pool_boiling\Subcooling_20_degrees\0.3\2025.07.09_0.3_1\data\npy\waterflow_20260724_1s_p0_fixed_mixture\maxfreq=22kHz\heatflux_no_noise,group_kfold,old_style_magnitude_minmax_pca,1,40,25,-0.10037920429602032,296035.34757232456,227235.87600714192,0.4372224940245159
2025.07.09_0.3_1,fixed_mixture,heatflux_no_noise,C:\Users\Casper4\Python\ueki\shibasaki\研究\Pool_boiling\Subcooling_20_degrees\0.3\2025.07.09_0.3_1\data\npy\waterflow_20260724_1s_p0_fixed_mixture\maxfreq=22kHz\heatflux_no_noise,group_kfold,total_power_only,2,45,20,0.4279932161353476,194936.08350003517,149165.0778737621,0.8847621186179258
2025.07.09_0.3_1,fixed_mixture,heatflux_no_noise,C:\Users\Casper4\Python\ueki\shibasaki\研究\Pool_boiling\Subcooling_20_degrees\0.3\2025.07.09_0.3_1\data\npy\waterflow_20260724_1s_p0_fixed_mixture\maxfreq=22kHz\heatflux_no_noise,group_kfold,full_spectrogram_pca,2,45,20,0.19436905216484723,231344.78663866338,183122.01470290674,0.8091508325130546
2025.07.09_0.3_1,fixed_mixture,heatflux_no_noise,C:\Users\Casper4\Python\ueki\shibasaki\研究\Pool_boiling\Subcooling_20_degrees\0.3\2025.07.09_0.3_1\data\npy\waterflow_20260724_1s_p0_fixed_mixture\maxfreq=22kHz\heatflux_no_noise,group_kfold,old_style_magnitude_minmax_pca,2,45,20,-0.01591227710772114,259788.397476281,223574.76963759336,0.7756171244586733
2025.07.09_0.3_1,fixed_mixture,heatflux_no_noise,C:\Users\Casper4\Python\ueki\shibasaki\研究\Pool_boiling\Subcooling_20_degrees\0.3\2025.07.09_0.3_1\data\npy\waterflow_20260724_1s_p0_fixed_mixture\maxfreq=22kHz\heatflux_no_noise,group_kfold,total_power_only,3,45,20,0.2682076393077061,232695.3690372197,182302.35469604022,0.6561525238084679
2025.07.09_0.3_1,fixed_mixture,heatflux_no_noise,C:\Users\Casper4\Python\ueki\shibasaki\研究\Pool_boiling\Subcooling_20_degrees\0.3\2025.07.09_0.3_1\data\npy\waterflow_20260724_1s_p0_fixed_mixture\maxfreq=22kHz\heatflux_no_noise,group_kfold,full_spectrogram_pca,3,45,20,0.7728129633675728,129653.89791637067,106010.53271506052,0.8949366756222729
2025.07.09_0.3_1,fixed_mixture,heatflux_no_noise,C:\Users\Casper4\Python\ueki\shibasaki\研究\Pool_boiling\Subcooling_20_degrees\0.3\2025.07.09_0.3_1\data\npy\waterflow_20260724_1s_p0_fixed_mixture\maxfreq=22kHz\heatflux_no_noise,group_kfold,old_style_magnitude_minmax_pca,3,45,20,0.5970120909021253,172679.11438159915,137007.04620547756,0.786774954410301
2025.07.09_0.3_1,fixed_mixture,heatflux_SNR=-20,C:\Users\Casper4\Python\ueki\shibasaki\研究\Pool_boiling\Subcooling_20_degrees\0.3\2025.07.09_0.3_1\data\npy\waterflow_20260724_1s_p0_fixed_mixture\maxfreq=22kHz\heatflux_SNR=-20,kfold,total_power_only,1,43,22,0.3661384166136148,256746.21366609237,207321.05786329356,0.6388001804132903
2025.07.09_0.3_1,fixed_mixture,heatflux_SNR=-20,C:\Users\Casper4\Python\ueki\shibasaki\研究\Pool_boiling\Subcooling_20_degrees\0.3\2025.07.09_0.3_1\data\npy\waterflow_20260724_1s_p0_fixed_mixture\maxfreq=22kHz\heatflux_SNR=-20,kfold,full_spectrogram_pca,1,43,22,0.5087898738389944,226016.6781082856,190792.84673307155,0.778008366580478
2025.07.09_0.3_1,fixed_mixture,heatflux_SNR=-20,C:\Users\Casper4\Python\ueki\shibasaki\研究\Pool_boiling\Subcooling_20_degrees\0.3\2025.07.09_0.3_1\data\npy\waterflow_20260724_1s_p0_fixed_mixture\maxfreq=22kHz\heatflux_SNR=-20,kfold,old_style_magnitude_minmax_pca,1,43,22,0.4873432330810603,230898.0042703536,193964.29275579882,0.7345631014908542
2025.07.09_0.3_1,fixed_mixture,heatflux_SNR=-20,C:\Users\Casper4\Python\ueki\shibasaki\研究\Pool_boiling\Subcooling_20_degrees\0.3\2025.07.09_0.3_1\data\npy\waterflow_20260724_1s_p0_fixed_mixture\maxfreq=22kHz\heatflux_SNR=-20,kfold,total_power_only,2,43,22,0.051176032135799576,250293.70359936074,197170.5414933548,0.6022044631276742
2025.07.09_0.3_1,fixed_mixture,heatflux_SNR=-20,C:\Users\Casper4\Python\ueki\shibasaki\研究\Pool_boiling\Subcooling_20_degrees\0.3\2025.07.09_0.3_1\data\npy\waterflow_20260724_1s_p0_fixed_mixture\maxfreq=22kHz\heatflux_SNR=-20,kfold,full_spectrogram_pca,2,43,22,0.3275288417148976,210714.26254173764,178309.4039876747,0.6476810319146914
2025.07.09_0.3_1,fixed_mixture,heatflux_SNR=-20,C:\Users\Casper4\Python\ueki\shibasaki\研究\Pool_boiling\Subcooling_20_degrees\0.3\2025.07.09_0.3_1\data\npy\waterflow_20260724_1s_p0_fixed_mixture\maxfreq=22kHz\heatflux_SNR=-20,kfold,old_style_magnitude_minmax_pca,2,43,22,0.32827098167512647,210597.95819064238,173814.2205354209,0.6715828358794441
2025.07.09_0.3_1,fixed_mixture,heatflux_SNR=-20,C:\Users\Casper4\Python\ueki\shibasaki\研究\Pool_boiling\Subcooling_20_degrees\0.3\2025.07.09_0.3_1\data\npy\waterflow_20260724_1s_p0_fixed_mixture\maxfreq=22kHz\heatflux_SNR=-20,kfold,total_power_only,3,44,21,-0.16910589224599692,283689.00847272226,227751.26149610768,0.4085683865269577
2025.07.09_0.3_1,fixed_mixture,heatflux_SNR=-20,C:\Users\Casper4\Python\ueki\shibasaki\研究\Pool_boiling\Subcooling_20_degrees\0.3\2025.07.09_0.3_1\data\npy\waterflow_20260724_1s_p0_fixed_mixture\maxfreq=22kHz\heatflux_SNR=-20,kfold,full_spectrogram_pca,3,44,21,0.4292530991347594,198215.38744194712,170416.83153242548,0.6571459487043436
2025.07.09_0.3_1,fixed_mixture,heatflux_SNR=-20,C:\Users\Casper4\Python\ueki\shibasaki\研究\Pool_boiling\Subcooling_20_degrees\0.3\2025.07.09_0.3_1\data\npy\waterflow_20260724_1s_p0_fixed_mixture\maxfreq=22kHz\heatflux_SNR=-20,kfold,old_style_magnitude_minmax_pca,3,44,21,0.28214174578812934,222297.68189614447,174321.2428352421,0.561468493839463
2025.07.09_0.3_1,fixed_mixture,heatflux_SNR=-20,C:\Users\Casper4\Python\ueki\shibasaki\研究\Pool_boiling\Subcooling_20_degrees\0.3\2025.07.09_0.3_1\data\npy\waterflow_20260724_1s_p0_fixed_mixture\maxfreq=22kHz\heatflux_SNR=-20,group_kfold,total_power_only,1,40,25,-0.04389177133704858,288336.83055212005,252027.33997147906,0.3266734419786321
2025.07.09_0.3_1,fixed_mixture,heatflux_SNR=-20,C:\Users\Casper4\Python\ueki\shibasaki\研究\Pool_boiling\Subcooling_20_degrees\0.3\2025.07.09_0.3_1\data\npy\waterflow_20260724_1s_p0_fixed_mixture\maxfreq=22kHz\heatflux_SNR=-20,group_kfold,full_spectrogram_pca,1,40,25,0.08685800324019166,269675.53050841397,237178.262421367,0.5277212504516541
2025.07.09_0.3_1,fixed_mixture,heatflux_SNR=-20,C:\Users\Casper4\Python\ueki\shibasaki\研究\Pool_boiling\Subcooling_20_degrees\0.3\2025.07.09_0.3_1\data\npy\waterflow_20260724_1s_p0_fixed_mixture\maxfreq=22kHz\heatflux_SNR=-20,group_kfold,old_style_magnitude_minmax_pca,1,40,25,0.020944076886051932,279239.0377634398,240320.97304842842,0.4692107291806094
2025.07.09_0.3_1,fixed_mixture,heatflux_SNR=-20,C:\Users\Casper4\Python\ueki\shibasaki\研究\Pool_boiling\Subcooling_20_degrees\0.3\2025.07.09_0.3_1\data\npy\waterflow_20260724_1s_p0_fixed_mixture\maxfreq=22kHz\heatflux_SNR=-20,group_kfold,total_power_only,2,45,20,-0.38528409859208224,303361.9247339705,229348.1321701769,0.5556458618066216
2025.07.09_0.3_1,fixed_mixture,heatflux_SNR=-20,C:\Users\Casper4\Python\ueki\shibasaki\研究\Pool_boiling\Subcooling_20_degrees\0.3\2025.07.09_0.3_1\data\npy\waterflow_20260724_1s_p0_fixed_mixture\maxfreq=22kHz\heatflux_SNR=-20,group_kfold,full_spectrogram_pca,2,45,20,0.1276405024982591,240735.0872005563,200604.80909071834,0.8029386704103345
2025.07.09_0.3_1,fixed_mixture,heatflux_SNR=-20,C:\Users\Casper4\Python\ueki\shibasaki\研究\Pool_boiling\Subcooling_20_degrees\0.3\2025.07.09_0.3_1\data\npy\waterflow_20260724_1s_p0_fixed_mixture\maxfreq=22kHz\heatflux_SNR=-20,group_kfold,old_style_magnitude_minmax_pca,2,45,20,0.08325940789725694,246782.79434747697,209499.4128197007,0.7786836300858363
2025.07.09_0.3_1,fixed_mixture,heatflux_SNR=-20,C:\Users\Casper4\Python\ueki\shibasaki\研究\Pool_boiling\Subcooling_20_degrees\0.3\2025.07.09_0.3_1\data\npy\waterflow_20260724_1s_p0_fixed_mixture\maxfreq=22kHz\heatflux_SNR=-20,group_kfold,total_power_only,3,45,20,0.41027888591173667,208889.75629554273,179252.55206452208,0.6942160507274576
2025.07.09_0.3_1,fixed_mixture,heatflux_SNR=-20,C:\Users\Casper4\Python\ueki\shibasaki\研究\Pool_boiling\Subcooling_20_degrees\0.3\2025.07.09_0.3_1\data\npy\waterflow_20260724_1s_p0_fixed_mixture\maxfreq=22kHz\heatflux_SNR=-20,group_kfold,full_spectrogram_pca,3,45,20,0.5499820673576807,182477.24467210827,160926.93931540535,0.7529381170820715
2025.07.09_0.3_1,fixed_mixture,heatflux_SNR=-20,C:\Users\Casper4\Python\ueki\shibasaki\研究\Pool_boiling\Subcooling_20_degrees\0.3\2025.07.09_0.3_1\data\npy\waterflow_20260724_1s_p0_fixed_mixture\maxfreq=22kHz\heatflux_SNR=-20,group_kfold,old_style_magnitude_minmax_pca,3,45,20,0.4425753199367132,203089.23382873673,170007.34397828887,0.7134806034173763
2025.06.11_0.3_2,relative_mixture,heatflux_no_noise,C:\Users\Casper4\Python\ueki\shibasaki\研究\Pool_boiling\Subcooling_20_degrees\0.3\2025.06.11_0.3_2\data\npy\waterflow_20260724_1s_p0_relative_mixture\maxfreq=22kHz\heatflux_no_noise,kfold,total_power_only,1,60,30,0.9071448198199141,79964.62133550925,46336.81040736977,0.9535798218463124
2025.06.11_0.3_2,relative_mixture,heatflux_no_noise,C:\Users\Casper4\Python\ueki\shibasaki\研究\Pool_boiling\Subcooling_20_degrees\0.3\2025.06.11_0.3_2\data\npy\waterflow_20260724_1s_p0_relative_mixture\maxfreq=22kHz\heatflux_no_noise,kfold,full_spectrogram_pca,1,60,30,0.9015194074112449,82351.24003484432,72137.67211867188,0.9707362857249188
2025.06.11_0.3_2,relative_mixture,heatflux_no_noise,C:\Users\Casper4\Python\ueki\shibasaki\研究\Pool_boiling\Subcooling_20_degrees\0.3\2025.06.11_0.3_2\data\npy\waterflow_20260724_1s_p0_relative_mixture\maxfreq=22kHz\heatflux_no_noise,kfold,old_style_magnitude_minmax_pca,1,60,30,0.8023159871074381,116675.74717528831,102795.44385804688,0.9126014973174132
2025.06.11_0.3_2,relative_mixture,heatflux_no_noise,C:\Users\Casper4\Python\ueki\shibasaki\研究\Pool_boiling\Subcooling_20_degrees\0.3\2025.06.11_0.3_2\data\npy\waterflow_20260724_1s_p0_relative_mixture\maxfreq=22kHz\heatflux_no_noise,kfold,total_power_only,2,60,30,0.8621691764541273,94134.24767382309,55184.13394784384,0.9498910470829096
2025.06.11_0.3_2,relative_mixture,heatflux_no_noise,C:\Users\Casper4\Python\ueki\shibasaki\研究\Pool_boiling\Subcooling_20_degrees\0.3\2025.06.11_0.3_2\data\npy\waterflow_20260724_1s_p0_relative_mixture\maxfreq=22kHz\heatflux_no_noise,kfold,full_spectrogram_pca,2,60,30,0.864909867099368,93193.64429936625,78870.45548064844,0.9671178100724127
2025.06.11_0.3_2,relative_mixture,heatflux_no_noise,C:\Users\Casper4\Python\ueki\shibasaki\研究\Pool_boiling\Subcooling_20_degrees\0.3\2025.06.11_0.3_2\data\npy\waterflow_20260724_1s_p0_relative_mixture\maxfreq=22kHz\heatflux_no_noise,kfold,old_style_magnitude_minmax_pca,2,60,30,0.7902685087419083,116119.80635596579,89051.9734448151,0.8899859679133821
2025.06.11_0.3_2,relative_mixture,heatflux_no_noise,C:\Users\Casper4\Python\ueki\shibasaki\研究\Pool_boiling\Subcooling_20_degrees\0.3\2025.06.11_0.3_2\data\npy\waterflow_20260724_1s_p0_relative_mixture\maxfreq=22kHz\heatflux_no_noise,kfold,total_power_only,3,60,30,0.9756533348703554,42308.09385180237,28487.18133305808,0.9882473144293085
2025.06.11_0.3_2,relative_mixture,heatflux_no_noise,C:\Users\Casper4\Python\ueki\shibasaki\研究\Pool_boiling\Subcooling_20_degrees\0.3\2025.06.11_0.3_2\data\npy\waterflow_20260724_1s_p0_relative_mixture\maxfreq=22kHz\heatflux_no_noise,kfold,full_spectrogram_pca,3,60,30,0.8487384321919188,105455.2041148972,89013.20435038021,0.9583803139185778
2025.06.11_0.3_2,relative_mixture,heatflux_no_noise,C:\Users\Casper4\Python\ueki\shibasaki\研究\Pool_boiling\Subcooling_20_degrees\0.3\2025.06.11_0.3_2\data\npy\waterflow_20260724_1s_p0_relative_mixture\maxfreq=22kHz\heatflux_no_noise,kfold,old_style_magnitude_minmax_pca,3,60,30,0.6700233718431718,155756.18743862162,117809.59093204689,0.821387851982418
2025.06.11_0.3_2,relative_mixture,heatflux_no_noise,C:\Users\Casper4\Python\ueki\shibasaki\研究\Pool_boiling\Subcooling_20_degrees\0.3\2025.06.11_0.3_2\data\npy\waterflow_20260724_1s_p0_relative_mixture\maxfreq=22kHz\heatflux_no_noise,group_kfold,total_power_only,1,60,30,0.8961834051385279,81233.18662813523,52796.87573670834,0.9596608714968593
2025.06.11_0.3_2,relative_mixture,heatflux_no_noise,C:\Users\Casper4\Python\ueki\shibasaki\研究\Pool_boiling\Subcooling_20_degrees\0.3\2025.06.11_0.3_2\data\npy\waterflow_20260724_1s_p0_relative_mixture\maxfreq=22kHz\heatflux_no_noise,group_kfold,full_spectrogram_pca,1,60,30,0.8014254835181491,112347.09752652633,94122.23233500002,0.9491373508325224
2025.06.11_0.3_2,relative_mixture,heatflux_no_noise,C:\Users\Casper4\Python\ueki\shibasaki\研究\Pool_boiling\Subcooling_20_degrees\0.3\2025.06.11_0.3_2\data\npy\waterflow_20260724_1s_p0_relative_mixture\maxfreq=22kHz\heatflux_no_noise,group_kfold,old_style_magnitude_minmax_pca,1,60,30,0.657132952405758,147626.04129462075,108239.40858958334,0.8153501171346655
2025.06.11_0.3_2,relative_mixture,heatflux_no_noise,C:\Users\Casper4\Python\ueki\shibasaki\研究\Pool_boiling\Subcooling_20_degrees\0.3\2025.06.11_0.3_2\data\npy\waterflow_20260724_1s_p0_relative_mixture\maxfreq=22kHz\heatflux_no_noise,group_kfold,total_power_only,2,60,30,0.896790483945527,88845.03365078458,68637.40459619174,0.9694423078508485
2025.06.11_0.3_2,relative_mixture,heatflux_no_noise,C:\Users\Casper4\Python\ueki\shibasaki\研究\Pool_boiling\Subcooling_20_degrees\0.3\2025.06.11_0.3_2\data\npy\waterflow_20260724_1s_p0_relative_mixture\maxfreq=22kHz\heatflux_no_noise,group_kfold,full_spectrogram_pca,2,60,30,0.7840221049441666,128522.13678688517,110779.6149361979,0.9579686337227115
2025.06.11_0.3_2,relative_mixture,heatflux_no_noise,C:\Users\Casper4\Python\ueki\shibasaki\研究\Pool_boiling\Subcooling_20_degrees\0.3\2025.06.11_0.3_2\data\npy\waterflow_20260724_1s_p0_relative_mixture\maxfreq=22kHz\heatflux_no_noise,group_kfold,old_style_magnitude_minmax_pca,2,60,30,0.7086334938478192,149277.06872953929,117123.31204104164,0.8817542843392816
2025.06.11_0.3_2,relative_mixture,heatflux_no_noise,C:\Users\Casper4\Python\ueki\shibasaki\研究\Pool_boiling\Subcooling_20_degrees\0.3\2025.06.11_0.3_2\data\npy\waterflow_20260724_1s_p0_relative_mixture\maxfreq=22kHz\heatflux_no_noise,group_kfold,total_power_only,3,60,30,0.7812746626961486,121281.97463907502,90415.78124886718,0.9076541897850531
2025.06.11_0.3_2,relative_mixture,heatflux_no_noise,C:\Users\Casper4\Python\ueki\shibasaki\研究\Pool_boiling\Subcooling_20_degrees\0.3\2025.06.11_0.3_2\data\npy\waterflow_20260724_1s_p0_relative_mixture\maxfreq=22kHz\heatflux_no_noise,group_kfold,full_spectrogram_pca,3,60,30,0.7772186945049021,122401.315131857,102920.86087657552,0.9128697423276934
2025.06.11_0.3_2,relative_mixture,heatflux_no_noise,C:\Users\Casper4\Python\ueki\shibasaki\研究\Pool_boiling\Subcooling_20_degrees\0.3\2025.06.11_0.3_2\data\npy\waterflow_20260724_1s_p0_relative_mixture\maxfreq=22kHz\heatflux_no_noise,group_kfold,old_style_magnitude_minmax_pca,3,60,30,0.6771765340901453,147342.9157280873,125343.8320840755,0.9019693752141501
2025.06.11_0.3_2,relative_mixture,heatflux_SNR=-20,C:\Users\Casper4\Python\ueki\shibasaki\研究\Pool_boiling\Subcooling_20_degrees\0.3\2025.06.11_0.3_2\data\npy\waterflow_20260724_1s_p0_relative_mixture\maxfreq=22kHz\heatflux_SNR=-20,kfold,total_power_only,1,60,30,0.9018768153822738,82201.66872275522,62868.702299026445,0.9507840191664227
2025.06.11_0.3_2,relative_mixture,heatflux_SNR=-20,C:\Users\Casper4\Python\ueki\shibasaki\研究\Pool_boiling\Subcooling_20_degrees\0.3\2025.06.11_0.3_2\data\npy\waterflow_20260724_1s_p0_relative_mixture\maxfreq=22kHz\heatflux_SNR=-20,kfold,full_spectrogram_pca,1,60,30,0.8999129609900134,83020.19270155884,65611.29648138021,0.9524887514323287
2025.06.11_0.3_2,relative_mixture,heatflux_SNR=-20,C:\Users\Casper4\Python\ueki\shibasaki\研究\Pool_boiling\Subcooling_20_degrees\0.3\2025.06.11_0.3_2\data\npy\waterflow_20260724_1s_p0_relative_mixture\maxfreq=22kHz\heatflux_SNR=-20,kfold,old_style_magnitude_minmax_pca,1,60,30,0.01572447513419173,260347.34881789665,230851.75905179692,0.19654447096087682
2025.06.11_0.3_2,relative_mixture,heatflux_SNR=-20,C:\Users\Casper4\Python\ueki\shibasaki\研究\Pool_boiling\Subcooling_20_degrees\0.3\2025.06.11_0.3_2\data\npy\waterflow_20260724_1s_p0_relative_mixture\maxfreq=22kHz\heatflux_SNR=-20,kfold,total_power_only,2,60,30,0.913848260775868,74422.88564641538,47668.73397803035,0.9695200282553028
2025.06.11_0.3_2,relative_mixture,heatflux_SNR=-20,C:\Users\Casper4\Python\ueki\shibasaki\研究\Pool_boiling\Subcooling_20_degrees\0.3\2025.06.11_0.3_2\data\npy\waterflow_20260724_1s_p0_relative_mixture\maxfreq=22kHz\heatflux_SNR=-20,kfold,full_spectrogram_pca,2,60,30,0.8499101404786744,98231.35982516785,71701.30961085677,0.9464229792323515
2025.06.11_0.3_2,relative_mixture,heatflux_SNR=-20,C:\Users\Casper4\Python\ueki\shibasaki\研究\Pool_boiling\Subcooling_20_degrees\0.3\2025.06.11_0.3_2\data\npy\waterflow_20260724_1s_p0_relative_mixture\maxfreq=22kHz\heatflux_SNR=-20,kfold,old_style_magnitude_minmax_pca,2,60,30,-0.06370818387550892,261508.45253992986,211450.4594543985,0.07177432656646308
2025.06.11_0.3_2,relative_mixture,heatflux_SNR=-20,C:\Users\Casper4\Python\ueki\shibasaki\研究\Pool_boiling\Subcooling_20_degrees\0.3\2025.06.11_0.3_2\data\npy\waterflow_20260724_1s_p0_relative_mixture\maxfreq=22kHz\heatflux_SNR=-20,kfold,total_power_only,3,60,30,0.9463484513920339,62805.09095527858,45422.91761069327,0.9778669454395335
2025.06.11_0.3_2,relative_mixture,heatflux_SNR=-20,C:\Users\Casper4\Python\ueki\shibasaki\研究\Pool_boiling\Subcooling_20_degrees\0.3\2025.06.11_0.3_2\data\npy\waterflow_20260724_1s_p0_relative_mixture\maxfreq=22kHz\heatflux_SNR=-20,kfold,full_spectrogram_pca,3,60,30,0.8974312992543276,86838.26644144475,67249.49883017187,0.9658823511095255
2025.06.11_0.3_2,relative_mixture,heatflux_SNR=-20,C:\Users\Casper4\Python\ueki\shibasaki\研究\Pool_boiling\Subcooling_20_degrees\0.3\2025.06.11_0.3_2\data\npy\waterflow_20260724_1s_p0_relative_mixture\maxfreq=22kHz\heatflux_SNR=-20,kfold,old_style_magnitude_minmax_pca,3,60,30,-0.12073377585514411,287048.2795122633,240092.16095663022,0.3008880403243741
2025.06.11_0.3_2,relative_mixture,heatflux_SNR=-20,C:\Users\Casper4\Python\ueki\shibasaki\研究\Pool_boiling\Subcooling_20_degrees\0.3\2025.06.11_0.3_2\data\npy\waterflow_20260724_1s_p0_relative_mixture\maxfreq=22kHz\heatflux_SNR=-20,group_kfold,total_power_only,1,60,30,0.8272942947372165,104773.9801915758,83941.13798490627,0.9349874143544388
2025.06.11_0.3_2,relative_mixture,heatflux_SNR=-20,C:\Users\Casper4\Python\ueki\shibasaki\研究\Pool_boiling\Subcooling_20_degrees\0.3\2025.06.11_0.3_2\data\npy\waterflow_20260724_1s_p0_relative_mixture\maxfreq=22kHz\heatflux_SNR=-20,group_kfold,full_spectrogram_pca,1,60,30,0.8640400642690221,92962.02499364018,71989.99420958334,0.9775905470864185
2025.06.11_0.3_2,relative_mixture,heatflux_SNR=-20,C:\Users\Casper4\Python\ueki\shibasaki\研究\Pool_boiling\Subcooling_20_degrees\0.3\2025.06.11_0.3_2\data\npy\waterflow_20260724_1s_p0_relative_mixture\maxfreq=22kHz\heatflux_SNR=-20,group_kfold,old_style_magnitude_minmax_pca,1,60,30,-0.1295977860569324,267955.0931775594,215177.68463500004,0.09059443206303988
2025.06.11_0.3_2,relative_mixture,heatflux_SNR=-20,C:\Users\Casper4\Python\ueki\shibasaki\研究\Pool_boiling\Subcooling_20_degrees\0.3\2025.06.11_0.3_2\data\npy\waterflow_20260724_1s_p0_relative_mixture\maxfreq=22kHz\heatflux_SNR=-20,group_kfold,total_power_only,2,60,30,0.8421756711332306,109865.22790647956,91096.94066218598,0.9551430911347538
2025.06.11_0.3_2,relative_mixture,heatflux_SNR=-20,C:\Users\Casper4\Python\ueki\shibasaki\研究\Pool_boiling\Subcooling_20_degrees\0.3\2025.06.11_0.3_2\data\npy\waterflow_20260724_1s_p0_relative_mixture\maxfreq=22kHz\heatflux_SNR=-20,group_kfold,full_spectrogram_pca,2,60,30,0.7872201224532311,127567.06472330404,101409.04707572916,0.9365212463986354
2025.06.11_0.3_2,relative_mixture,heatflux_SNR=-20,C:\Users\Casper4\Python\ueki\shibasaki\研究\Pool_boiling\Subcooling_20_degrees\0.3\2025.06.11_0.3_2\data\npy\waterflow_20260724_1s_p0_relative_mixture\maxfreq=22kHz\heatflux_SNR=-20,group_kfold,old_style_magnitude_minmax_pca,2,60,30,-0.03606775859010858,281492.8479147592,228437.42184666675,0.28351478590946677
2025.06.11_0.3_2,relative_mixture,heatflux_SNR=-20,C:\Users\Casper4\Python\ueki\shibasaki\研究\Pool_boiling\Subcooling_20_degrees\0.3\2025.06.11_0.3_2\data\npy\waterflow_20260724_1s_p0_relative_mixture\maxfreq=22kHz\heatflux_SNR=-20,group_kfold,total_power_only,3,60,30,0.8405690473841806,103545.92981725973,82400.16592157552,0.9282680343266176
2025.06.11_0.3_2,relative_mixture,heatflux_SNR=-20,C:\Users\Casper4\Python\ueki\shibasaki\研究\Pool_boiling\Subcooling_20_degrees\0.3\2025.06.11_0.3_2\data\npy\waterflow_20260724_1s_p0_relative_mixture\maxfreq=22kHz\heatflux_SNR=-20,group_kfold,full_spectrogram_pca,3,60,30,0.8945071603552319,84228.33255718455,69325.07685907552,0.9736236151153363
2025.06.11_0.3_2,relative_mixture,heatflux_SNR=-20,C:\Users\Casper4\Python\ueki\shibasaki\研究\Pool_boiling\Subcooling_20_degrees\0.3\2025.06.11_0.3_2\data\npy\waterflow_20260724_1s_p0_relative_mixture\maxfreq=22kHz\heatflux_SNR=-20,group_kfold,old_style_magnitude_minmax_pca,3,60,30,-0.14125134326605515,277036.7365486374,232466.82232199222,0.29727528458131885
2025.06.11_0.3_2,relative_noise_only,heatflux_SNR=-20,C:\Users\Casper4\Python\ueki\shibasaki\研究\Pool_boiling\Subcooling_20_degrees\0.3\2025.06.11_0.3_2\data\npy\waterflow_20260724_1s_p0_relative_noise_only\maxfreq=22kHz\heatflux_SNR=-20,kfold,total_power_only,1,60,30,0.9066572091123006,80174.30565412932,61436.58016360978,0.9530459209362471
2025.06.11_0.3_2,relative_noise_only,heatflux_SNR=-20,C:\Users\Casper4\Python\ueki\shibasaki\研究\Pool_boiling\Subcooling_20_degrees\0.3\2025.06.11_0.3_2\data\npy\waterflow_20260724_1s_p0_relative_noise_only\maxfreq=22kHz\heatflux_SNR=-20,kfold,full_spectrogram_pca,1,60,30,0.9032429785129192,81627.41848711522,64402.3113970052,0.9547646679730395
2025.06.11_0.3_2,relative_noise_only,heatflux_SNR=-20,C:\Users\Casper4\Python\ueki\shibasaki\研究\Pool_boiling\Subcooling_20_degrees\0.3\2025.06.11_0.3_2\data\npy\waterflow_20260724_1s_p0_relative_noise_only\maxfreq=22kHz\heatflux_SNR=-20,kfold,old_style_magnitude_minmax_pca,1,60,30,-0.04415644948449282,268149.87828730483,244457.45950096354,0.13575310185829917
2025.06.11_0.3_2,relative_noise_only,heatflux_SNR=-20,C:\Users\Casper4\Python\ueki\shibasaki\研究\Pool_boiling\Subcooling_20_degrees\0.3\2025.06.11_0.3_2\data\npy\waterflow_20260724_1s_p0_relative_noise_only\maxfreq=22kHz\heatflux_SNR=-20,kfold,total_power_only,2,60,30,0.9199403792231421,71743.28275907105,44241.909498863686,0.9699874538957478
2025.06.11_0.3_2,relative_noise_only,heatflux_SNR=-20,C:\Users\Casper4\Python\ueki\shibasaki\研究\Pool_boiling\Subcooling_20_degrees\0.3\2025.06.11_0.3_2\data\npy\waterflow_20260724_1s_p0_relative_noise_only\maxfreq=22kHz\heatflux_SNR=-20,kfold,full_spectrogram_pca,2,60,30,0.8622402221450564,94109.98352689047,68941.1982176276,0.9464208094027148
2025.06.11_0.3_2,relative_noise_only,heatflux_SNR=-20,C:\Users\Casper4\Python\ueki\shibasaki\研究\Pool_boiling\Subcooling_20_degrees\0.3\2025.06.11_0.3_2\data\npy\waterflow_20260724_1s_p0_relative_noise_only\maxfreq=22kHz\heatflux_SNR=-20,kfold,old_style_magnitude_minmax_pca,2,60,30,-0.1276254984351195,269250.75167411024,215845.2423218985,-0.02040692555594165
2025.06.11_0.3_2,relative_noise_only,heatflux_SNR=-20,C:\Users\Casper4\Python\ueki\shibasaki\研究\Pool_boiling\Subcooling_20_degrees\0.3\2025.06.11_0.3_2\data\npy\waterflow_20260724_1s_p0_relative_noise_only\maxfreq=22kHz\heatflux_SNR=-20,kfold,total_power_only,3,60,30,0.9391623390711572,66879.03097817973,49222.66251173495,0.9729802499149082
2025.06.11_0.3_2,relative_noise_only,heatflux_SNR=-20,C:\Users\Casper4\Python\ueki\shibasaki\研究\Pool_boiling\Subcooling_20_degrees\0.3\2025.06.11_0.3_2\data\npy\waterflow_20260724_1s_p0_relative_noise_only\maxfreq=22kHz\heatflux_SNR=-20,kfold,full_spectrogram_pca,3,60,30,0.8854990872073527,91750.44774652999,69998.37070871354,0.9617278374470658
2025.06.11_0.3_2,relative_noise_only,heatflux_SNR=-20,C:\Users\Casper4\Python\ueki\shibasaki\研究\Pool_boiling\Subcooling_20_degrees\0.3\2025.06.11_0.3_2\data\npy\waterflow_20260724_1s_p0_relative_noise_only\maxfreq=22kHz\heatflux_SNR=-20,kfold,old_style_magnitude_minmax_pca,3,60,30,-0.11421004706831317,286211.6141789807,246052.2744774636,0.2527025829491311
2025.06.11_0.3_2,relative_noise_only,heatflux_SNR=-20,C:\Users\Casper4\Python\ueki\shibasaki\研究\Pool_boiling\Subcooling_20_degrees\0.3\2025.06.11_0.3_2\data\npy\waterflow_20260724_1s_p0_relative_noise_only\maxfreq=22kHz\heatflux_SNR=-20,group_kfold,total_power_only,1,60,30,0.8325521125526381,103166.79442969148,81023.38537532293,0.9336957920859634
2025.06.11_0.3_2,relative_noise_only,heatflux_SNR=-20,C:\Users\Casper4\Python\ueki\shibasaki\研究\Pool_boiling\Subcooling_20_degrees\0.3\2025.06.11_0.3_2\data\npy\waterflow_20260724_1s_p0_relative_noise_only\maxfreq=22kHz\heatflux_SNR=-20,group_kfold,full_spectrogram_pca,1,60,30,0.861099399951945,93961.98026399546,71741.17746375002,0.9771752392423414
2025.06.11_0.3_2,relative_noise_only,heatflux_SNR=-20,C:\Users\Casper4\Python\ueki\shibasaki\研究\Pool_boiling\Subcooling_20_degrees\0.3\2025.06.11_0.3_2\data\npy\waterflow_20260724_1s_p0_relative_noise_only\maxfreq=22kHz\heatflux_SNR=-20,group_kfold,old_style_magnitude_minmax_pca,1,60,30,-0.17342169264754892,273103.4311082308,221582.13820166673,0.004988073164607508
2025.06.11_0.3_2,relative_noise_only,heatflux_SNR=-20,C:\Users\Casper4\Python\ueki\shibasaki\研究\Pool_boiling\Subcooling_20_degrees\0.3\2025.06.11_0.3_2\data\npy\waterflow_20260724_1s_p0_relative_noise_only\maxfreq=22kHz\heatflux_SNR=-20,group_kfold,total_power_only,2,60,30,0.8341675847752187,112618.04874101102,93831.55257624849,0.9545270353330857
2025.06.11_0.3_2,relative_noise_only,heatflux_SNR=-20,C:\Users\Casper4\Python\ueki\shibasaki\研究\Pool_boiling\Subcooling_20_degrees\0.3\2025.06.11_0.3_2\data\npy\waterflow_20260724_1s_p0_relative_noise_only\maxfreq=22kHz\heatflux_SNR=-20,group_kfold,full_spectrogram_pca,2,60,30,0.7973463939383008,124494.58258263065,98562.21932395833,0.9377707687727255
2025.06.11_0.3_2,relative_noise_only,heatflux_SNR=-20,C:\Users\Casper4\Python\ueki\shibasaki\研究\Pool_boiling\Subcooling_20_degrees\0.3\2025.06.11_0.3_2\data\npy\waterflow_20260724_1s_p0_relative_noise_only\maxfreq=22kHz\heatflux_SNR=-20,group_kfold,old_style_magnitude_minmax_pca,2,60,30,0.04980098882879669,269575.59498593665,216206.68486750007,0.4666767364800741
2025.06.11_0.3_2,relative_noise_only,heatflux_SNR=-20,C:\Users\Casper4\Python\ueki\shibasaki\研究\Pool_boiling\Subcooling_20_degrees\0.3\2025.06.11_0.3_2\data\npy\waterflow_20260724_1s_p0_relative_noise_only\maxfreq=22kHz\heatflux_SNR=-20,group_kfold,total_power_only,3,60,30,0.8403886530477038,103604.49378550785,82543.55836949218,0.9283186000016646
2025.06.11_0.3_2,relative_noise_only,heatflux_SNR=-20,C:\Users\Casper4\Python\ueki\shibasaki\研究\Pool_boiling\Subcooling_20_degrees\0.3\2025.06.11_0.3_2\data\npy\waterflow_20260724_1s_p0_relative_noise_only\maxfreq=22kHz\heatflux_SNR=-20,group_kfold,full_spectrogram_pca,3,60,30,0.8874635800366788,86994.79306039677,71465.87064574218,0.9705130424054434
2025.06.11_0.3_2,relative_noise_only,heatflux_SNR=-20,C:\Users\Casper4\Python\ueki\shibasaki\研究\Pool_boiling\Subcooling_20_degrees\0.3\2025.06.11_0.3_2\data\npy\waterflow_20260724_1s_p0_relative_noise_only\maxfreq=22kHz\heatflux_SNR=-20,group_kfold,old_style_magnitude_minmax_pca,3,60,30,-0.20276679005559672,284405.1300606341,247402.62180115888,0.23606002705149054
2025.06.11_0.3_2,fixed_mixture,heatflux_no_noise,C:\Users\Casper4\Python\ueki\shibasaki\研究\Pool_boiling\Subcooling_20_degrees\0.3\2025.06.11_0.3_2\data\npy\waterflow_20260724_1s_p0_fixed_mixture\maxfreq=22kHz\heatflux_no_noise,kfold,total_power_only,1,60,30,0.9071448198199141,79964.62133550925,46336.81040736977,0.9535798218463124
2025.06.11_0.3_2,fixed_mixture,heatflux_no_noise,C:\Users\Casper4\Python\ueki\shibasaki\研究\Pool_boiling\Subcooling_20_degrees\0.3\2025.06.11_0.3_2\data\npy\waterflow_20260724_1s_p0_fixed_mixture\maxfreq=22kHz\heatflux_no_noise,kfold,full_spectrogram_pca,1,60,30,0.9015194074112449,82351.24003484432,72137.67211867188,0.9707362857249188
2025.06.11_0.3_2,fixed_mixture,heatflux_no_noise,C:\Users\Casper4\Python\ueki\shibasaki\研究\Pool_boiling\Subcooling_20_degrees\0.3\2025.06.11_0.3_2\data\npy\waterflow_20260724_1s_p0_fixed_mixture\maxfreq=22kHz\heatflux_no_noise,kfold,old_style_magnitude_minmax_pca,1,60,30,0.8023159871074381,116675.74717528831,102795.44385804688,0.9126014973174132
2025.06.11_0.3_2,fixed_mixture,heatflux_no_noise,C:\Users\Casper4\Python\ueki\shibasaki\研究\Pool_boiling\Subcooling_20_degrees\0.3\2025.06.11_0.3_2\data\npy\waterflow_20260724_1s_p0_fixed_mixture\maxfreq=22kHz\heatflux_no_noise,kfold,total_power_only,2,60,30,0.8621691764541273,94134.24767382309,55184.13394784384,0.9498910470829096
2025.06.11_0.3_2,fixed_mixture,heatflux_no_noise,C:\Users\Casper4\Python\ueki\shibasaki\研究\Pool_boiling\Subcooling_20_degrees\0.3\2025.06.11_0.3_2\data\npy\waterflow_20260724_1s_p0_fixed_mixture\maxfreq=22kHz\heatflux_no_noise,kfold,full_spectrogram_pca,2,60,30,0.864909867099368,93193.64429936625,78870.45548064844,0.9671178100724127
2025.06.11_0.3_2,fixed_mixture,heatflux_no_noise,C:\Users\Casper4\Python\ueki\shibasaki\研究\Pool_boiling\Subcooling_20_degrees\0.3\2025.06.11_0.3_2\data\npy\waterflow_20260724_1s_p0_fixed_mixture\maxfreq=22kHz\heatflux_no_noise,kfold,old_style_magnitude_minmax_pca,2,60,30,0.7902685087419083,116119.80635596579,89051.9734448151,0.8899859679133821
2025.06.11_0.3_2,fixed_mixture,heatflux_no_noise,C:\Users\Casper4\Python\ueki\shibasaki\研究\Pool_boiling\Subcooling_20_degrees\0.3\2025.06.11_0.3_2\data\npy\waterflow_20260724_1s_p0_fixed_mixture\maxfreq=22kHz\heatflux_no_noise,kfold,total_power_only,3,60,30,0.9756533348703554,42308.09385180237,28487.18133305808,0.9882473144293085
2025.06.11_0.3_2,fixed_mixture,heatflux_no_noise,C:\Users\Casper4\Python\ueki\shibasaki\研究\Pool_boiling\Subcooling_20_degrees\0.3\2025.06.11_0.3_2\data\npy\waterflow_20260724_1s_p0_fixed_mixture\maxfreq=22kHz\heatflux_no_noise,kfold,full_spectrogram_pca,3,60,30,0.8487384321919188,105455.2041148972,89013.20435038021,0.9583803139185778
2025.06.11_0.3_2,fixed_mixture,heatflux_no_noise,C:\Users\Casper4\Python\ueki\shibasaki\研究\Pool_boiling\Subcooling_20_degrees\0.3\2025.06.11_0.3_2\data\npy\waterflow_20260724_1s_p0_fixed_mixture\maxfreq=22kHz\heatflux_no_noise,kfold,old_style_magnitude_minmax_pca,3,60,30,0.6700233718431718,155756.18743862162,117809.59093204689,0.821387851982418
2025.06.11_0.3_2,fixed_mixture,heatflux_no_noise,C:\Users\Casper4\Python\ueki\shibasaki\研究\Pool_boiling\Subcooling_20_degrees\0.3\2025.06.11_0.3_2\data\npy\waterflow_20260724_1s_p0_fixed_mixture\maxfreq=22kHz\heatflux_no_noise,group_kfold,total_power_only,1,60,30,0.8961834051385279,81233.18662813523,52796.87573670834,0.9596608714968593
2025.06.11_0.3_2,fixed_mixture,heatflux_no_noise,C:\Users\Casper4\Python\ueki\shibasaki\研究\Pool_boiling\Subcooling_20_degrees\0.3\2025.06.11_0.3_2\data\npy\waterflow_20260724_1s_p0_fixed_mixture\maxfreq=22kHz\heatflux_no_noise,group_kfold,full_spectrogram_pca,1,60,30,0.8014254835181491,112347.09752652633,94122.23233500002,0.9491373508325224
2025.06.11_0.3_2,fixed_mixture,heatflux_no_noise,C:\Users\Casper4\Python\ueki\shibasaki\研究\Pool_boiling\Subcooling_20_degrees\0.3\2025.06.11_0.3_2\data\npy\waterflow_20260724_1s_p0_fixed_mixture\maxfreq=22kHz\heatflux_no_noise,group_kfold,old_style_magnitude_minmax_pca,1,60,30,0.657132952405758,147626.04129462075,108239.40858958334,0.8153501171346655
2025.06.11_0.3_2,fixed_mixture,heatflux_no_noise,C:\Users\Casper4\Python\ueki\shibasaki\研究\Pool_boiling\Subcooling_20_degrees\0.3\2025.06.11_0.3_2\data\npy\waterflow_20260724_1s_p0_fixed_mixture\maxfreq=22kHz\heatflux_no_noise,group_kfold,total_power_only,2,60,30,0.896790483945527,88845.03365078458,68637.40459619174,0.9694423078508485
2025.06.11_0.3_2,fixed_mixture,heatflux_no_noise,C:\Users\Casper4\Python\ueki\shibasaki\研究\Pool_boiling\Subcooling_20_degrees\0.3\2025.06.11_0.3_2\data\npy\waterflow_20260724_1s_p0_fixed_mixture\maxfreq=22kHz\heatflux_no_noise,group_kfold,full_spectrogram_pca,2,60,30,0.7840221049441666,128522.13678688517,110779.6149361979,0.9579686337227115
2025.06.11_0.3_2,fixed_mixture,heatflux_no_noise,C:\Users\Casper4\Python\ueki\shibasaki\研究\Pool_boiling\Subcooling_20_degrees\0.3\2025.06.11_0.3_2\data\npy\waterflow_20260724_1s_p0_fixed_mixture\maxfreq=22kHz\heatflux_no_noise,group_kfold,old_style_magnitude_minmax_pca,2,60,30,0.7086334938478192,149277.06872953929,117123.31204104164,0.8817542843392816
2025.06.11_0.3_2,fixed_mixture,heatflux_no_noise,C:\Users\Casper4\Python\ueki\shibasaki\研究\Pool_boiling\Subcooling_20_degrees\0.3\2025.06.11_0.3_2\data\npy\waterflow_20260724_1s_p0_fixed_mixture\maxfreq=22kHz\heatflux_no_noise,group_kfold,total_power_only,3,60,30,0.7812746626961486,121281.97463907502,90415.78124886718,0.9076541897850531
2025.06.11_0.3_2,fixed_mixture,heatflux_no_noise,C:\Users\Casper4\Python\ueki\shibasaki\研究\Pool_boiling\Subcooling_20_degrees\0.3\2025.06.11_0.3_2\data\npy\waterflow_20260724_1s_p0_fixed_mixture\maxfreq=22kHz\heatflux_no_noise,group_kfold,full_spectrogram_pca,3,60,30,0.7772186945049021,122401.315131857,102920.86087657552,0.9128697423276934
2025.06.11_0.3_2,fixed_mixture,heatflux_no_noise,C:\Users\Casper4\Python\ueki\shibasaki\研究\Pool_boiling\Subcooling_20_degrees\0.3\2025.06.11_0.3_2\data\npy\waterflow_20260724_1s_p0_fixed_mixture\maxfreq=22kHz\heatflux_no_noise,group_kfold,old_style_magnitude_minmax_pca,3,60,30,0.6771765340901453,147342.9157280873,125343.8320840755,0.9019693752141501
2025.06.11_0.3_2,fixed_mixture,heatflux_SNR=-20,C:\Users\Casper4\Python\ueki\shibasaki\研究\Pool_boiling\Subcooling_20_degrees\0.3\2025.06.11_0.3_2\data\npy\waterflow_20260724_1s_p0_fixed_mixture\maxfreq=22kHz\heatflux_SNR=-20,kfold,total_power_only,1,60,30,0.3596541727975525,209991.68983464982,166730.50657029296,0.6835986121154253
2025.06.11_0.3_2,fixed_mixture,heatflux_SNR=-20,C:\Users\Casper4\Python\ueki\shibasaki\研究\Pool_boiling\Subcooling_20_degrees\0.3\2025.06.11_0.3_2\data\npy\waterflow_20260724_1s_p0_fixed_mixture\maxfreq=22kHz\heatflux_SNR=-20,kfold,full_spectrogram_pca,1,60,30,0.8412813016850866,104546.34711982266,83510.50282533855,0.9190018469220423
2025.06.11_0.3_2,fixed_mixture,heatflux_SNR=-20,C:\Users\Casper4\Python\ueki\shibasaki\研究\Pool_boiling\Subcooling_20_degrees\0.3\2025.06.11_0.3_2\data\npy\waterflow_20260724_1s_p0_fixed_mixture\maxfreq=22kHz\heatflux_SNR=-20,kfold,old_style_magnitude_minmax_pca,1,60,30,0.8334920154695091,107080.9827913435,88405.95290263019,0.9184352770463361
2025.06.11_0.3_2,fixed_mixture,heatflux_SNR=-20,C:\Users\Casper4\Python\ueki\shibasaki\研究\Pool_boiling\Subcooling_20_degrees\0.3\2025.06.11_0.3_2\data\npy\waterflow_20260724_1s_p0_fixed_mixture\maxfreq=22kHz\heatflux_SNR=-20,kfold,total_power_only,2,60,30,0.678934796772737,143671.6569059993,111403.47440788803,0.8331234259039544
2025.06.11_0.3_2,fixed_mixture,heatflux_SNR=-20,C:\Users\Casper4\Python\ueki\shibasaki\研究\Pool_boiling\Subcooling_20_degrees\0.3\2025.06.11_0.3_2\data\npy\waterflow_20260724_1s_p0_fixed_mixture\maxfreq=22kHz\heatflux_SNR=-20,kfold,full_spectrogram_pca,2,60,30,0.8706991942247834,91174.85811942138,75432.23967314843,0.9477640499931336
2025.06.11_0.3_2,fixed_mixture,heatflux_SNR=-20,C:\Users\Casper4\Python\ueki\shibasaki\研究\Pool_boiling\Subcooling_20_degrees\0.3\2025.06.11_0.3_2\data\npy\waterflow_20260724_1s_p0_fixed_mixture\maxfreq=22kHz\heatflux_SNR=-20,kfold,old_style_magnitude_minmax_pca,2,60,30,0.8445167090164951,99980.73905114524,80451.84170731509,0.9272717821984617
2025.06.11_0.3_2,fixed_mixture,heatflux_SNR=-20,C:\Users\Casper4\Python\ueki\shibasaki\研究\Pool_boiling\Subcooling_20_degrees\0.3\2025.06.11_0.3_2\data\npy\waterflow_20260724_1s_p0_fixed_mixture\maxfreq=22kHz\heatflux_SNR=-20,kfold,total_power_only,3,60,30,0.6374295570631123,163267.56529674344,125123.03730121354,0.8085027824890313
2025.06.11_0.3_2,fixed_mixture,heatflux_SNR=-20,C:\Users\Casper4\Python\ueki\shibasaki\研究\Pool_boiling\Subcooling_20_degrees\0.3\2025.06.11_0.3_2\data\npy\waterflow_20260724_1s_p0_fixed_mixture\maxfreq=22kHz\heatflux_SNR=-20,kfold,full_spectrogram_pca,3,60,30,0.8761335634240415,95429.03668105356,78315.06105121355,0.9429031164556072
2025.06.11_0.3_2,fixed_mixture,heatflux_SNR=-20,C:\Users\Casper4\Python\ueki\shibasaki\研究\Pool_boiling\Subcooling_20_degrees\0.3\2025.06.11_0.3_2\data\npy\waterflow_20260724_1s_p0_fixed_mixture\maxfreq=22kHz\heatflux_SNR=-20,kfold,old_style_magnitude_minmax_pca,3,60,30,0.8352199719679958,110066.71478818347,91735.5821091302,0.9142891106340055
2025.06.11_0.3_2,fixed_mixture,heatflux_SNR=-20,C:\Users\Casper4\Python\ueki\shibasaki\研究\Pool_boiling\Subcooling_20_degrees\0.3\2025.06.11_0.3_2\data\npy\waterflow_20260724_1s_p0_fixed_mixture\maxfreq=22kHz\heatflux_SNR=-20,group_kfold,total_power_only,1,60,30,0.5968866284202534,160071.38484536865,120850.55584041667,0.8108111669767903
2025.06.11_0.3_2,fixed_mixture,heatflux_SNR=-20,C:\Users\Casper4\Python\ueki\shibasaki\研究\Pool_boiling\Subcooling_20_degrees\0.3\2025.06.11_0.3_2\data\npy\waterflow_20260724_1s_p0_fixed_mixture\maxfreq=22kHz\heatflux_SNR=-20,group_kfold,full_spectrogram_pca,1,60,30,0.8043663581877125,111512.06799228203,93945.73350166668,0.9100239987598929
2025.06.11_0.3_2,fixed_mixture,heatflux_SNR=-20,C:\Users\Casper4\Python\ueki\shibasaki\研究\Pool_boiling\Subcooling_20_degrees\0.3\2025.06.11_0.3_2\data\npy\waterflow_20260724_1s_p0_fixed_mixture\maxfreq=22kHz\heatflux_SNR=-20,group_kfold,old_style_magnitude_minmax_pca,1,60,30,0.7823965701801737,117606.94487120975,100476.11469500001,0.9138996369830112
2025.06.11_0.3_2,fixed_mixture,heatflux_SNR=-20,C:\Users\Casper4\Python\ueki\shibasaki\研究\Pool_boiling\Subcooling_20_degrees\0.3\2025.06.11_0.3_2\data\npy\waterflow_20260724_1s_p0_fixed_mixture\maxfreq=22kHz\heatflux_SNR=-20,group_kfold,total_power_only,2,60,30,0.7364956465332215,141960.3896571655,110098.85544333332,0.8669212495456153
2025.06.11_0.3_2,fixed_mixture,heatflux_SNR=-20,C:\Users\Casper4\Python\ueki\shibasaki\研究\Pool_boiling\Subcooling_20_degrees\0.3\2025.06.11_0.3_2\data\npy\waterflow_20260724_1s_p0_fixed_mixture\maxfreq=22kHz\heatflux_SNR=-20,group_kfold,full_spectrogram_pca,2,60,30,0.8747063744922698,97889.87489197754,81304.04485447917,0.9588623863832072
2025.06.11_0.3_2,fixed_mixture,heatflux_SNR=-20,C:\Users\Casper4\Python\ueki\shibasaki\研究\Pool_boiling\Subcooling_20_degrees\0.3\2025.06.11_0.3_2\data\npy\waterflow_20260724_1s_p0_fixed_mixture\maxfreq=22kHz\heatflux_SNR=-20,group_kfold,old_style_magnitude_minmax_pca,2,60,30,0.8657636623462015,101323.06830408332,88179.38308541666,0.9540257568714918
2025.06.11_0.3_2,fixed_mixture,heatflux_SNR=-20,C:\Users\Casper4\Python\ueki\shibasaki\研究\Pool_boiling\Subcooling_20_degrees\0.3\2025.06.11_0.3_2\data\npy\waterflow_20260724_1s_p0_fixed_mixture\maxfreq=22kHz\heatflux_SNR=-20,group_kfold,total_power_only,3,60,30,0.5735195572770477,169354.31710633938,140361.55229490885,0.7761098515181567
2025.06.11_0.3_2,fixed_mixture,heatflux_SNR=-20,C:\Users\Casper4\Python\ueki\shibasaki\研究\Pool_boiling\Subcooling_20_degrees\0.3\2025.06.11_0.3_2\data\npy\waterflow_20260724_1s_p0_fixed_mixture\maxfreq=22kHz\heatflux_SNR=-20,group_kfold,full_spectrogram_pca,3,60,30,0.8246835029601676,108582.06682483303,93794.6816590755,0.9202929398767914
2025.06.11_0.3_2,fixed_mixture,heatflux_SNR=-20,C:\Users\Casper4\Python\ueki\shibasaki\研究\Pool_boiling\Subcooling_20_degrees\0.3\2025.06.11_0.3_2\data\npy\waterflow_20260724_1s_p0_fixed_mixture\maxfreq=22kHz\heatflux_SNR=-20,group_kfold,old_style_magnitude_minmax_pca,3,60,30,0.7427014158605509,131542.29358228535,114717.61646240883,0.8926366379524031
