experiment_name,variant,noise_dir,data_path,split_strategy,feature_set,folds,r2_mean,r2_std,rmse_mean,rmse_std,mae_mean,mae_std,prediction_pearson_mean,prediction_pearson_std
2025.06.18_0.3_3,relative_mixture,heatflux_no_noise,C:\Users\Casper4\Python\ueki\shibasaki\研究\Pool_boiling\Subcooling_20_degrees\0.3\2025.06.18_0.3_3\data\npy\waterflow_20260724_1s_p0_relative_mixture\maxfreq=22kHz\heatflux_no_noise,group_kfold,full_spectrogram_pca,3,0.8347221218604363,0.03937914776670163,107531.2469236321,9273.04280815452,87654.7364573289,16131.99759014279,0.9578937824164617,0.02268699540245187
2025.06.18_0.3_3,relative_mixture,heatflux_no_noise,C:\Users\Casper4\Python\ueki\shibasaki\研究\Pool_boiling\Subcooling_20_degrees\0.3\2025.06.18_0.3_3\data\npy\waterflow_20260724_1s_p0_relative_mixture\maxfreq=22kHz\heatflux_no_noise,group_kfold,old_style_magnitude_minmax_pca,3,0.8713492887620086,0.01153582733799714,95681.25435421104,6878.5776128193165,78244.55560417612,8407.066587144873,0.9460886495420299,0.016450806831355615
2025.06.18_0.3_3,relative_mixture,heatflux_no_noise,C:\Users\Casper4\Python\ueki\shibasaki\研究\Pool_boiling\Subcooling_20_degrees\0.3\2025.06.18_0.3_3\data\npy\waterflow_20260724_1s_p0_relative_mixture\maxfreq=22kHz\heatflux_no_noise,group_kfold,total_power_only,3,0.88714066708259,0.052986441996845136,88120.02367907738,21860.07754059443,70866.23447099778,13284.984975488902,0.94892943221465,0.0266067220991427
2025.06.18_0.3_3,relative_mixture,heatflux_no_noise,C:\Users\Casper4\Python\ueki\shibasaki\研究\Pool_boiling\Subcooling_20_degrees\0.3\2025.06.18_0.3_3\data\npy\waterflow_20260724_1s_p0_relative_mixture\maxfreq=22kHz\heatflux_no_noise,kfold,full_spectrogram_pca,3,0.869938245110352,0.08817906751423685,92190.5500739618,27652.52320302616,71723.9460847386,19753.718803938722,0.9615426733257024,0.021353743297895772
2025.06.18_0.3_3,relative_mixture,heatflux_no_noise,C:\Users\Casper4\Python\ueki\shibasaki\研究\Pool_boiling\Subcooling_20_degrees\0.3\2025.06.18_0.3_3\data\npy\waterflow_20260724_1s_p0_relative_mixture\maxfreq=22kHz\heatflux_no_noise,kfold,old_style_magnitude_minmax_pca,3,0.8753983975976137,0.044418073185527734,93297.75413490729,18962.828479099968,72791.75098878723,16096.446979250819,0.9451948365524673,0.011525214067034868
2025.06.18_0.3_3,relative_mixture,heatflux_no_noise,C:\Users\Casper4\Python\ueki\shibasaki\研究\Pool_boiling\Subcooling_20_degrees\0.3\2025.06.18_0.3_3\data\npy\waterflow_20260724_1s_p0_relative_mixture\maxfreq=22kHz\heatflux_no_noise,kfold,total_power_only,3,0.9095276655131684,0.0703263196880076,72581.89774247068,37825.27352338595,46507.81792225709,26283.71731813202,0.961522406840107,0.028730321097209743
2025.06.18_0.3_3,relative_mixture,heatflux_SNR=-20,C:\Users\Casper4\Python\ueki\shibasaki\研究\Pool_boiling\Subcooling_20_degrees\0.3\2025.06.18_0.3_3\data\npy\waterflow_20260724_1s_p0_relative_mixture\maxfreq=22kHz\heatflux_SNR=-20,group_kfold,full_spectrogram_pca,3,0.8563949146019784,0.04525975673283505,100187.463806358,16876.729163860484,81822.61527782108,12297.844394987718,0.9611055726535561,0.011797956005688885
2025.06.18_0.3_3,relative_mixture,heatflux_SNR=-20,C:\Users\Casper4\Python\ueki\shibasaki\研究\Pool_boiling\Subcooling_20_degrees\0.3\2025.06.18_0.3_3\data\npy\waterflow_20260724_1s_p0_relative_mixture\maxfreq=22kHz\heatflux_SNR=-20,group_kfold,old_style_magnitude_minmax_pca,3,-0.4959607631031007,0.5938587380084535,321667.9695463902,58249.71717706888,276194.2811628011,63809.988381615316,-0.06562044002129296,0.26141981870162584
2025.06.18_0.3_3,relative_mixture,heatflux_SNR=-20,C:\Users\Casper4\Python\ueki\shibasaki\研究\Pool_boiling\Subcooling_20_degrees\0.3\2025.06.18_0.3_3\data\npy\waterflow_20260724_1s_p0_relative_mixture\maxfreq=22kHz\heatflux_SNR=-20,group_kfold,total_power_only,3,0.9026568056296332,0.06446838616783776,80643.81751390302,31725.961784056006,69048.55325113737,25413.048810602097,0.9674127428867275,0.015883894013051396
2025.06.18_0.3_3,relative_mixture,heatflux_SNR=-20,C:\Users\Casper4\Python\ueki\shibasaki\研究\Pool_boiling\Subcooling_20_degrees\0.3\2025.06.18_0.3_3\data\npy\waterflow_20260724_1s_p0_relative_mixture\maxfreq=22kHz\heatflux_SNR=-20,kfold,full_spectrogram_pca,3,0.9067574633656066,0.03134374440435903,80462.28258634506,13097.0311130804,56998.1066084782,11245.471832474725,0.9643234513354129,0.011375666105352053
2025.06.18_0.3_3,relative_mixture,heatflux_SNR=-20,C:\Users\Casper4\Python\ueki\shibasaki\研究\Pool_boiling\Subcooling_20_degrees\0.3\2025.06.18_0.3_3\data\npy\waterflow_20260724_1s_p0_relative_mixture\maxfreq=22kHz\heatflux_SNR=-20,kfold,old_style_magnitude_minmax_pca,3,-0.0949875134177965,0.16676257421705448,278835.7112710371,30422.22196170446,238064.26425141224,28894.372185751636,0.17916727873721464,0.2360748565887454
2025.06.18_0.3_3,relative_mixture,heatflux_SNR=-20,C:\Users\Casper4\Python\ueki\shibasaki\研究\Pool_boiling\Subcooling_20_degrees\0.3\2025.06.18_0.3_3\data\npy\waterflow_20260724_1s_p0_relative_mixture\maxfreq=22kHz\heatflux_SNR=-20,kfold,total_power_only,3,0.9396110426689256,0.004949942965435557,65528.397415717765,4854.090208586609,44571.76527412145,1417.4396703072966,0.9713810860320384,0.0014471259559492883
2025.06.18_0.3_3,relative_noise_only,heatflux_SNR=-20,C:\Users\Casper4\Python\ueki\shibasaki\研究\Pool_boiling\Subcooling_20_degrees\0.3\2025.06.18_0.3_3\data\npy\waterflow_20260724_1s_p0_relative_noise_only\maxfreq=22kHz\heatflux_SNR=-20,group_kfold,full_spectrogram_pca,3,0.8514506013889968,0.050628000015994074,101713.84861057473,18128.5668318932,82500.38470870216,12457.62645480968,0.9595866757822109,0.014016525902150736
2025.06.18_0.3_3,relative_noise_only,heatflux_SNR=-20,C:\Users\Casper4\Python\ueki\shibasaki\研究\Pool_boiling\Subcooling_20_degrees\0.3\2025.06.18_0.3_3\data\npy\waterflow_20260724_1s_p0_relative_noise_only\maxfreq=22kHz\heatflux_SNR=-20,group_kfold,old_style_magnitude_minmax_pca,3,-0.1431781279815049,0.03793191949574393,285433.4792560328,18429.09741577833,236245.9849169678,22991.326363615084,0.1357793939307991,0.12612577683855933
2025.06.18_0.3_3,relative_noise_only,heatflux_SNR=-20,C:\Users\Casper4\Python\ueki\shibasaki\研究\Pool_boiling\Subcooling_20_degrees\0.3\2025.06.18_0.3_3\data\npy\waterflow_20260724_1s_p0_relative_noise_only\maxfreq=22kHz\heatflux_SNR=-20,group_kfold,total_power_only,3,0.9069714395214173,0.057263296743385025,79167.43189735858,29124.607009510022,67903.62371797765,23207.981534180373,0.9685943701678931,0.014841237458903164
2025.06.18_0.3_3,relative_noise_only,heatflux_SNR=-20,C:\Users\Casper4\Python\ueki\shibasaki\研究\Pool_boiling\Subcooling_20_degrees\0.3\2025.06.18_0.3_3\data\npy\waterflow_20260724_1s_p0_relative_noise_only\maxfreq=22kHz\heatflux_SNR=-20,kfold,full_spectrogram_pca,3,0.9085196835051358,0.02994045011841756,79749.4296121167,13027.226283903556,56391.58528245388,10222.118487315109,0.9649534328590857,0.010943607406937126
2025.06.18_0.3_3,relative_noise_only,heatflux_SNR=-20,C:\Users\Casper4\Python\ueki\shibasaki\研究\Pool_boiling\Subcooling_20_degrees\0.3\2025.06.18_0.3_3\data\npy\waterflow_20260724_1s_p0_relative_noise_only\maxfreq=22kHz\heatflux_SNR=-20,kfold,old_style_magnitude_minmax_pca,3,-0.1410732011102925,0.18447262296844325,284636.36303691077,32381.844207024238,237653.45394335667,34844.56012048319,0.09684241361775335,0.10475531909042632
2025.06.18_0.3_3,relative_noise_only,heatflux_SNR=-20,C:\Users\Casper4\Python\ueki\shibasaki\研究\Pool_boiling\Subcooling_20_degrees\0.3\2025.06.18_0.3_3\data\npy\waterflow_20260724_1s_p0_relative_noise_only\maxfreq=22kHz\heatflux_SNR=-20,kfold,total_power_only,3,0.9423568889282553,0.009348969755266626,63959.95759754077,7251.575374065822,44146.471978427,3277.8817439840554,0.973338370484596,0.0029178603485032887
2025.06.18_0.3_3,fixed_mixture,heatflux_no_noise,C:\Users\Casper4\Python\ueki\shibasaki\研究\Pool_boiling\Subcooling_20_degrees\0.3\2025.06.18_0.3_3\data\npy\waterflow_20260724_1s_p0_fixed_mixture\maxfreq=22kHz\heatflux_no_noise,group_kfold,full_spectrogram_pca,3,0.8347221218604363,0.03937914776670163,107531.2469236321,9273.04280815452,87654.7364573289,16131.99759014279,0.9578937824164617,0.02268699540245187
2025.06.18_0.3_3,fixed_mixture,heatflux_no_noise,C:\Users\Casper4\Python\ueki\shibasaki\研究\Pool_boiling\Subcooling_20_degrees\0.3\2025.06.18_0.3_3\data\npy\waterflow_20260724_1s_p0_fixed_mixture\maxfreq=22kHz\heatflux_no_noise,group_kfold,old_style_magnitude_minmax_pca,3,0.8713492887620086,0.01153582733799714,95681.25435421104,6878.5776128193165,78244.55560417612,8407.066587144873,0.9460886495420299,0.016450806831355615
2025.06.18_0.3_3,fixed_mixture,heatflux_no_noise,C:\Users\Casper4\Python\ueki\shibasaki\研究\Pool_boiling\Subcooling_20_degrees\0.3\2025.06.18_0.3_3\data\npy\waterflow_20260724_1s_p0_fixed_mixture\maxfreq=22kHz\heatflux_no_noise,group_kfold,total_power_only,3,0.88714066708259,0.052986441996845136,88120.02367907738,21860.07754059443,70866.23447099778,13284.984975488902,0.94892943221465,0.0266067220991427
2025.06.18_0.3_3,fixed_mixture,heatflux_no_noise,C:\Users\Casper4\Python\ueki\shibasaki\研究\Pool_boiling\Subcooling_20_degrees\0.3\2025.06.18_0.3_3\data\npy\waterflow_20260724_1s_p0_fixed_mixture\maxfreq=22kHz\heatflux_no_noise,kfold,full_spectrogram_pca,3,0.869938245110352,0.08817906751423685,92190.5500739618,27652.52320302616,71723.9460847386,19753.718803938722,0.9615426733257024,0.021353743297895772
2025.06.18_0.3_3,fixed_mixture,heatflux_no_noise,C:\Users\Casper4\Python\ueki\shibasaki\研究\Pool_boiling\Subcooling_20_degrees\0.3\2025.06.18_0.3_3\data\npy\waterflow_20260724_1s_p0_fixed_mixture\maxfreq=22kHz\heatflux_no_noise,kfold,old_style_magnitude_minmax_pca,3,0.8753983975976137,0.044418073185527734,93297.75413490729,18962.828479099968,72791.75098878723,16096.446979250819,0.9451948365524673,0.011525214067034868
2025.06.18_0.3_3,fixed_mixture,heatflux_no_noise,C:\Users\Casper4\Python\ueki\shibasaki\研究\Pool_boiling\Subcooling_20_degrees\0.3\2025.06.18_0.3_3\data\npy\waterflow_20260724_1s_p0_fixed_mixture\maxfreq=22kHz\heatflux_no_noise,kfold,total_power_only,3,0.9095276655131684,0.0703263196880076,72581.89774247068,37825.27352338595,46507.81792225709,26283.71731813202,0.961522406840107,0.028730321097209743
2025.06.18_0.3_3,fixed_mixture,heatflux_SNR=-20,C:\Users\Casper4\Python\ueki\shibasaki\研究\Pool_boiling\Subcooling_20_degrees\0.3\2025.06.18_0.3_3\data\npy\waterflow_20260724_1s_p0_fixed_mixture\maxfreq=22kHz\heatflux_SNR=-20,group_kfold,full_spectrogram_pca,3,0.802901391747835,0.05957302376235325,116929.30441969093,14494.48308808006,98761.94357009279,11535.816047146693,0.9124013641827821,0.04096522658644312
2025.06.18_0.3_3,fixed_mixture,heatflux_SNR=-20,C:\Users\Casper4\Python\ueki\shibasaki\研究\Pool_boiling\Subcooling_20_degrees\0.3\2025.06.18_0.3_3\data\npy\waterflow_20260724_1s_p0_fixed_mixture\maxfreq=22kHz\heatflux_SNR=-20,group_kfold,old_style_magnitude_minmax_pca,3,0.7981854081371728,0.03519751232725297,119254.82061982015,6486.970606206702,102438.78281696777,8007.68458014809,0.9094110087220503,0.025996196595615244
2025.06.18_0.3_3,fixed_mixture,heatflux_SNR=-20,C:\Users\Casper4\Python\ueki\shibasaki\研究\Pool_boiling\Subcooling_20_degrees\0.3\2025.06.18_0.3_3\data\npy\waterflow_20260724_1s_p0_fixed_mixture\maxfreq=22kHz\heatflux_SNR=-20,group_kfold,total_power_only,3,0.715505819742737,0.07227438525750342,140993.19508881468,13785.59464685298,111912.74319925426,13365.308271337824,0.8712358797955077,0.04198306084596513
2025.06.18_0.3_3,fixed_mixture,heatflux_SNR=-20,C:\Users\Casper4\Python\ueki\shibasaki\研究\Pool_boiling\Subcooling_20_degrees\0.3\2025.06.18_0.3_3\data\npy\waterflow_20260724_1s_p0_fixed_mixture\maxfreq=22kHz\heatflux_SNR=-20,kfold,full_spectrogram_pca,3,0.7860384123817606,0.07548603736520405,121561.95333852374,20639.06977286686,100874.42315988445,18245.95656390103,0.9037409263146573,0.03931524744285753
2025.06.18_0.3_3,fixed_mixture,heatflux_SNR=-20,C:\Users\Casper4\Python\ueki\shibasaki\研究\Pool_boiling\Subcooling_20_degrees\0.3\2025.06.18_0.3_3\data\npy\waterflow_20260724_1s_p0_fixed_mixture\maxfreq=22kHz\heatflux_SNR=-20,kfold,old_style_magnitude_minmax_pca,3,0.7935077942180352,0.0614579400904068,119785.09111869456,16257.565153632175,100232.38381419,15555.724575639468,0.9077912639173086,0.026442647732278432
2025.06.18_0.3_3,fixed_mixture,heatflux_SNR=-20,C:\Users\Casper4\Python\ueki\shibasaki\研究\Pool_boiling\Subcooling_20_degrees\0.3\2025.06.18_0.3_3\data\npy\waterflow_20260724_1s_p0_fixed_mixture\maxfreq=22kHz\heatflux_SNR=-20,kfold,total_power_only,3,0.6637244137899926,0.11466735627527737,152314.52244775833,24286.453153959435,110979.03577040182,20750.22037712868,0.8418987647343127,0.050077818227772776
2025.07.09_0.3_1,relative_mixture,heatflux_no_noise,C:\Users\Casper4\Python\ueki\shibasaki\研究\Pool_boiling\Subcooling_20_degrees\0.3\2025.07.09_0.3_1\data\npy\waterflow_20260724_1s_p0_relative_mixture\maxfreq=22kHz\heatflux_no_noise,group_kfold,full_spectrogram_pca,3,0.19569305710645243,0.5764590441515697,230844.23713679126,100940.99527672873,189855.594322819,87406.59499476457,0.5320268814816186,0.5559426219842737
2025.07.09_0.3_1,relative_mixture,heatflux_no_noise,C:\Users\Casper4\Python\ueki\shibasaki\研究\Pool_boiling\Subcooling_20_degrees\0.3\2025.07.09_0.3_1\data\npy\waterflow_20260724_1s_p0_relative_mixture\maxfreq=22kHz\heatflux_no_noise,group_kfold,old_style_magnitude_minmax_pca,3,0.16024020316612794,0.38060599953824736,242834.2864767349,63401.667774514055,195939.23061673762,51069.58678679865,0.6665381909644967,0.19867156550349427
2025.07.09_0.3_1,relative_mixture,heatflux_no_noise,C:\Users\Casper4\Python\ueki\shibasaki\研究\Pool_boiling\Subcooling_20_degrees\0.3\2025.07.09_0.3_1\data\npy\waterflow_20260724_1s_p0_relative_mixture\maxfreq=22kHz\heatflux_no_noise,group_kfold,total_power_only,3,0.24371488038466596,0.19766609501627636,234955.618528504,41196.18969452426,182278.0703429645,33100.85697372117,0.6897002135550507,0.1806397465168293
2025.07.09_0.3_1,relative_mixture,heatflux_no_noise,C:\Users\Casper4\Python\ueki\shibasaki\研究\Pool_boiling\Subcooling_20_degrees\0.3\2025.07.09_0.3_1\data\npy\waterflow_20260724_1s_p0_relative_mixture\maxfreq=22kHz\heatflux_no_noise,kfold,full_spectrogram_pca,3,0.4691537035472422,0.1931434775639253,199774.15321745817,20642.481500366965,157588.4012121431,29362.689780962537,0.7762556692051717,0.0707882065390892
2025.07.09_0.3_1,relative_mixture,heatflux_no_noise,C:\Users\Casper4\Python\ueki\shibasaki\研究\Pool_boiling\Subcooling_20_degrees\0.3\2025.07.09_0.3_1\data\npy\waterflow_20260724_1s_p0_relative_mixture\maxfreq=22kHz\heatflux_no_noise,kfold,old_style_magnitude_minmax_pca,3,0.5036587300976629,0.07254384893130451,196132.045906115,11496.399700404108,148040.73567797453,14694.973509024547,0.7625591384140528,0.04870639679414942
2025.07.09_0.3_1,relative_mixture,heatflux_no_noise,C:\Users\Casper4\Python\ueki\shibasaki\研究\Pool_boiling\Subcooling_20_degrees\0.3\2025.07.09_0.3_1\data\npy\waterflow_20260724_1s_p0_relative_mixture\maxfreq=22kHz\heatflux_no_noise,kfold,total_power_only,3,0.3333914922148267,0.286685203429463,220619.7816711665,27296.006827336045,154657.08722745618,15949.46227010358,0.7259067355681172,0.08617398638486641
2025.07.09_0.3_1,relative_mixture,heatflux_SNR=-20,C:\Users\Casper4\Python\ueki\shibasaki\研究\Pool_boiling\Subcooling_20_degrees\0.3\2025.07.09_0.3_1\data\npy\waterflow_20260724_1s_p0_relative_mixture\maxfreq=22kHz\heatflux_SNR=-20,group_kfold,full_spectrogram_pca,3,0.5643345892215813,0.15621024057107347,177583.70184662333,38036.51338305901,147254.9920775457,30371.871690880984,0.8099913025631912,0.1245550474629521
2025.07.09_0.3_1,relative_mixture,heatflux_SNR=-20,C:\Users\Casper4\Python\ueki\shibasaki\研究\Pool_boiling\Subcooling_20_degrees\0.3\2025.07.09_0.3_1\data\npy\waterflow_20260724_1s_p0_relative_mixture\maxfreq=22kHz\heatflux_SNR=-20,group_kfold,old_style_magnitude_minmax_pca,3,-0.22416956588399853,0.17440725222959383,299232.9538801511,30391.326125182244,248483.94738544358,35610.79821074284,0.01934009255577418,0.25731943356275155
2025.07.09_0.3_1,relative_mixture,heatflux_SNR=-20,C:\Users\Casper4\Python\ueki\shibasaki\研究\Pool_boiling\Subcooling_20_degrees\0.3\2025.07.09_0.3_1\data\npy\waterflow_20260724_1s_p0_relative_mixture\maxfreq=22kHz\heatflux_SNR=-20,group_kfold,total_power_only,3,0.6900657420593536,0.09414543873881484,150116.80314977336,28212.79638584861,112267.77111192957,31032.470314712784,0.853791548493304,0.05069144528292933
2025.07.09_0.3_1,relative_mixture,heatflux_SNR=-20,C:\Users\Casper4\Python\ueki\shibasaki\研究\Pool_boiling\Subcooling_20_degrees\0.3\2025.07.09_0.3_1\data\npy\waterflow_20260724_1s_p0_relative_mixture\maxfreq=22kHz\heatflux_SNR=-20,kfold,full_spectrogram_pca,3,0.6311158696367533,0.09909001694490907,168041.603938557,15630.882589453617,140490.84210112123,15148.054049660906,0.8102969022518902,0.07536284599387134
2025.07.09_0.3_1,relative_mixture,heatflux_SNR=-20,C:\Users\Casper4\Python\ueki\shibasaki\研究\Pool_boiling\Subcooling_20_degrees\0.3\2025.07.09_0.3_1\data\npy\waterflow_20260724_1s_p0_relative_mixture\maxfreq=22kHz\heatflux_SNR=-20,kfold,old_style_magnitude_minmax_pca,3,-0.2772715170816758,0.28701469802778157,312893.01049687905,13373.767645948219,270265.4819933528,31063.910307120397,0.015764119299600903,0.18618095323032946
2025.07.09_0.3_1,relative_mixture,heatflux_SNR=-20,C:\Users\Casper4\Python\ueki\shibasaki\研究\Pool_boiling\Subcooling_20_degrees\0.3\2025.07.09_0.3_1\data\npy\waterflow_20260724_1s_p0_relative_mixture\maxfreq=22kHz\heatflux_SNR=-20,kfold,total_power_only,3,0.6420136425813573,0.13806565759783151,162934.90995558686,17797.350339345394,107616.02561139425,13620.561198290292,0.8214329386835703,0.07714656793520791
2025.07.09_0.3_1,relative_noise_only,heatflux_SNR=-20,C:\Users\Casper4\Python\ueki\shibasaki\研究\Pool_boiling\Subcooling_20_degrees\0.3\2025.07.09_0.3_1\data\npy\waterflow_20260724_1s_p0_relative_noise_only\maxfreq=22kHz\heatflux_SNR=-20,group_kfold,full_spectrogram_pca,3,0.5574137044964566,0.1495654895378343,178879.78746567864,35920.36012400276,146728.8011704243,29413.014296020483,0.8149427227035293,0.11833370313269244
2025.07.09_0.3_1,relative_noise_only,heatflux_SNR=-20,C:\Users\Casper4\Python\ueki\shibasaki\研究\Pool_boiling\Subcooling_20_degrees\0.3\2025.07.09_0.3_1\data\npy\waterflow_20260724_1s_p0_relative_noise_only\maxfreq=22kHz\heatflux_SNR=-20,group_kfold,old_style_magnitude_minmax_pca,3,-0.2844908628952025,0.1501818373575395,306819.3086925503,30019.25748293377,256360.96825470452,29613.55756027661,0.02945284086079238,0.18315643275593954
2025.07.09_0.3_1,relative_noise_only,heatflux_SNR=-20,C:\Users\Casper4\Python\ueki\shibasaki\研究\Pool_boiling\Subcooling_20_degrees\0.3\2025.07.09_0.3_1\data\npy\waterflow_20260724_1s_p0_relative_noise_only\maxfreq=22kHz\heatflux_SNR=-20,group_kfold,total_power_only,3,0.68574005124841,0.08690526128464163,151270.11249754904,26295.133098438946,114084.43795664176,29599.900052106437,0.8780378697293133,0.029954991974627122
2025.07.09_0.3_1,relative_noise_only,heatflux_SNR=-20,C:\Users\Casper4\Python\ueki\shibasaki\研究\Pool_boiling\Subcooling_20_degrees\0.3\2025.07.09_0.3_1\data\npy\waterflow_20260724_1s_p0_relative_noise_only\maxfreq=22kHz\heatflux_SNR=-20,kfold,full_spectrogram_pca,3,0.6098206501033836,0.11710298880789442,172246.02105048703,15966.847887572354,145561.3971403107,13336.046374908974,0.795321619589553,0.08731010697773706
2025.07.09_0.3_1,relative_noise_only,heatflux_SNR=-20,C:\Users\Casper4\Python\ueki\shibasaki\研究\Pool_boiling\Subcooling_20_degrees\0.3\2025.07.09_0.3_1\data\npy\waterflow_20260724_1s_p0_relative_noise_only\maxfreq=22kHz\heatflux_SNR=-20,kfold,old_style_magnitude_minmax_pca,3,-0.41437353799638205,0.4061112072485492,327467.86865970766,17113.638649516175,285584.2302291704,20701.80937708074,-0.02636955335183509,0.14005214548065847
2025.07.09_0.3_1,relative_noise_only,heatflux_SNR=-20,C:\Users\Casper4\Python\ueki\shibasaki\研究\Pool_boiling\Subcooling_20_degrees\0.3\2025.07.09_0.3_1\data\npy\waterflow_20260724_1s_p0_relative_noise_only\maxfreq=22kHz\heatflux_SNR=-20,kfold,total_power_only,3,0.6413386298825627,0.14365397437853805,162686.9868897226,18987.22161817724,107578.65020061795,13974.229517969517,0.8225856165402274,0.0803993704341688
2025.07.09_0.3_1,fixed_mixture,heatflux_no_noise,C:\Users\Casper4\Python\ueki\shibasaki\研究\Pool_boiling\Subcooling_20_degrees\0.3\2025.07.09_0.3_1\data\npy\waterflow_20260724_1s_p0_fixed_mixture\maxfreq=22kHz\heatflux_no_noise,group_kfold,full_spectrogram_pca,3,0.19569305710645243,0.5764590441515697,230844.23713679126,100940.99527672873,189855.594322819,87406.59499476457,0.5320268814816186,0.5559426219842737
2025.07.09_0.3_1,fixed_mixture,heatflux_no_noise,C:\Users\Casper4\Python\ueki\shibasaki\研究\Pool_boiling\Subcooling_20_degrees\0.3\2025.07.09_0.3_1\data\npy\waterflow_20260724_1s_p0_fixed_mixture\maxfreq=22kHz\heatflux_no_noise,group_kfold,old_style_magnitude_minmax_pca,3,0.16024020316612794,0.38060599953824736,242834.2864767349,63401.667774514055,195939.23061673762,51069.58678679865,0.6665381909644967,0.19867156550349427
2025.07.09_0.3_1,fixed_mixture,heatflux_no_noise,C:\Users\Casper4\Python\ueki\shibasaki\研究\Pool_boiling\Subcooling_20_degrees\0.3\2025.07.09_0.3_1\data\npy\waterflow_20260724_1s_p0_fixed_mixture\maxfreq=22kHz\heatflux_no_noise,group_kfold,total_power_only,3,0.24371488038466596,0.19766609501627636,234955.618528504,41196.18969452426,182278.0703429645,33100.85697372117,0.6897002135550507,0.1806397465168293
2025.07.09_0.3_1,fixed_mixture,heatflux_no_noise,C:\Users\Casper4\Python\ueki\shibasaki\研究\Pool_boiling\Subcooling_20_degrees\0.3\2025.07.09_0.3_1\data\npy\waterflow_20260724_1s_p0_fixed_mixture\maxfreq=22kHz\heatflux_no_noise,kfold,full_spectrogram_pca,3,0.4691537035472422,0.1931434775639253,199774.15321745817,20642.481500366965,157588.4012121431,29362.689780962537,0.7762556692051717,0.0707882065390892
2025.07.09_0.3_1,fixed_mixture,heatflux_no_noise,C:\Users\Casper4\Python\ueki\shibasaki\研究\Pool_boiling\Subcooling_20_degrees\0.3\2025.07.09_0.3_1\data\npy\waterflow_20260724_1s_p0_fixed_mixture\maxfreq=22kHz\heatflux_no_noise,kfold,old_style_magnitude_minmax_pca,3,0.5036587300976629,0.07254384893130451,196132.045906115,11496.399700404108,148040.73567797453,14694.973509024547,0.7625591384140528,0.04870639679414942
2025.07.09_0.3_1,fixed_mixture,heatflux_no_noise,C:\Users\Casper4\Python\ueki\shibasaki\研究\Pool_boiling\Subcooling_20_degrees\0.3\2025.07.09_0.3_1\data\npy\waterflow_20260724_1s_p0_fixed_mixture\maxfreq=22kHz\heatflux_no_noise,kfold,total_power_only,3,0.3333914922148267,0.286685203429463,220619.7816711665,27296.006827336045,154657.08722745618,15949.46227010358,0.7259067355681172,0.08617398638486641
2025.07.09_0.3_1,fixed_mixture,heatflux_SNR=-20,C:\Users\Casper4\Python\ueki\shibasaki\研究\Pool_boiling\Subcooling_20_degrees\0.3\2025.07.09_0.3_1\data\npy\waterflow_20260724_1s_p0_fixed_mixture\maxfreq=22kHz\heatflux_SNR=-20,group_kfold,full_spectrogram_pca,3,0.2548268576987105,0.25642396807446954,230962.62079369285,44412.960810471464,199570.00360916357,38136.19259497376,0.6945326793146868,0.14661020916968254
2025.07.09_0.3_1,fixed_mixture,heatflux_SNR=-20,C:\Users\Casper4\Python\ueki\shibasaki\研究\Pool_boiling\Subcooling_20_degrees\0.3\2025.07.09_0.3_1\data\npy\waterflow_20260724_1s_p0_fixed_mixture\maxfreq=22kHz\heatflux_SNR=-20,group_kfold,old_style_magnitude_minmax_pca,3,0.18225960157334067,0.2275829629828165,243037.02197988448,38212.841660831706,206609.2432821393,35245.80000823047,0.6537916542279407,0.16314241352321096
2025.07.09_0.3_1,fixed_mixture,heatflux_SNR=-20,C:\Users\Casper4\Python\ueki\shibasaki\研究\Pool_boiling\Subcooling_20_degrees\0.3\2025.07.09_0.3_1\data\npy\waterflow_20260724_1s_p0_fixed_mixture\maxfreq=22kHz\heatflux_SNR=-20,group_kfold,total_power_only,3,-0.0062989946724647155,0.39911154859408776,266862.8371938777,50765.11543793673,220209.34140205933,37238.16001433497,0.5255117848375704,0.1856150297189201
2025.07.09_0.3_1,fixed_mixture,heatflux_SNR=-20,C:\Users\Casper4\Python\ueki\shibasaki\研究\Pool_boiling\Subcooling_20_degrees\0.3\2025.07.09_0.3_1\data\npy\waterflow_20260724_1s_p0_fixed_mixture\maxfreq=22kHz\heatflux_SNR=-20,kfold,full_spectrogram_pca,3,0.42185727156288383,0.09085655805046712,211648.7760306568,13924.18497702068,179839.69408439056,10273.842499246322,0.6942784490665043,0.07266650175721537
2025.07.09_0.3_1,fixed_mixture,heatflux_SNR=-20,C:\Users\Casper4\Python\ueki\shibasaki\研究\Pool_boiling\Subcooling_20_degrees\0.3\2025.07.09_0.3_1\data\npy\waterflow_20260724_1s_p0_fixed_mixture\maxfreq=22kHz\heatflux_SNR=-20,kfold,old_style_magnitude_minmax_pca,3,0.36591865351477204,0.10765650464796338,221264.5481190468,10189.381323742606,180699.9187088206,11490.081899044098,0.6558714770699204,0.0876103355559632
2025.07.09_0.3_1,fixed_mixture,heatflux_SNR=-20,C:\Users\Casper4\Python\ueki\shibasaki\研究\Pool_boiling\Subcooling_20_degrees\0.3\2025.07.09_0.3_1\data\npy\waterflow_20260724_1s_p0_fixed_mixture\maxfreq=22kHz\heatflux_SNR=-20,kfold,total_power_only,3,0.08273618550113915,0.2690142189587451,263576.3085793918,17714.379590877572,210747.620284252,15575.65749784695,0.5498576766893074,0.12372069053657789
2025.06.11_0.3_2,relative_mixture,heatflux_no_noise,C:\Users\Casper4\Python\ueki\shibasaki\研究\Pool_boiling\Subcooling_20_degrees\0.3\2025.06.11_0.3_2\data\npy\waterflow_20260724_1s_p0_relative_mixture\maxfreq=22kHz\heatflux_no_noise,group_kfold,full_spectrogram_pca,3,0.7875554276557392,0.012484207448654909,121090.18314842282,8166.839907640255,102607.56938259116,8333.109410707668,0.9399919089609757,0.02389993371401453
2025.06.11_0.3_2,relative_mixture,heatflux_no_noise,C:\Users\Casper4\Python\ueki\shibasaki\研究\Pool_boiling\Subcooling_20_degrees\0.3\2025.06.11_0.3_2\data\npy\waterflow_20260724_1s_p0_relative_mixture\maxfreq=22kHz\heatflux_no_noise,group_kfold,old_style_magnitude_minmax_pca,3,0.6809809934479074,0.025960197908721984,148082.00858408245,1044.5891943968745,116902.18423823349,8554.355551332605,0.8663579255626991,0.045315669091860765
2025.06.11_0.3_2,relative_mixture,heatflux_no_noise,C:\Users\Casper4\Python\ueki\shibasaki\研究\Pool_boiling\Subcooling_20_degrees\0.3\2025.06.11_0.3_2\data\npy\waterflow_20260724_1s_p0_relative_mixture\maxfreq=22kHz\heatflux_no_noise,group_kfold,total_power_only,3,0.8580828505934012,0.06651853450140204,97120.06497266493,21268.1325654105,70616.68719392242,18887.394809354817,0.9455857897109202,0.03321180255554978
2025.06.11_0.3_2,relative_mixture,heatflux_no_noise,C:\Users\Casper4\Python\ueki\shibasaki\研究\Pool_boiling\Subcooling_20_degrees\0.3\2025.06.11_0.3_2\data\npy\waterflow_20260724_1s_p0_relative_mixture\maxfreq=22kHz\heatflux_no_noise,kfold,full_spectrogram_pca,3,0.8717225689008439,0.027041958428572703,93666.69614970259,11559.244032069031,80007.11064990018,8494.99180436313,0.9654114699053031,0.006352260022558264
2025.06.11_0.3_2,relative_mixture,heatflux_no_noise,C:\Users\Casper4\Python\ueki\shibasaki\研究\Pool_boiling\Subcooling_20_degrees\0.3\2025.06.11_0.3_2\data\npy\waterflow_20260724_1s_p0_relative_mixture\maxfreq=22kHz\heatflux_no_noise,kfold,old_style_magnitude_minmax_pca,3,0.7542026225641728,0.07314981286854963,129517.24698995857,22725.28909497108,103219.00274496962,14383.486798530577,0.8746584390710712,0.04749928556445328
2025.06.11_0.3_2,relative_mixture,heatflux_no_noise,C:\Users\Casper4\Python\ueki\shibasaki\研究\Pool_boiling\Subcooling_20_degrees\0.3\2025.06.11_0.3_2\data\npy\waterflow_20260724_1s_p0_relative_mixture\maxfreq=22kHz\heatflux_no_noise,kfold,total_power_only,3,0.9149891103814656,0.05714729410628667,72135.6542870449,26785.38965145726,43336.04189609056,13599.091089949454,0.96390606111951,0.021160676367559816
2025.06.11_0.3_2,relative_mixture,heatflux_SNR=-20,C:\Users\Casper4\Python\ueki\shibasaki\研究\Pool_boiling\Subcooling_20_degrees\0.3\2025.06.11_0.3_2\data\npy\waterflow_20260724_1s_p0_relative_mixture\maxfreq=22kHz\heatflux_SNR=-20,group_kfold,full_spectrogram_pca,3,0.8485891156924952,0.05528721357042875,101585.8074247096,22920.26710152995,80908.03938146267,17804.323449138406,0.9625784695334634,0.022653218213743036
2025.06.11_0.3_2,relative_mixture,heatflux_SNR=-20,C:\Users\Casper4\Python\ueki\shibasaki\研究\Pool_boiling\Subcooling_20_degrees\0.3\2025.06.11_0.3_2\data\npy\waterflow_20260724_1s_p0_relative_mixture\maxfreq=22kHz\heatflux_SNR=-20,group_kfold,old_style_magnitude_minmax_pca,3,-0.10230562930436538,0.05765885002734205,275494.89254698536,6899.32337444889,225360.642934553,9045.910503949519,0.22379483418460847,0.1155599332594788
2025.06.11_0.3_2,relative_mixture,heatflux_SNR=-20,C:\Users\Casper4\Python\ueki\shibasaki\研究\Pool_boiling\Subcooling_20_degrees\0.3\2025.06.11_0.3_2\data\npy\waterflow_20260724_1s_p0_relative_mixture\maxfreq=22kHz\heatflux_SNR=-20,group_kfold,total_power_only,3,0.8366796710848758,0.008167574723144931,106061.71263843837,3350.6825015407408,85812.74818955593,4640.653649093152,0.9394661799386034,0.013986124390929744
2025.06.11_0.3_2,relative_mixture,heatflux_SNR=-20,C:\Users\Casper4\Python\ueki\shibasaki\研究\Pool_boiling\Subcooling_20_degrees\0.3\2025.06.11_0.3_2\data\npy\waterflow_20260724_1s_p0_relative_mixture\maxfreq=22kHz\heatflux_SNR=-20,kfold,full_spectrogram_pca,3,0.8824181335743385,0.028180079357116767,89363.27298939048,7913.699821573186,68187.36830746963,3151.470188123994,0.9549313605914019,0.00995698463851021
2025.06.11_0.3_2,relative_mixture,heatflux_SNR=-20,C:\Users\Casper4\Python\ueki\shibasaki\研究\Pool_boiling\Subcooling_20_degrees\0.3\2025.06.11_0.3_2\data\npy\waterflow_20260724_1s_p0_relative_mixture\maxfreq=22kHz\heatflux_SNR=-20,kfold,old_style_magnitude_minmax_pca,3,-0.05623916153215377,0.06853505151994341,269634.6936233633,15091.778244988353,227464.7931542752,14618.153772927933,0.189735612617238,0.11470851699827393
2025.06.11_0.3_2,relative_mixture,heatflux_SNR=-20,C:\Users\Casper4\Python\ueki\shibasaki\研究\Pool_boiling\Subcooling_20_degrees\0.3\2025.06.11_0.3_2\data\npy\waterflow_20260724_1s_p0_relative_mixture\maxfreq=22kHz\heatflux_SNR=-20,kfold,total_power_only,3,0.9206911758500587,0.02301196900268612,73143.21510814973,9761.402296151975,51986.784629250025,9490.680793167265,0.9660569976204196,0.013869594794452067
2025.06.11_0.3_2,relative_noise_only,heatflux_SNR=-20,C:\Users\Casper4\Python\ueki\shibasaki\研究\Pool_boiling\Subcooling_20_degrees\0.3\2025.06.11_0.3_2\data\npy\waterflow_20260724_1s_p0_relative_noise_only\maxfreq=22kHz\heatflux_SNR=-20,group_kfold,full_spectrogram_pca,3,0.8486364579756415,0.04633325479179026,101817.11863567428,19945.82544498037,80589.75581115017,15565.218662146242,0.9618196834735034,0.02109167941125989
2025.06.11_0.3_2,relative_noise_only,heatflux_SNR=-20,C:\Users\Casper4\Python\ueki\shibasaki\研究\Pool_boiling\Subcooling_20_degrees\0.3\2025.06.11_0.3_2\data\npy\waterflow_20260724_1s_p0_relative_noise_only\maxfreq=22kHz\heatflux_SNR=-20,group_kfold,old_style_magnitude_minmax_pca,3,-0.10879583129144965,0.1381303630620809,275694.7187182672,7746.925599317877,228397.14829010857,16677.226753011946,0.23590827889872404,0.230844369065247
2025.06.11_0.3_2,relative_noise_only,heatflux_SNR=-20,C:\Users\Casper4\Python\ueki\shibasaki\研究\Pool_boiling\Subcooling_20_degrees\0.3\2025.06.11_0.3_2\data\npy\waterflow_20260724_1s_p0_relative_noise_only\maxfreq=22kHz\heatflux_SNR=-20,group_kfold,total_power_only,3,0.8357027834585202,0.004137688724470392,106463.11231873679,5334.822110736123,85799.49877368787,6997.367197630248,0.9388471424735713,0.013842789774545132
2025.06.11_0.3_2,relative_noise_only,heatflux_SNR=-20,C:\Users\Casper4\Python\ueki\shibasaki\研究\Pool_boiling\Subcooling_20_degrees\0.3\2025.06.11_0.3_2\data\npy\waterflow_20260724_1s_p0_relative_noise_only\maxfreq=22kHz\heatflux_SNR=-20,kfold,full_spectrogram_pca,3,0.8836607626217762,0.020563100092204762,89162.61658684524,6631.459875195757,67780.62677444878,2973.0732434773686,0.9543044382742734,0.0076638851387111065
2025.06.11_0.3_2,relative_noise_only,heatflux_SNR=-20,C:\Users\Casper4\Python\ueki\shibasaki\研究\Pool_boiling\Subcooling_20_degrees\0.3\2025.06.11_0.3_2\data\npy\waterflow_20260724_1s_p0_relative_noise_only\maxfreq=22kHz\heatflux_SNR=-20,kfold,old_style_magnitude_minmax_pca,3,-0.09533066499597516,0.04482291639056429,274537.41471346526,10125.126192987664,235451.6587667752,16998.36854112083,0.12268291975049621,0.13702307526186586
2025.06.11_0.3_2,relative_noise_only,heatflux_SNR=-20,C:\Users\Casper4\Python\ueki\shibasaki\研究\Pool_boiling\Subcooling_20_degrees\0.3\2025.06.11_0.3_2\data\npy\waterflow_20260724_1s_p0_relative_noise_only\maxfreq=22kHz\heatflux_SNR=-20,kfold,total_power_only,3,0.9219199758021999,0.01634273448271133,72932.20646379337,6726.9039579121845,51633.71739140281,8847.2630819846,0.9653378749156344,0.010749804950630807
2025.06.11_0.3_2,fixed_mixture,heatflux_no_noise,C:\Users\Casper4\Python\ueki\shibasaki\研究\Pool_boiling\Subcooling_20_degrees\0.3\2025.06.11_0.3_2\data\npy\waterflow_20260724_1s_p0_fixed_mixture\maxfreq=22kHz\heatflux_no_noise,group_kfold,full_spectrogram_pca,3,0.7875554276557392,0.012484207448654909,121090.18314842282,8166.839907640255,102607.56938259116,8333.109410707668,0.9399919089609757,0.02389993371401453
2025.06.11_0.3_2,fixed_mixture,heatflux_no_noise,C:\Users\Casper4\Python\ueki\shibasaki\研究\Pool_boiling\Subcooling_20_degrees\0.3\2025.06.11_0.3_2\data\npy\waterflow_20260724_1s_p0_fixed_mixture\maxfreq=22kHz\heatflux_no_noise,group_kfold,old_style_magnitude_minmax_pca,3,0.6809809934479074,0.025960197908721984,148082.00858408245,1044.5891943968745,116902.18423823349,8554.355551332605,0.8663579255626991,0.045315669091860765
2025.06.11_0.3_2,fixed_mixture,heatflux_no_noise,C:\Users\Casper4\Python\ueki\shibasaki\研究\Pool_boiling\Subcooling_20_degrees\0.3\2025.06.11_0.3_2\data\npy\waterflow_20260724_1s_p0_fixed_mixture\maxfreq=22kHz\heatflux_no_noise,group_kfold,total_power_only,3,0.8580828505934012,0.06651853450140204,97120.06497266493,21268.1325654105,70616.68719392242,18887.394809354817,0.9455857897109202,0.03321180255554978
2025.06.11_0.3_2,fixed_mixture,heatflux_no_noise,C:\Users\Casper4\Python\ueki\shibasaki\研究\Pool_boiling\Subcooling_20_degrees\0.3\2025.06.11_0.3_2\data\npy\waterflow_20260724_1s_p0_fixed_mixture\maxfreq=22kHz\heatflux_no_noise,kfold,full_spectrogram_pca,3,0.8717225689008439,0.027041958428572703,93666.69614970259,11559.244032069031,80007.11064990018,8494.99180436313,0.9654114699053031,0.006352260022558264
2025.06.11_0.3_2,fixed_mixture,heatflux_no_noise,C:\Users\Casper4\Python\ueki\shibasaki\研究\Pool_boiling\Subcooling_20_degrees\0.3\2025.06.11_0.3_2\data\npy\waterflow_20260724_1s_p0_fixed_mixture\maxfreq=22kHz\heatflux_no_noise,kfold,old_style_magnitude_minmax_pca,3,0.7542026225641728,0.07314981286854963,129517.24698995857,22725.28909497108,103219.00274496962,14383.486798530577,0.8746584390710712,0.04749928556445328
2025.06.11_0.3_2,fixed_mixture,heatflux_no_noise,C:\Users\Casper4\Python\ueki\shibasaki\研究\Pool_boiling\Subcooling_20_degrees\0.3\2025.06.11_0.3_2\data\npy\waterflow_20260724_1s_p0_fixed_mixture\maxfreq=22kHz\heatflux_no_noise,kfold,total_power_only,3,0.9149891103814656,0.05714729410628667,72135.6542870449,26785.38965145726,43336.04189609056,13599.091089949454,0.96390606111951,0.021160676367559816
2025.06.11_0.3_2,fixed_mixture,heatflux_SNR=-20,C:\Users\Casper4\Python\ueki\shibasaki\研究\Pool_boiling\Subcooling_20_degrees\0.3\2025.06.11_0.3_2\data\npy\waterflow_20260724_1s_p0_fixed_mixture\maxfreq=22kHz\heatflux_SNR=-20,group_kfold,full_spectrogram_pca,3,0.8345854118800501,0.03620034977213042,105994.66990303087,7170.216408080672,89681.48667174044,7255.47053718682,0.9297264416732972,0.02574956783170899
2025.06.11_0.3_2,fixed_mixture,heatflux_SNR=-20,C:\Users\Casper4\Python\ueki\shibasaki\研究\Pool_boiling\Subcooling_20_degrees\0.3\2025.06.11_0.3_2\data\npy\waterflow_20260724_1s_p0_fixed_mixture\maxfreq=22kHz\heatflux_SNR=-20,group_kfold,old_style_magnitude_minmax_pca,3,0.7969538827956422,0.06280935949730827,116824.10225252614,15124.814908880757,101124.37141427519,13280.9877371184,0.9201873439356354,0.031173825951542465
2025.06.11_0.3_2,fixed_mixture,heatflux_SNR=-20,C:\Users\Casper4\Python\ueki\shibasaki\研究\Pool_boiling\Subcooling_20_degrees\0.3\2025.06.11_0.3_2\data\npy\waterflow_20260724_1s_p0_fixed_mixture\maxfreq=22kHz\heatflux_SNR=-20,group_kfold,total_power_only,3,0.6356339440768409,0.08812671144580685,157128.69720295785,13932.026887472204,123770.32119288627,15341.169364416173,0.8179474226801875,0.045824361556093506
2025.06.11_0.3_2,fixed_mixture,heatflux_SNR=-20,C:\Users\Casper4\Python\ueki\shibasaki\研究\Pool_boiling\Subcooling_20_degrees\0.3\2025.06.11_0.3_2\data\npy\waterflow_20260724_1s_p0_fixed_mixture\maxfreq=22kHz\heatflux_SNR=-20,kfold,full_spectrogram_pca,3,0.8627046864446372,0.01875111071550876,97050.0806400992,6831.54573722755,79085.93451656685,4093.9306679153124,0.936556337790261,0.015395690336774195
2025.06.11_0.3_2,fixed_mixture,heatflux_SNR=-20,C:\Users\Casper4\Python\ueki\shibasaki\研究\Pool_boiling\Subcooling_20_degrees\0.3\2025.06.11_0.3_2\data\npy\waterflow_20260724_1s_p0_fixed_mixture\maxfreq=22kHz\heatflux_SNR=-20,kfold,old_style_magnitude_minmax_pca,3,0.837742898818,0.005929573076461133,105709.47887689073,5180.974221374818,86864.4589063585,5797.659197408462,0.9199987232929345,0.006631041649856891
2025.06.11_0.3_2,fixed_mixture,heatflux_SNR=-20,C:\Users\Casper4\Python\ueki\shibasaki\研究\Pool_boiling\Subcooling_20_degrees\0.3\2025.06.11_0.3_2\data\npy\waterflow_20260724_1s_p0_fixed_mixture\maxfreq=22kHz\heatflux_SNR=-20,kfold,total_power_only,3,0.558672842211134,0.1736000988254404,172310.30401246416,34072.20325316399,134419.00609313152,28811.13324411558,0.7750749401694703,0.08017158453111457
