experiment_name,max_freq_hz,noise_dir_name,r2_mean,rmse_all_mean,rmse_onb_mean,roc_auc_cont_mean,pr_auc_cont_mean,accuracy_mean,precision_mean,recall_mean,f1_mean,epochs_completed
2025.06.11_0.3_2,maxfreq=2kHz,heatflux_no_noise,-0.388288468,281100.7767,269431.3218,0.9720760666,0.9851466941,0.6212962963,0.8574074074,0.5688002474,0.5871562764,169|111|163
2025.06.11_0.3_2,maxfreq=2kHz,heatflux_SNR=0,-1.25951002,332248.1008,289840.899,0.997748436,0.9983136522,0.637037037,0.7055555556,0.8754208754,0.734379167,234|260|267
2025.06.11_0.3_2,maxfreq=2kHz,heatflux_SNR=-4,-0.08571824511,257059.3724,198200.3145,0.999989608,0.9999915402,0.6351851852,0.6981481481,0.8899676375,0.7390129907,86|219|184
2025.06.11_0.3_2,maxfreq=2kHz,heatflux_SNR=-8,0.3211304309,205793.6275,126436.8639,1.0,1.0,0.6444444444,0.7074074074,0.8843537415,0.7425720235,278|160|181
2025.06.11_0.3_2,maxfreq=2kHz,heatflux_SNR=-12,0.7261752026,139218.5173,24835.76637,1.0,1.0,0.8962962963,1.0,0.8107401537,0.8892946376,158|257
2025.06.11_0.3_2,maxfreq=2kHz,heatflux_SNR=-16,0.7693495412,126961.2286,57228.09502,1.0,1.0,0.7546296296,0.8574074074,0.8123582766,0.7994107324,188|165|173
2025.06.11_0.3_2,maxfreq=2kHz,heatflux_SNR=-20,0.7355686188,133484.635,45879.56905,1.0,1.0,0.7731481481,0.8481481481,0.8646170442,0.822417532,220|135|138
2025.06.11_0.3_2,maxfreq=3kHz,heatflux_no_noise,0.7689755899,127374.7055,117025.3244,0.9755081932,0.9871653017,0.8277777778,1.0,0.6891307567,0.8123394509,120|191|220
2025.06.11_0.3_2,maxfreq=3kHz,heatflux_SNR=0,0.7619436554,130449.2013,69838.77095,0.9809855888,0.9896892623,0.8416666667,1.0,0.7141599603,0.8326452443,160|222|140
2025.06.11_0.3_2,maxfreq=3kHz,heatflux_SNR=-4,0.6796189024,143550.3004,88862.58333,0.9913777545,0.9951648158,0.7425925926,0.8481481481,0.811218986,0.7910559465,196|171|265
2025.06.11_0.3_2,maxfreq=3kHz,heatflux_SNR=-8,0.4725042539,176120.6664,154464.6791,0.9994881411,0.9996300946,0.7157407407,0.85,0.7584373555,0.7543869909,243|167|95
2025.06.11_0.3_2,maxfreq=3kHz,heatflux_SNR=-12,0.6480490278,146628.3493,85529.85173,1.0,1.0,0.7509259259,0.8481481481,0.8263705011,0.8016754155,184|264|214
2025.06.11_0.3_2,maxfreq=3kHz,heatflux_SNR=-16,0.6481596968,157153.3128,33235.83746,1.0,1.0,0.6601851852,0.7074074074,0.9132653061,0.7626774988,223|182|160
2025.06.11_0.3_2,maxfreq=3kHz,heatflux_SNR=-20,0.8452269017,104302.8917,94517.60585,1.0,1.0,0.8527777778,1.0,0.7346883737,0.8461496237,186|190|159
2025.06.11_0.3_2,maxfreq=5kHz,heatflux_no_noise,0.3264953383,211345.1261,128152.0894,0.9802607624,0.989257115,0.6472222222,0.7055555556,0.8939393939,0.7479206588,159|200|252
2025.06.11_0.3_2,maxfreq=5kHz,heatflux_SNR=0,0.4620597953,187277.6613,72611.41571,0.9790245826,0.9888849868,0.6611111111,0.6981481481,0.9352750809,0.7690621696,173|140|188
2025.06.11_0.3_2,maxfreq=5kHz,heatflux_SNR=-4,0.6202244013,164209.2122,37334.72103,0.9955934454,0.9970753246,0.7694444444,0.8574074074,0.8392427678,0.8179032745,246|118|153
2025.06.11_0.3_2,maxfreq=5kHz,heatflux_SNR=-8,0.64264446,157342.2774,137358.9648,0.9980880847,0.9988565671,0.7092592593,0.85,0.7486790833,0.7477361178,206|244|117
2025.06.11_0.3_2,maxfreq=5kHz,heatflux_SNR=-12,0.6814251739,148938.7895,42393.8073,1.0,1.0,0.7675925926,0.85,0.8506208309,0.8163483303,239|129|242
2025.06.11_0.3_2,maxfreq=5kHz,heatflux_SNR=-16,0.7027154565,145169.4922,31199.38033,1.0,1.0,0.7851851852,0.8574074074,0.8675702604,0.8317319591,217|196|160
2025.06.11_0.3_2,maxfreq=5kHz,heatflux_SNR=-20,0.5526333971,177257.8706,36461.56165,1.0,1.0,0.6981481481,0.6981481481,1.0,0.8049044635,129|159|269
2025.06.11_0.3_2,maxfreq=10kHz,heatflux_no_noise,0.441867978,185441.6972,96016.83409,0.9748805114,0.9870579919,0.7583333333,0.85,0.8346047157,0.8074811256,300|284|194
2025.06.11_0.3_2,maxfreq=10kHz,heatflux_SNR=0,0.369939346,197421.5013,87986.85847,0.9979707911,0.9985368357,0.6648148148,0.6981481481,0.9417475728,0.7729895699,243|121|172
2025.06.11_0.3_2,maxfreq=10kHz,heatflux_SNR=-4,0.7560084215,131834.7608,100163.4075,1.0,1.0,0.8157407407,1.0,0.667149335,0.7985615539,161|155|160
2025.06.11_0.3_2,maxfreq=10kHz,heatflux_SNR=-8,0.6300084994,159927.9589,46273.18955,1.0,1.0,0.6444444444,0.7055555556,0.8888888889,0.7443170552,194|68|184
2025.06.11_0.3_2,maxfreq=10kHz,heatflux_SNR=-12,0.04021950336,245746.7291,166520.3171,1.0,1.0,0.6462962963,0.7055555556,0.8922558923,0.7467266937,130|178|205
2025.06.11_0.3_2,maxfreq=10kHz,heatflux_SNR=-16,0.448567126,195082.834,76694.11787,1.0,1.0,0.5555555556,0.5555555556,1.0,0.7142095283,150|124|224
2025.06.11_0.3_2,maxfreq=10kHz,heatflux_SNR=-20,0.7195271894,138152.1523,82776.33123,1.0,1.0,0.7527777778,0.8574074074,0.8089740947,0.7971066004,153|131|96
2025.06.11_0.3_2,maxfreq=15kHz,heatflux_no_noise,0.3562421058,197690.8005,100524.9999,0.9764020229,0.9873778704,0.6611111111,0.6981481481,0.9352750809,0.7690621696,130|161|269
2025.06.11_0.3_2,maxfreq=15kHz,heatflux_SNR=0,0.2997205224,208036.3024,140160.497,1.0,1.0,0.6324074074,0.7074074074,0.862244898,0.725714151,132|272|191
2025.06.11_0.3_2,maxfreq=15kHz,heatflux_SNR=-4,0.4824326983,187531.714,59820.56366,1.0,1.0,0.5555555556,0.5555555556,1.0,0.7142095283,145|124|222
2025.06.11_0.3_2,maxfreq=15kHz,heatflux_SNR=-8,0.2911290653,221050.8581,106144.4981,1.0,1.0,0.5555555556,0.5555555556,1.0,0.7142095283,136|208|222
2025.06.11_0.3_2,maxfreq=15kHz,heatflux_SNR=-12,0.4974484366,185518.3995,92515.35621,1.0,1.0,0.6564814815,0.7055555556,0.9107744108,0.759477405,219|231|144
2025.06.11_0.3_2,maxfreq=15kHz,heatflux_SNR=-16,0.5606455219,176152.4956,60270.3218,1.0,1.0,0.6703703704,0.7074074074,0.9319727891,0.7746520834,125|192|119
2025.06.11_0.3_2,maxfreq=15kHz,heatflux_SNR=-20,0.7760572864,122337.8444,53163.31321,1.0,1.0,0.7814814815,0.8481481481,0.8808146187,0.8360593947,242|161|254
2025.06.11_0.3_2,maxfreq=22kHz,heatflux_no_noise,0.4942282318,174382.0166,101427.1277,0.9754263809,0.9871016639,0.7407407407,0.8481481481,0.807328953,0.7866696965,199|266|259
2025.06.11_0.3_2,maxfreq=22kHz,heatflux_SNR=0,0.6220023405,159365.1348,161586.9267,1.0,1.0,0.7805555556,1.0,0.6046661383,0.7508502251,182|127|157
2025.06.11_0.3_2,maxfreq=22kHz,heatflux_SNR=-4,0.3607237577,210444.8823,91060.08461,1.0,1.0,0.5555555556,0.5555555556,1.0,0.7142095283,125|247|164
2025.06.11_0.3_2,maxfreq=22kHz,heatflux_SNR=-8,0.1913630071,235765.1387,116026.7372,1.0,1.0,0.5555555556,0.5555555556,1.0,0.7142095283,131|136|88
2025.06.11_0.3_2,maxfreq=22kHz,heatflux_SNR=-12,0.7335439049,138186.2589,34272.61926,1.0,1.0,0.7564814815,0.8574074074,0.8153817082,0.8013794786,207|245|159
2025.06.11_0.3_2,maxfreq=22kHz,heatflux_SNR=-16,0.6075050028,161632.9806,66345.05374,1.0,1.0,0.6685185185,0.6981481481,0.9482200647,0.7768342881,186|146
2025.06.11_0.3_2,maxfreq=22kHz,heatflux_SNR=-20,0.833811838,107991.9238,61286.91863,1.0,1.0,0.8907407407,1.0,0.8025833262,0.8900647453,177|272|187
2025.06.18_0.3_3,maxfreq=2kHz,heatflux_no_noise,-0.3957298763,266450.7411,210212.323,0.895797042,0.9447441219,0.6268518519,0.7055555556,0.8569023569,0.7198797562,114|172|137
2025.06.18_0.3_3,maxfreq=2kHz,heatflux_SNR=0,0.4215310511,200381.0806,183206.7182,0.9449444406,0.9673753483,0.6759259259,0.8574074074,0.6680753109,0.685565585,140|130|122
2025.06.18_0.3_3,maxfreq=2kHz,heatflux_SNR=-4,-1.093255639,379886.2561,348690.4952,0.9740175501,0.9839821399,0.5935185185,0.7074074074,0.7908163265,0.6601145144,156|192|83
2025.06.18_0.3_3,maxfreq=2kHz,heatflux_SNR=-8,0.6246941038,164178.0582,135038.3186,0.99344309,0.9951926344,0.6851851852,0.8574074074,0.6851851852,0.7029558584,120|96|145
2025.06.18_0.3_3,maxfreq=2kHz,heatflux_SNR=-12,0.1340860347,245268.2995,146276.8149,0.9994388328,0.9995163957,0.6472222222,0.7074074074,0.8894557823,0.7462719518,199|242|228
2025.06.18_0.3_3,maxfreq=2kHz,heatflux_SNR=-16,0.6759191096,152030.6779,58476.43709,0.9998025523,0.9998315097,0.7361111111,0.8574074074,0.7783446712,0.7763794786,120|147|138
2025.06.18_0.3_3,maxfreq=2kHz,heatflux_SNR=-20,0.7311173549,135506.8496,89694.87454,0.9998129443,0.9998408108,0.7425925926,0.85,0.8068489532,0.7897006282,80|177|168
2025.06.18_0.3_3,maxfreq=3kHz,heatflux_no_noise,0.7490570875,135048.6634,136830.0337,0.9305408664,0.960118615,0.7611111111,1.0,0.5688077526,0.7228603587,205|151|133
2025.06.18_0.3_3,maxfreq=3kHz,heatflux_SNR=0,0.250159347,220455.773,139002.3601,0.9500491364,0.9699800505,0.6305555556,0.6981481481,0.8818770227,0.7331247192,163|219|89
2025.06.18_0.3_3,maxfreq=3kHz,heatflux_SNR=-4,0.4750418181,187072.7452,98580.86486,0.9516974173,0.9716601269,0.637037037,0.7055555556,0.8754208754,0.734379167,187|135|125
2025.06.18_0.3_3,maxfreq=3kHz,heatflux_SNR=-8,0.6048444268,170193.439,62888.2031,0.9851914131,0.9901833272,0.6324074074,0.7074074074,0.862244898,0.725714151,136|159|179
2025.06.18_0.3_3,maxfreq=3kHz,heatflux_SNR=-12,0.5890148972,169616.757,85373.41825,0.9988045923,0.9989460659,0.6324074074,0.6981481481,0.8851132686,0.735500749,161|169
2025.06.18_0.3_3,maxfreq=3kHz,heatflux_SNR=-16,0.253678494,230614.8613,123925.685,0.9994180488,0.9994867375,0.5555555556,0.5555555556,1.0,0.7142095283,120|222|225
2025.06.18_0.3_3,maxfreq=3kHz,heatflux_SNR=-20,0.7167469576,143591.1263,12973.2701,0.9998025523,0.9998315097,0.8842592593,1.0,0.7897871123,0.878593281,135|169|224
2025.06.18_0.3_3,maxfreq=5kHz,heatflux_no_noise,0.3898255977,208469.8694,98875.02253,0.9263725921,0.9595271805,0.6342592593,0.7055555556,0.8703703704,0.7305239517,147|246|155
2025.06.18_0.3_3,maxfreq=5kHz,heatflux_SNR=0,0.7080213449,146003.4381,85608.84038,0.9371334541,0.9639290229,0.7925925926,0.9978070175,0.6276649328,0.7640660312,111|168|149
2025.06.18_0.3_3,maxfreq=5kHz,heatflux_SNR=-4,0.5653842737,175226.5778,70401.29439,0.9477395716,0.9693877351,0.6444444444,0.7055555556,0.8888888889,0.7443170552,293|133|143
2025.06.18_0.3_3,maxfreq=5kHz,heatflux_SNR=-8,0.5616797846,178303.2132,56458.13742,0.9752579473,0.9850111385,0.737037037,0.8574074074,0.7800453515,0.7775977477,214|170|208
2025.06.18_0.3_3,maxfreq=5kHz,heatflux_SNR=-12,0.1232346365,253420.4773,150412.03,0.9907680248,0.993755241,0.5555555556,0.5555555556,1.0,0.7142095283,113|180|163
2025.06.18_0.3_3,maxfreq=5kHz,heatflux_SNR=-16,0.6149160167,168682.199,24207.58356,0.9994076788,0.9994781047,0.6481481481,0.7055555556,0.8956228956,0.7491074744,167|146|222
2025.06.18_0.3_3,maxfreq=5kHz,heatflux_SNR=-20,0.7393705502,137554.3169,46235.36427,0.9998025523,0.9998315097,0.8564814815,0.9423347398,0.811218986,0.8578145488,167|219|222
2025.06.18_0.3_3,maxfreq=10kHz,heatflux_no_noise,0.07597364726,246713.7823,161804.0871,0.926309169,0.9589565734,0.6212962963,0.6981481481,0.8656957929,0.7208112518,132|213|98
2025.06.18_0.3_3,maxfreq=10kHz,heatflux_SNR=0,-0.024208908,248806.4526,179424.5025,0.9522375293,0.9719431938,0.6092592593,0.6981481481,0.8446601942,0.7036386407,188|144|168
2025.06.18_0.3_3,maxfreq=10kHz,heatflux_SNR=-4,0.5649532323,172644.7877,131913.1447,0.9783635814,0.987001711,0.7009259259,0.85,0.7328776171,0.736184724,289|237|153
2025.06.18_0.3_3,maxfreq=10kHz,heatflux_SNR=-8,0.3807361709,196272.871,120338.5292,0.9977237724,0.9981816766,0.725,0.85,0.7751964864,0.767130389,196|216|238
2025.06.18_0.3_3,maxfreq=10kHz,heatflux_SNR=-12,0.4442215964,200832.2036,132817.1742,0.9989410067,0.9991617674,0.6231481481,0.7074074074,0.8452380952,0.7117556774,211|138|148
2025.06.18_0.3_3,maxfreq=10kHz,heatflux_SNR=-16,0.3276217186,218902.8024,107595.6423,0.9998337722,0.9998610071,0.6527777778,0.7074074074,0.8996598639,0.7534718122,139|166|87
2025.06.18_0.3_3,maxfreq=10kHz,heatflux_SNR=-20,0.6176377617,164370.6036,49002.09245,0.9998754281,0.9998986327,0.6537037037,0.6981481481,0.9223300971,0.7609484196,153|251|156
2025.06.18_0.3_3,maxfreq=15kHz,heatflux_no_noise,0.04059331021,262025.1238,149122.1541,0.9308893771,0.9618569297,0.5555555556,0.5555555556,1.0,0.7142095283,153|135|224
2025.06.18_0.3_3,maxfreq=15kHz,heatflux_SNR=0,0.436442797,197142.6501,98628.85894,0.9959244893,0.9970177249,0.6324074074,0.6981481481,0.8851132686,0.735500749,100|119|171
2025.06.18_0.3_3,maxfreq=15kHz,heatflux_SNR=-4,0.2615050871,220482.8339,93225.84743,0.9992929991,0.999403889,0.5555555556,0.5555555556,1.0,0.7142095283,119|212|177
2025.06.18_0.3_3,maxfreq=15kHz,heatflux_SNR=-8,0.4441522053,201989.5644,86848.77081,0.9996673577,0.9997308229,0.5555555556,0.5555555556,1.0,0.7142095283,159|94|132
2025.06.18_0.3_3,maxfreq=15kHz,heatflux_SNR=-12,0.464587827,191260.1065,83907.58758,0.9996362805,0.9997378315,0.6537037037,0.6981481481,0.9223300971,0.7609484196,142|126|300
2025.06.18_0.3_3,maxfreq=15kHz,heatflux_SNR=-16,0.6223054309,165652.504,36499.18662,0.9995110441,0.9996614046,0.6564814815,0.7055555556,0.9107744108,0.759477405,133|195|141
2025.06.18_0.3_3,maxfreq=15kHz,heatflux_SNR=-20,0.7358134189,136751.6042,56757.51332,0.9998856168,0.9999094944,0.7527777778,0.8574074074,0.8089569161,0.7972277701,190|124|140
2025.06.18_0.3_3,maxfreq=22kHz,heatflux_no_noise,0.4970942977,191766.0371,57948.16187,0.9286101419,0.9590301086,0.6564814815,0.7074074074,0.906462585,0.7581292886,195|152|215
2025.06.18_0.3_3,maxfreq=22kHz,heatflux_SNR=0,-0.04088157683,254698.9969,208371.1578,0.9971546405,0.9978222448,0.6148148148,0.6981481481,0.854368932,0.7117367617,170|171|182
2025.06.18_0.3_3,maxfreq=22kHz,heatflux_SNR=-4,0.5882123967,174264.4021,80836.06565,0.9985346479,0.9989412209,0.6175925926,0.7074074074,0.8350340136,0.7029263515,102|180|187
2025.06.18_0.3_3,maxfreq=22kHz,heatflux_SNR=-8,0.275539969,213623.2126,145050.9805,0.9992102037,0.9994196112,0.6277777778,0.7074074074,0.8537414966,0.718848954,166|153|140
2025.06.18_0.3_3,maxfreq=22kHz,heatflux_SNR=-12,0.7289935092,139605.4121,41558.62283,0.9997816476,0.999830961,0.7425925926,0.8481481481,0.811218986,0.7910559465,175|159|232
2025.06.18_0.3_3,maxfreq=22kHz,heatflux_SNR=-16,0.518089347,184712.3128,86329.31788,0.9998649428,0.9998909359,0.637962963,0.7074074074,0.8724489796,0.7336665179,230|135|191
2025.06.18_0.3_3,maxfreq=22kHz,heatflux_SNR=-20,0.739504693,136726.7808,41768.89921,0.9999064008,0.9999254896,0.775,0.85,0.8634832574,0.8231466854,213|200|189
2025.07.09_0.3_1,maxfreq=2kHz,heatflux_no_noise,-2.559440406,489567.4949,475916.0958,0.8932503084,0.9379659859,0.5941176471,0.6803921569,0.8422939068,0.686474147,144|209|254
2025.07.09_0.3_1,maxfreq=2kHz,heatflux_SNR=0,-0.7964276703,342024.8819,302565.2207,1.0,1.0,0.6088235294,0.6852941176,0.8563535912,0.702346795,109|277|149
2025.07.09_0.3_1,maxfreq=2kHz,heatflux_SNR=-4,0.1352309139,244413.6034,154768.4138,1.0,1.0,0.6480392157,0.6852941176,0.9300184162,0.7548014405,267|156|132
2025.07.09_0.3_1,maxfreq=2kHz,heatflux_SNR=-8,0.7132276036,149997.5491,136265.8375,1.0,1.0,0.781372549,1.0,0.5888209084,0.7394203746,135|174|110
2025.07.09_0.3_1,maxfreq=2kHz,heatflux_SNR=-12,0.1991771435,238164.5998,112143.1011,1.0,1.0,0.5294117647,0.5294117647,1.0,0.6921686435,159|94|122
2025.07.09_0.3_1,maxfreq=2kHz,heatflux_SNR=-16,0.6546543338,161707.9393,40049.78106,1.0,1.0,0.7539215686,0.8362745098,0.8477791639,0.8051752993,164|170|115
2025.07.09_0.3_1,maxfreq=2kHz,heatflux_SNR=-20,0.7405017302,142237.8739,50156.7646,1.0,1.0,0.7539215686,0.8362745098,0.8477791639,0.8051752993,226|174|156
2025.07.09_0.3_1,maxfreq=3kHz,heatflux_no_noise,0.6953261178,153996.5324,31121.93095,0.9138803817,0.9500357336,0.7803921569,0.8490196078,0.8686168684,0.8293386094,163|158|179
2025.07.09_0.3_1,maxfreq=3kHz,heatflux_SNR=0,0.6967398275,153743.0969,103648.091,1.0,1.0,0.6852941176,0.8441176471,0.6997120186,0.7042998933,225|167|176
2025.07.09_0.3_1,maxfreq=3kHz,heatflux_SNR=-4,0.5319763775,188381.6444,135257.0356,1.0,1.0,0.7058823529,0.8490196078,0.7232033554,0.7227047887,215|169|153
2025.07.09_0.3_1,maxfreq=3kHz,heatflux_SNR=-8,0.5476407017,178671.786,78098.42736,1.0,1.0,0.7431372549,0.8441176471,0.8082748047,0.7862169277,186|218|156
2025.07.09_0.3_1,maxfreq=3kHz,heatflux_SNR=-12,0.6334357169,166023.1971,46562.3171,1.0,1.0,0.6578431373,0.6931372549,0.9306358382,0.7619709869,219|293|161
2025.07.09_0.3_1,maxfreq=3kHz,heatflux_SNR=-16,0.598926112,173720.5946,58212.50184,1.0,1.0,0.6578431373,0.6931372549,0.9306358382,0.7619709869,154|221|113
2025.07.09_0.3_1,maxfreq=3kHz,heatflux_SNR=-20,0.7689842353,133351.1295,43556.91493,1.0,1.0,0.931372549,1.0,0.8680207369,0.9267374771,153|198|122
2025.07.09_0.3_1,maxfreq=5kHz,heatflux_no_noise,0.6645050373,160280.9201,45759.17353,0.919717195,0.9530128381,0.7558823529,0.8441176471,0.8322456337,0.8021570352,180|166|142
2025.07.09_0.3_1,maxfreq=5kHz,heatflux_SNR=0,-1.482965576,415498.5279,347259.3047,0.9889214728,0.9922288098,0.5676470588,0.6931372549,0.753371869,0.6049620099,118|186|256
2025.07.09_0.3_1,maxfreq=5kHz,heatflux_SNR=-4,-1.019227789,356336.1467,354488.1538,1.0,1.0,0.6450980392,0.8441176471,0.6262353161,0.6306315458,135|186|210
2025.07.09_0.3_1,maxfreq=5kHz,heatflux_SNR=-8,0.3603918586,221271.9733,115148.6421,1.0,1.0,0.5294117647,0.5294117647,1.0,0.6921686435,254|174|146
2025.07.09_0.3_1,maxfreq=5kHz,heatflux_SNR=-12,0.4308175726,208991.1309,87288.53095,1.0,1.0,0.631372549,0.6803921569,0.9103942652,0.7380006976,171|106|102
2025.07.09_0.3_1,maxfreq=5kHz,heatflux_SNR=-16,0.3632381413,223245.605,87731.09094,1.0,1.0,0.5294117647,0.5294117647,1.0,0.6921686435,171|138|108
2025.07.09_0.3_1,maxfreq=5kHz,heatflux_SNR=-20,0.6971942432,153388.0236,45645.20067,1.0,1.0,0.7539215686,0.8362745098,0.8477791639,0.8051752993,209|180|203
2025.07.09_0.3_1,maxfreq=10kHz,heatflux_no_noise,0.723985452,146825.8077,43513.47294,0.9036365751,0.9444246218,0.731372549,0.8362745098,0.8054713955,0.777526299,147|223|133
2025.07.09_0.3_1,maxfreq=10kHz,heatflux_SNR=0,-1.307741323,389696.7731,401852.9214,0.9999073398,0.9999220478,0.6431372549,0.8441176471,0.6164563781,0.6225589865,209|207|250
2025.07.09_0.3_1,maxfreq=10kHz,heatflux_SNR=-4,-0.7383963293,365491.8928,337736.1291,1.0,1.0,0.5794117647,0.6803921569,0.8154121864,0.6621273226,173|182|104
2025.07.09_0.3_1,maxfreq=10kHz,heatflux_SNR=-8,0.5288897814,186661.173,79449.22561,1.0,1.0,0.6401960784,0.6931372549,0.8959537572,0.7390368287,106|191|217
2025.07.09_0.3_1,maxfreq=10kHz,heatflux_SNR=-12,0.2989602429,223726.9929,100584.6996,1.0,1.0,0.6519607843,0.6852941176,0.9373848987,0.7593432452,83|176|172
2025.07.09_0.3_1,maxfreq=10kHz,heatflux_SNR=-16,0.2802932771,230575.4462,115796.328,1.0,1.0,0.5294117647,0.5294117647,1.0,0.6921686435,168|171|144
2025.07.09_0.3_1,maxfreq=10kHz,heatflux_SNR=-20,0.4701538608,201421.5102,83533.57653,1.0,1.0,0.631372549,0.6803921569,0.9103942652,0.7380006976,172|155|114
2025.07.09_0.3_1,maxfreq=15kHz,heatflux_no_noise,0.7887082819,128793.7955,73134.71869,0.9145869719,0.9500040062,0.8470588235,1.0,0.7111639709,0.8306695658,262|146|193
2025.07.09_0.3_1,maxfreq=15kHz,heatflux_SNR=0,0.5590853682,184812.2744,47086.71638,1.0,1.0,0.5294117647,0.5294117647,1.0,0.6921686435,177|207|155
2025.07.09_0.3_1,maxfreq=15kHz,heatflux_SNR=-4,0.6127193839,171210.1951,77632.068,1.0,1.0,0.7401960784,0.8362745098,0.8225410404,0.7881587682,134|158|137
2025.07.09_0.3_1,maxfreq=15kHz,heatflux_SNR=-8,0.6845771857,157129.1303,24535.21046,1.0,1.0,0.7539215686,0.8362745098,0.8477791639,0.8051752993,197|193|176
2025.07.09_0.3_1,maxfreq=15kHz,heatflux_SNR=-12,0.606240186,168835.1576,101450.8463,1.0,1.0,0.7450980392,0.8441176471,0.814148383,0.7889874139,140|232|148
2025.07.09_0.3_1,maxfreq=15kHz,heatflux_SNR=-16,0.7722977947,132987.8795,50297.61594,1.0,1.0,0.881372549,1.0,0.7766228874,0.8737779755,105|190|124
2025.07.09_0.3_1,maxfreq=15kHz,heatflux_SNR=-20,0.7789361875,129594.8973,61588.51138,1.0,1.0,0.7588235294,0.8441176471,0.8391033211,0.8065990183,171|158
2025.07.09_0.3_1,maxfreq=22kHz,heatflux_no_noise,0.5203570831,185776.7993,75434.74171,0.9211870431,0.9532215625,0.7539215686,0.8441176471,0.8305467504,0.8003766412,252|151|129
2025.07.09_0.3_1,maxfreq=22kHz,heatflux_SNR=0,0.226320476,246164.557,149812.115,0.9999883629,0.9999904165,0.5294117647,0.5294117647,1.0,0.6921686435,75|104|210
2025.07.09_0.3_1,maxfreq=22kHz,heatflux_SNR=-4,0.5284685106,186471.8058,59810.32323,1.0,1.0,0.631372549,0.6803921569,0.9103942652,0.7380006976,195|242|156
2025.07.09_0.3_1,maxfreq=22kHz,heatflux_SNR=-8,0.6776180284,158262.2906,36371.30929,1.0,1.0,0.7578431373,0.8441176471,0.837445874,0.8053962087,140|158|213
2025.07.09_0.3_1,maxfreq=22kHz,heatflux_SNR=-12,0.2083011688,248935.4056,140753.3543,1.0,1.0,0.5294117647,0.5294117647,1.0,0.6921686435,149|188|185
2025.07.09_0.3_1,maxfreq=22kHz,heatflux_SNR=-16,0.6277069355,168334.9,34448.14547,1.0,1.0,0.6539215686,0.6803921569,0.9516129032,0.7636735755,225|176|183
2025.07.09_0.3_1,maxfreq=22kHz,heatflux_SNR=-20,0.7142646242,148575.7486,36371.67283,1.0,1.0,0.7539215686,0.8362745098,0.8477791639,0.8051752993,290|166|181
