snr,model,axis,group,low,high,mean_r2_drop,min_r2_drop,max_r2_drop,mean_rmse_increase
-12,alexnet,frequency,freq_0_256Hz,0.0,256.0,-0.0016407112684054335,-0.0033522916284173,-0.0004998244320548,-894.6447869646945
-12,alexnet,frequency,freq_10000_15000Hz,10000.0,15000.0,18.250505620668523,10.253257542654543,25.65801930458262,1043400.4442571175
-12,alexnet,frequency,freq_1000_2000Hz,1000.0,2000.0,52.30849170133373,34.98040559170529,85.87366527681745,1777154.5287468026
-12,alexnet,frequency,freq_15000_22000Hz,15000.0,22000.0,9.176099355706974,4.327521069141726,15.65071855582346,705630.1524814572
-12,alexnet,frequency,freq_2000_5000Hz,2000.0,5000.0,37.67300507139026,13.633680850179989,59.45064371514621,1484139.1404042419
-12,alexnet,frequency,freq_256_512Hz,256.0,512.0,0.06955838325343437,0.0392375531053014,0.0993327202700501,29012.109806857956
-12,alexnet,frequency,freq_5000_10000Hz,5000.0,10000.0,22.157878585750577,8.315620594096265,35.836333400588295,1122889.3242767656
-12,alexnet,frequency,freq_512_1000Hz,512.0,1000.0,15.726680771163679,1.95610579513502,41.65340833865075,772145.3404138152
-12,alexnet,time,time_1,0.0,0.25,13.013184343964587,5.437943550850218,22.81744625348865,853418.4234477807
-12,alexnet,time,time_2,0.25,0.5,31.839173811849083,12.544704799454928,46.70224648649962,1376761.3181530216
-12,alexnet,time,time_3,0.5,0.75,16.310636543281365,4.151605935391364,29.29872921385395,929516.7368747791
-12,alexnet,time,time_4,0.75,1.0,5.858786131769204,2.140413887699108,10.81750639929414,538461.3414503495
-12,cnntf_v2_gap,frequency,freq_0_256Hz,0.0,256.0,2.7600651927233317e-05,-0.0004341321414547,0.0006511552015644,125.11468050056526
-12,cnntf_v2_gap,frequency,freq_10000_15000Hz,10000.0,15000.0,0.6736345109637153,0.6182308188849384,0.7399753584737572,156571.23126194178
-12,cnntf_v2_gap,frequency,freq_1000_2000Hz,1000.0,2000.0,1.283475507642575,1.0369729726898966,1.7091140818327977,235158.51332336117
-12,cnntf_v2_gap,frequency,freq_15000_22000Hz,15000.0,22000.0,1.4218585719958032,0.6299083030122766,2.536519948582872,236715.1022834254
-12,cnntf_v2_gap,frequency,freq_2000_5000Hz,2000.0,5000.0,1.386589563227499,0.8463229943420326,2.07191057068403,240774.40509284326
-12,cnntf_v2_gap,frequency,freq_256_512Hz,256.0,512.0,0.02876450417299327,-0.0412619852369195,0.1129586855098455,16305.291438488186
-12,cnntf_v2_gap,frequency,freq_5000_10000Hz,5000.0,10000.0,1.4316638967273339,0.5451943513229371,2.3262122475435976,238344.81907449523
-12,cnntf_v2_gap,frequency,freq_512_1000Hz,512.0,1000.0,0.7416485466188775,0.4814878209282528,0.9164419927487266,165531.98351653284
-12,cnntf_v2_gap,time,time_1,0.0,0.25,0.13901864908527817,0.1187581160405338,0.152226446358642,51629.94079543766
-12,cnntf_v2_gap,time,time_2,0.25,0.5,0.366841929471687,0.3211073036240447,0.4095023339274763,104509.30863526894
-12,cnntf_v2_gap,time,time_3,0.5,0.75,0.42730518038135773,0.4004357670213997,0.4409464023372063,116301.02756886937
-12,cnntf_v2_gap,time,time_4,0.75,1.0,0.27962316217357347,0.2154658644544966,0.3167421663435474,85779.6213801974
-12,rf,frequency,freq_0_256Hz,0.0,256.0,0.0,0.0,0.0,0.0
-12,rf,frequency,freq_10000_15000Hz,10000.0,15000.0,0.0014773292681762333,0.0005032659355548,0.0023906931828298,658.7718366817402
-12,rf,frequency,freq_1000_2000Hz,1000.0,2000.0,0.0029512462988719665,-0.0024714009819671,0.0100530572478684,1276.5810078184443
-12,rf,frequency,freq_15000_22000Hz,15000.0,22000.0,0.0006138302754659333,-0.0005077216998097,0.0020461116971186,275.3169207780593
-12,rf,frequency,freq_2000_5000Hz,2000.0,5000.0,0.4238135420463669,0.2917498777096036,0.5685976926461174,113266.03567236326
-12,rf,frequency,freq_256_512Hz,256.0,512.0,-2.357797503127479e-05,-7.073392509382437e-05,0.0,-9.678916785730204
-12,rf,frequency,freq_5000_10000Hz,5000.0,10000.0,0.011588992549802701,-0.0194359009289847,0.044129460939839,4728.620480373487
-12,rf,frequency,freq_512_1000Hz,512.0,1000.0,0.008949975439965632,-0.0156844258983253,0.0365719245616514,3595.8575626274305
-12,rf,time,time_1,0.0,0.25,0.026814063281774898,-0.0098614088079723,0.0625935458412129,11489.492728271276
-12,rf,time,time_2,0.25,0.5,0.024983971061344503,-0.0138164198813801,0.0604880667220403,10760.069870171765
-12,rf,time,time_3,0.5,0.75,0.02722847051483017,-0.0102334215538694,0.0667374151313006,11441.597201419027
-12,rf,time,time_4,0.75,1.0,0.021146626546559102,-0.008984578506719,0.0489687416671726,9392.32600108018
-16,alexnet,frequency,freq_0_256Hz,0.0,256.0,-0.0033108276374313335,-0.0053468828707528,-0.00052879386962,-1373.8500687560638
-16,alexnet,frequency,freq_10000_15000Hz,10000.0,15000.0,58.59426761358645,7.28828373924215,114.5204998762258,1730317.6048585565
-16,alexnet,frequency,freq_1000_2000Hz,1000.0,2000.0,116.05582529364625,25.072762754959264,247.98130957746764,2474748.735957446
-16,alexnet,frequency,freq_15000_22000Hz,15000.0,22000.0,35.357498589778224,10.25769691228597,71.1140340452465,1364362.04612579
-16,alexnet,frequency,freq_2000_5000Hz,2000.0,5000.0,22.196828381953097,4.106826784633816,45.334891757674825,1044367.5579085527
-16,alexnet,frequency,freq_256_512Hz,256.0,512.0,0.053132586903093755,-0.0544852296420075,0.2529356268101949,11538.658044297235
-16,alexnet,frequency,freq_5000_10000Hz,5000.0,10000.0,32.83544012685707,11.467377775701747,54.86264479907491,1358618.9209339288
-16,alexnet,frequency,freq_512_1000Hz,512.0,1000.0,17.865095922353664,6.696929022347331,40.07993025269012,918456.3907764183
-16,alexnet,time,time_1,0.0,0.25,64.65097282902508,9.765180671654576,148.8332239904631,1763852.5236855007
-16,alexnet,time,time_2,0.25,0.5,96.57093223722113,26.688800466646715,226.64377111085344,2187635.1543133412
-16,alexnet,time,time_3,0.5,0.75,37.93969932213873,9.324755540606734,91.07831211694484,1324728.4116562495
-16,alexnet,time,time_4,0.75,1.0,9.820774256029482,4.251312777528898,17.48560589023983,708484.1802869836
-16,cnntf_v2_gap,frequency,freq_0_256Hz,0.0,256.0,4.0049450537470594e-05,-6.599331093815053e-05,0.0002131860319979,29.973084609116388
-16,cnntf_v2_gap,frequency,freq_10000_15000Hz,10000.0,15000.0,1.1739122525814982,0.7243314901410414,1.5842682635907368,230391.86908601093
-16,cnntf_v2_gap,frequency,freq_1000_2000Hz,1000.0,2000.0,1.4613184513082054,0.779325794666089,2.0904608265482985,263863.39542511135
-16,cnntf_v2_gap,frequency,freq_15000_22000Hz,15000.0,22000.0,1.5006075672638903,0.5094398880950288,2.159713626235231,257146.37923341547
-16,cnntf_v2_gap,frequency,freq_2000_5000Hz,2000.0,5000.0,2.0318076385659016,0.9716984687902148,3.2332820866604326,316700.2081470739
-16,cnntf_v2_gap,frequency,freq_256_512Hz,256.0,512.0,0.12822636348895233,-0.0184694664856778,0.3747275346898523,42357.527746872285
-16,cnntf_v2_gap,frequency,freq_5000_10000Hz,5000.0,10000.0,1.669822281439326,0.7236260780780397,2.961099367263245,273906.04981352604
-16,cnntf_v2_gap,frequency,freq_512_1000Hz,512.0,1000.0,1.0876220299744606,0.3071364905992848,1.942100851036328,213604.2092414963
-16,cnntf_v2_gap,time,time_1,0.0,0.25,0.19580902109573736,0.1222257144112121,0.2519315066098204,73956.96039765519
-16,cnntf_v2_gap,time,time_2,0.25,0.5,0.4160218623886774,0.3673039534674061,0.4979446975043295,123228.67731840855
-16,cnntf_v2_gap,time,time_3,0.5,0.75,0.5514188333933062,0.4609509390988275,0.71698153885296,146954.99204757533
-16,cnntf_v2_gap,time,time_4,0.75,1.0,0.41065624406635076,0.3191167876680182,0.5502124034635572,121511.3581648008
-16,rf,frequency,freq_0_256Hz,0.0,256.0,0.0,0.0,0.0,0.0
-16,rf,frequency,freq_10000_15000Hz,10000.0,15000.0,6.832579729046673e-05,-0.0013114527768606,0.001641436035573,29.270279663680412
-16,rf,frequency,freq_1000_2000Hz,1000.0,2000.0,0.0013351510054963,-0.0010269206487953,0.0029498199265817,713.5661082087487
-16,rf,frequency,freq_15000_22000Hz,15000.0,22000.0,0.00023591443627441334,4.3008567316538127e-05,0.0005884432789814,99.44986106548943
-16,rf,frequency,freq_2000_5000Hz,2000.0,5000.0,0.4214036732832391,0.2565764211893196,0.5836705384034506,112170.75482156564
-16,rf,frequency,freq_256_512Hz,256.0,512.0,0.0,0.0,0.0,0.0
-16,rf,frequency,freq_5000_10000Hz,5000.0,10000.0,0.0047447639196713,-0.0056720263140176,0.0136159365488073,2319.96794122474
-16,rf,frequency,freq_512_1000Hz,512.0,1000.0,0.0035967860722504338,-0.0048164125694714,0.0106977108959253,1783.5128590353172
-16,rf,time,time_1,0.0,0.25,0.016555662469102866,0.0044456956466839,0.0235707123794841,8069.561758929672
-16,rf,time,time_2,0.25,0.5,0.012911007041511047,-7.493724930585088e-07,0.0236626202820375,6643.15731873224
-16,rf,time,time_3,0.5,0.75,0.015420174901653066,0.0054812973870568,0.0215604671345341,7560.901237771883
-16,rf,time,time_4,0.75,1.0,0.013733131616669766,0.0041450825336458,0.0200099747333,6826.3410466469795
-20,alexnet,frequency,freq_0_256Hz,0.0,256.0,-0.004589315012985934,-0.0071213224990664,-0.0005617221675724,-1912.3131914182256
-20,alexnet,frequency,freq_10000_15000Hz,10000.0,15000.0,87.91081007190807,12.247207735318968,216.16296193207535,2010519.930801016
-20,alexnet,frequency,freq_1000_2000Hz,1000.0,2000.0,141.54405579263923,18.94946214951478,373.7030201628537,2439403.263502507
-20,alexnet,frequency,freq_15000_22000Hz,15000.0,22000.0,19.672692753511033,7.974906370054586,41.26294338085768,996638.7206987183
-20,alexnet,frequency,freq_2000_5000Hz,2000.0,5000.0,44.29846205196142,14.552430559179218,96.857547750454,1504577.9249419712
-20,alexnet,frequency,freq_256_512Hz,256.0,512.0,-0.016867637573631997,-0.0553248857976717,0.043597561722848,-6495.040987916979
-20,alexnet,frequency,freq_5000_10000Hz,5000.0,10000.0,40.15394860722261,24.988669644685213,61.14741454907601,1549187.6815765693
-20,alexnet,frequency,freq_512_1000Hz,512.0,1000.0,16.232518175665184,7.13178665371447,31.46423646251454,918666.6355222091
-20,alexnet,time,time_1,0.0,0.25,81.43316410927227,10.647024843069586,168.4132070018526,2041577.704297017
-20,alexnet,time,time_2,0.25,0.5,110.18946063053926,14.377821512536649,229.36287390400267,2383607.1545424415
-20,alexnet,time,time_3,0.5,0.75,46.64294244344931,6.661180983119788,96.59567343115104,1532148.6401332796
-20,alexnet,time,time_4,0.75,1.0,17.398681181691618,5.457682833672386,40.408785598435685,893822.2895042804
-20,cnntf_v2_gap,frequency,freq_0_256Hz,0.0,256.0,-0.0003685573836544667,-0.0011186700779918,0.0004194810130847,-157.34895764761555
-20,cnntf_v2_gap,frequency,freq_10000_15000Hz,10000.0,15000.0,0.7369683941822345,0.3679810001120901,1.2369098162662515,162567.8856642597
-20,cnntf_v2_gap,frequency,freq_1000_2000Hz,1000.0,2000.0,1.5004031687986783,0.6793203568998799,2.6453360157487418,245776.1109162741
-20,cnntf_v2_gap,frequency,freq_15000_22000Hz,15000.0,22000.0,1.228073480516753,0.5959981370690579,2.454973309749848,218006.13407822978
-20,cnntf_v2_gap,frequency,freq_2000_5000Hz,2000.0,5000.0,1.762858277150342,0.6267919150578182,2.976405739797975,269031.2055721088
-20,cnntf_v2_gap,frequency,freq_256_512Hz,256.0,512.0,0.22043214698182664,0.0398128001419308,0.5097956049665494,63706.665224674645
-20,cnntf_v2_gap,frequency,freq_5000_10000Hz,5000.0,10000.0,1.7142073611844086,0.7867286717395102,3.382607510305053,261877.7442491379
-20,cnntf_v2_gap,frequency,freq_512_1000Hz,512.0,1000.0,1.3632580082256618,0.6304601939659984,2.320725291681428,233538.56923377523
-20,cnntf_v2_gap,time,time_1,0.0,0.25,0.23570860726684764,0.1824054978558649,0.2994300491459861,75420.18540728923
-20,cnntf_v2_gap,time,time_2,0.25,0.5,0.4557196112198377,0.3807121705300823,0.5639813217022667,120353.7285588887
-20,cnntf_v2_gap,time,time_3,0.5,0.75,0.5620917353023612,0.4326746793822958,0.7148187944050384,138028.13666931866
-20,cnntf_v2_gap,time,time_4,0.75,1.0,0.350437820685862,0.2291747677816316,0.5233662558668197,98869.71235877543
-20,rf,frequency,freq_0_256Hz,0.0,256.0,0.0,0.0,0.0,0.0
-20,rf,frequency,freq_10000_15000Hz,10000.0,15000.0,-0.0002845035044989333,-0.0017760906704817,0.0011847244952881,-128.2346766924165
-20,rf,frequency,freq_1000_2000Hz,1000.0,2000.0,0.0012999363277942666,0.0009783088531916,0.0018099851231963,708.5526111627236
-20,rf,frequency,freq_15000_22000Hz,15000.0,22000.0,0.0002074620025459479,4.233571464984376e-05,0.0003578900442877,109.47219513533248
-20,rf,frequency,freq_2000_5000Hz,2000.0,5000.0,0.447667161364949,0.3117551573676096,0.5866838175490686,117805.30662814766
-20,rf,frequency,freq_256_512Hz,256.0,512.0,-1.1906487335992347e-05,-3.571946200797704e-05,0.0,-4.743686785688624
-20,rf,frequency,freq_5000_10000Hz,5000.0,10000.0,0.0007597547006405334,-0.0007779910670355,0.0019274318721981,406.1228403908511
-20,rf,frequency,freq_512_1000Hz,512.0,1000.0,0.0003002923888424,-0.0004408280467435,0.0012109510179212,127.42594810196897
-20,rf,time,time_1,0.0,0.25,0.0133781352324669,0.0079488964248285,0.0204802742830906,6867.561925067508
-20,rf,time,time_2,0.25,0.5,0.010509930862968968,0.0038385348700741,0.0215125966867854,5774.684102110055
-20,rf,time,time_3,0.5,0.75,0.012233007633336665,0.0079128279690492,0.0200912450458071,6409.139148084389
-20,rf,time,time_4,0.75,1.0,0.012527349357967668,0.0077493502581447,0.0220241512869799,6626.251365509456
-4,alexnet,frequency,freq_0_256Hz,0.0,256.0,-0.000874902402262638,-0.0027572016365267,0.000139325848246,-371.83756969372917
-4,alexnet,frequency,freq_10000_15000Hz,10000.0,15000.0,3.2400242711968574,0.7750528440618343,4.539882913449217,378238.0147362559
-4,alexnet,frequency,freq_1000_2000Hz,1000.0,2000.0,23.63752083640914,10.705741595497416,33.174741815360456,1167157.3099025467
-4,alexnet,frequency,freq_15000_22000Hz,15000.0,22000.0,1.5800765972589044,0.611557959417515,2.9469354222777446,243447.6647543544
-4,alexnet,frequency,freq_2000_5000Hz,2000.0,5000.0,9.912589735777997,4.1010246684737535,16.124134613187135,727175.8707999061
-4,alexnet,frequency,freq_256_512Hz,256.0,512.0,0.13316910986275662,-0.034809483211648,0.2760007900420533,40799.9271462213
-4,alexnet,frequency,freq_5000_10000Hz,5000.0,10000.0,7.382779858095328,1.5552587948152887,15.073234086316535,587900.3255543854
-4,alexnet,frequency,freq_512_1000Hz,512.0,1000.0,9.27118748041181,1.9415949652168811,23.53865054714964,594015.5686521237
-4,alexnet,time,time_1,0.0,0.25,4.141086455723075,1.7768425871448748,8.015430201767364,438081.5327312226
-4,alexnet,time,time_2,0.25,0.5,9.218770572174027,4.163202610288277,12.326983097094294,703641.3883906929
-4,alexnet,time,time_3,0.5,0.75,3.6515214313428026,1.030834688095157,6.321401573794045,405618.2945321615
-4,alexnet,time,time_4,0.75,1.0,0.7252110929876009,0.2525388127694733,1.2673605996196715,148127.0507945812
-4,cnntf_v2_gap,frequency,freq_0_256Hz,0.0,256.0,0.0004454192156941068,2.3494116558220316e-05,0.0007051902177493,340.6882857614037
-4,cnntf_v2_gap,frequency,freq_10000_15000Hz,10000.0,15000.0,1.151548870402512,0.7420268425994563,1.680429060044621,221051.85681773987
-4,cnntf_v2_gap,frequency,freq_1000_2000Hz,1000.0,2000.0,0.8290358801207018,0.3999521049330043,1.4455821862279268,180493.82187656756
-4,cnntf_v2_gap,frequency,freq_15000_22000Hz,15000.0,22000.0,1.7098291369080834,0.2530476250074107,3.688528933313856,257539.57559427732
-4,cnntf_v2_gap,frequency,freq_2000_5000Hz,2000.0,5000.0,1.9944933981382738,0.8904160381077455,2.6221760067380897,305838.6694321329
-4,cnntf_v2_gap,frequency,freq_256_512Hz,256.0,512.0,0.10734177167880843,-0.0265955517318925,0.3045936687412162,40774.73247608672
-4,cnntf_v2_gap,frequency,freq_5000_10000Hz,5000.0,10000.0,0.8036514589108732,0.5845290584395815,0.9297332446085096,178437.4616170503
-4,cnntf_v2_gap,frequency,freq_512_1000Hz,512.0,1000.0,0.7669317772569023,0.5334754255674605,0.9846058535804204,174784.28455781876
-4,cnntf_v2_gap,time,time_1,0.0,0.25,0.1284723510777256,0.0773460159573128,0.1583179627542719,52802.64338912929
-4,cnntf_v2_gap,time,time_2,0.25,0.5,0.3282416572952905,0.298154030726682,0.3509444068594634,100890.64691809966
-4,cnntf_v2_gap,time,time_3,0.5,0.75,0.38530945293442453,0.2989482867387293,0.4504406375272936,113005.1121908755
-4,cnntf_v2_gap,time,time_4,0.75,1.0,0.23653533875097024,0.2090179852755938,0.263597081252257,80736.00071683236
-4,rf,frequency,freq_0_256Hz,0.0,256.0,0.0,0.0,0.0,0.0
-4,rf,frequency,freq_10000_15000Hz,10000.0,15000.0,9.607570679311464e-05,-0.0069130718221764,0.0071278383044018,-3.9819965936573376
-4,rf,frequency,freq_1000_2000Hz,1000.0,2000.0,0.017113345690526402,-0.0375527188951453,0.0867244078846608,4713.571934022005
-4,rf,frequency,freq_15000_22000Hz,15000.0,22000.0,0.0009813151807605,-0.0025609772303499,0.0059472458073304,319.86956099954597
-4,rf,frequency,freq_2000_5000Hz,2000.0,5000.0,0.43319899433142517,0.3207102827177013,0.5610790046636154,114157.24640117052
-4,rf,frequency,freq_256_512Hz,256.0,512.0,0.0,0.0,0.0,0.0
-4,rf,frequency,freq_5000_10000Hz,5000.0,10000.0,0.0010487919974197662,-0.0312916330225138,0.0338493667145534,-248.39521227858495
-4,rf,frequency,freq_512_1000Hz,512.0,1000.0,0.006279680541585765,-0.0507629042654115,0.0701620991366384,147.77822024439956
-4,rf,time,time_1,0.0,0.25,0.02762255298108623,-0.0325245808810383,0.0990839352472767,9700.484813168301
-4,rf,time,time_2,0.25,0.5,0.018632334131930866,-0.0303703251733645,0.0669377694179949,7430.364542995594
-4,rf,time,time_3,0.5,0.75,0.01076740147890147,-0.0580254684111459,0.066943690211337,3428.932529396745
-4,rf,time,time_4,0.75,1.0,0.02509304176011637,-0.0340346102271905,0.0936448379647352,8814.867651505352
-8,alexnet,frequency,freq_0_256Hz,0.0,256.0,-0.0023322874132241335,-0.004644785695238,-0.0001697309366113,-1109.9355685949752
-8,alexnet,frequency,freq_10000_15000Hz,10000.0,15000.0,6.911760076940703,4.320297726045662,9.408611216562578,608141.4454126846
-8,alexnet,frequency,freq_1000_2000Hz,1000.0,2000.0,64.37624231333514,10.938328976757326,153.06490244986944,1747430.0139138515
-8,alexnet,frequency,freq_15000_22000Hz,15000.0,22000.0,3.311395318024363,2.703305885729514,4.475961855899321,402202.88947544066
-8,alexnet,frequency,freq_2000_5000Hz,2000.0,5000.0,21.55358744575318,11.134210217600469,35.5452431934739,1105132.8952887976
-8,alexnet,frequency,freq_256_512Hz,256.0,512.0,0.06708211316944467,0.0245015416518606,0.0991580118680338,25845.93126622908
-8,alexnet,frequency,freq_5000_10000Hz,5000.0,10000.0,17.205595974845963,5.810212646387693,37.90292957127805,910625.2769662222
-8,alexnet,frequency,freq_512_1000Hz,512.0,1000.0,14.783927816964798,2.268304710042694,37.67224900862444,766995.3637057856
-8,alexnet,time,time_1,0.0,0.25,12.388888150517657,1.3874905615585558,23.887846685142293,758348.753311057
-8,alexnet,time,time_2,0.25,0.5,24.736189624927814,5.5298715250722745,51.32000073729176,1114721.8735912016
-8,alexnet,time,time_3,0.5,0.75,14.75595918603848,3.4731392533641974,26.265140382431973,869355.456974485
-8,alexnet,time,time_4,0.75,1.0,3.0339244562688314,0.7933891922734164,6.932413401707837,335770.53208645206
-8,cnntf_v2_gap,frequency,freq_0_256Hz,0.0,256.0,0.00016006261120056454,2.927460912371949e-05,0.0004125264901179,149.4644580726223
-8,cnntf_v2_gap,frequency,freq_10000_15000Hz,10000.0,15000.0,0.7604599742045942,0.5742088331524772,0.9756323601241326,170451.41322912867
-8,cnntf_v2_gap,frequency,freq_1000_2000Hz,1000.0,2000.0,1.3714222616941945,0.754970152978285,1.897028893315614,244495.72903072982
-8,cnntf_v2_gap,frequency,freq_15000_22000Hz,15000.0,22000.0,1.2701506857283567,0.2553291424090587,2.7769637252826307,214574.75271612438
-8,cnntf_v2_gap,frequency,freq_2000_5000Hz,2000.0,5000.0,1.8849232455911549,1.5177033855179554,2.617373148373579,298652.6919905949
-8,cnntf_v2_gap,frequency,freq_256_512Hz,256.0,512.0,0.0237262134096837,-0.072904423628768,0.1206345747923902,16007.820701195806
-8,cnntf_v2_gap,frequency,freq_5000_10000Hz,5000.0,10000.0,1.0622107338619144,0.4844993893343848,1.4543804844702004,206391.45971714426
-8,cnntf_v2_gap,frequency,freq_512_1000Hz,512.0,1000.0,0.5429941501056208,0.3527406273209695,0.8675738777833225,135978.61735074475
-8,cnntf_v2_gap,time,time_1,0.0,0.25,0.09985130403982263,0.0726903014846159,0.1262876170550022,42560.67854837953
-8,cnntf_v2_gap,time,time_2,0.25,0.5,0.347985824129339,0.2860790021773113,0.3926337164109393,103653.14660237398
-8,cnntf_v2_gap,time,time_3,0.5,0.75,0.46340723209731877,0.4107963464904877,0.5262119271225533,125389.62839036241
-8,cnntf_v2_gap,time,time_4,0.75,1.0,0.30925377497075374,0.2456079453090685,0.3674797705961375,95690.8412593108
-8,rf,frequency,freq_0_256Hz,0.0,256.0,0.0,0.0,0.0,0.0
-8,rf,frequency,freq_10000_15000Hz,10000.0,15000.0,0.0033314506455881,-0.000869511383672,0.0089920419036889,1318.928686050179
-8,rf,frequency,freq_1000_2000Hz,1000.0,2000.0,0.011018437425768732,-0.0122406852376726,0.0419981325800083,4438.959456121612
-8,rf,frequency,freq_15000_22000Hz,15000.0,22000.0,0.0017895922981376,-0.0004926927676839,0.0063108106966668,714.7790554002058
-8,rf,frequency,freq_2000_5000Hz,2000.0,5000.0,0.42622335917218895,0.3125652752530369,0.5600648922752147,114032.25601639575
-8,rf,frequency,freq_256_512Hz,256.0,512.0,0.0,0.0,0.0,0.0
-8,rf,frequency,freq_5000_10000Hz,5000.0,10000.0,0.016303262788010933,-0.0307894785436274,0.0731815895046144,5751.665972402055
-8,rf,frequency,freq_512_1000Hz,512.0,1000.0,0.011172612568388966,-0.0364085566762619,0.0673384244059734,3341.254848527539
-8,rf,time,time_1,0.0,0.25,0.03447948763039667,-0.0202553278443679,0.1000893183392693,13447.485746026474
-8,rf,time,time_2,0.25,0.5,0.027541856014375865,-0.0200189444152676,0.0754409641875885,11582.315412195248
-8,rf,time,time_3,0.5,0.75,0.030519740934352863,-0.0367573253770849,0.1046134805089119,11240.575663697358
-8,rf,time,time_4,0.75,1.0,0.024019102599582797,-0.0207818330264554,0.0720641177024866,9980.946768896423
0,alexnet,frequency,freq_0_256Hz,0.0,256.0,-0.0006530286564159551,-0.0011020686021144,-8.606481265116539e-05,-358.8792627970688
0,alexnet,frequency,freq_10000_15000Hz,10000.0,15000.0,3.6564710365101347,1.7193625722714176,6.291704699613714,421856.84927180456
0,alexnet,frequency,freq_1000_2000Hz,1000.0,2000.0,39.910783985931204,8.472303080210304,68.71456304722263,1492835.4494728397
0,alexnet,frequency,freq_15000_22000Hz,15000.0,22000.0,1.1896937622361592,0.0958997353504699,2.2953319826491843,198090.8155085309
0,alexnet,frequency,freq_2000_5000Hz,2000.0,5000.0,16.483848839395314,6.283261940263829,31.246937404125266,951797.0848997243
0,alexnet,frequency,freq_256_512Hz,256.0,512.0,0.028834676427240937,-0.0192806076918453,0.1062533258859175,12108.702733417527
0,alexnet,frequency,freq_5000_10000Hz,5000.0,10000.0,5.843497980621897,3.5778378261248296,8.81106344457311,551250.4699897987
0,alexnet,frequency,freq_512_1000Hz,512.0,1000.0,4.519183656547111,1.4449513861993644,9.58647031302426,444199.87227322353
0,alexnet,time,time_1,0.0,0.25,2.878924084083534,1.3923682030440874,5.748807776073368,359413.2923394859
0,alexnet,time,time_2,0.25,0.5,9.353436429501764,3.815809323020601,13.34691876077162,710868.765014925
0,alexnet,time,time_3,0.5,0.75,6.21972552839107,1.4494552889264576,9.09039904047184,552531.9963079559
0,alexnet,time,time_4,0.75,1.0,2.0003654893352802,0.5542454917816501,4.429266406618997,271701.3036566694
0,cnntf_v2_gap,frequency,freq_0_256Hz,0.0,256.0,0.0001612505071500757,5.802323223402794e-05,0.0003333563808822,168.50130050127217
0,cnntf_v2_gap,frequency,freq_10000_15000Hz,10000.0,15000.0,1.5367511538608267,0.5108580109248342,3.183264555526516,253328.69364771227
0,cnntf_v2_gap,frequency,freq_1000_2000Hz,1000.0,2000.0,0.9625275049772609,0.5340032994089834,1.554779756196359,205192.56784343693
0,cnntf_v2_gap,frequency,freq_15000_22000Hz,15000.0,22000.0,1.5210818186086466,0.5131745937245934,2.251154281554039,267442.82344554865
0,cnntf_v2_gap,frequency,freq_2000_5000Hz,2000.0,5000.0,2.1903258255492797,1.1986054277011364,2.7933123703755047,335583.8776176973
0,cnntf_v2_gap,frequency,freq_256_512Hz,256.0,512.0,0.05130277811529863,0.0174216539784294,0.0916542991569295,30245.33891537168
0,cnntf_v2_gap,frequency,freq_5000_10000Hz,5000.0,10000.0,1.1981207101260887,0.7512950569249733,2.005939571248276,230800.59320693646
0,cnntf_v2_gap,frequency,freq_512_1000Hz,512.0,1000.0,0.592586175264695,0.4608594167633338,0.7744110980427172,156274.95081314442
0,cnntf_v2_gap,time,time_1,0.0,0.25,0.16662702507529445,0.1251563891058124,0.1920998028711303,69487.47427441126
0,cnntf_v2_gap,time,time_2,0.25,0.5,0.3540604969291041,0.3270549765678933,0.3721625047666872,113287.28738000126
0,cnntf_v2_gap,time,time_3,0.5,0.75,0.4825839007263568,0.3508767108899153,0.647201442723518,136383.36707904315
0,cnntf_v2_gap,time,time_4,0.75,1.0,0.2192671532887764,0.1562286258349688,0.2851414902686721,80830.65195473841
0,rf,frequency,freq_0_256Hz,0.0,256.0,0.0,0.0,0.0,0.0
0,rf,frequency,freq_10000_15000Hz,10000.0,15000.0,-9.59866196273334e-05,-0.0054924127552985,0.0050060117299333,-29.139356361864582
0,rf,frequency,freq_1000_2000Hz,1000.0,2000.0,0.0204352348595007,-0.0515895108454143,0.112573477525564,4624.955795253726
0,rf,frequency,freq_15000_22000Hz,15000.0,22000.0,0.0007035475626567673,-0.0022220037826778,0.0044164146780413,265.94781345998007
0,rf,frequency,freq_2000_5000Hz,2000.0,5000.0,0.4282762745627043,0.3222157150834905,0.5500380758958674,112481.65555580576
0,rf,frequency,freq_256_512Hz,256.0,512.0,0.0,0.0,0.0,0.0
0,rf,frequency,freq_5000_10000Hz,5000.0,10000.0,0.0017245564698610005,-0.0203756950800407,0.0266717248382825,273.70019782300307
0,rf,frequency,freq_512_1000Hz,512.0,1000.0,0.011630697562050334,-0.0388679745023069,0.075385938029461,2681.6738120524656
0,rf,time,time_1,0.0,0.25,0.030578695328563235,-0.0241309769453687,0.1009260324320899,10940.597804242512
0,rf,time,time_2,0.25,0.5,0.026139680872063403,-0.0252323026824548,0.0879622273399745,9672.004827767627
0,rf,time,time_3,0.5,0.75,-0.007252504608200067,-0.068807454987012,0.0324769039237988,-3792.4728899195857
0,rf,time,time_4,0.75,1.0,0.027462219762427464,-0.0270632176959317,0.097258262570859,9623.417241256982
no_noise,alexnet,frequency,freq_0_256Hz,0.0,256.0,-0.0045824109401148335,-0.0075809264459625,-0.0004636278483847,-2672.688993597452
no_noise,alexnet,frequency,freq_10000_15000Hz,10000.0,15000.0,1.6375066586269418,0.3436733454030454,3.60394221438534,242377.91311015378
no_noise,alexnet,frequency,freq_1000_2000Hz,1000.0,2000.0,7.025248851657022,1.1610493939745177,18.31210578865485,510343.66922799736
no_noise,alexnet,frequency,freq_15000_22000Hz,15000.0,22000.0,0.21269923711794123,0.0799447725498495,0.3546216060920296,68311.62719133045
no_noise,alexnet,frequency,freq_2000_5000Hz,2000.0,5000.0,6.5735067839769705,2.00103928730412,13.659790280932723,558351.469032926
no_noise,alexnet,frequency,freq_256_512Hz,256.0,512.0,0.05482582645849649,0.0048734214735429,0.1230387417449142,22255.467027049996
no_noise,alexnet,frequency,freq_5000_10000Hz,5000.0,10000.0,4.720485737135951,4.224611538800843,5.401117535725437,508389.39114692627
no_noise,alexnet,frequency,freq_512_1000Hz,512.0,1000.0,1.2024428124302602,0.3434078126013014,2.6801994247103984,202527.27871274223
no_noise,alexnet,time,time_1,0.0,0.25,0.7659801999937845,0.7093138251298057,0.8219749243509107,174704.5292369306
no_noise,alexnet,time,time_2,0.25,0.5,2.870409089120605,0.9060238123045256,5.331151081261779,359808.74486669194
no_noise,alexnet,time,time_3,0.5,0.75,0.7750752758642641,0.3713033950571432,1.356012526653564,167357.07906374548
no_noise,alexnet,time,time_4,0.75,1.0,0.23638249256612176,0.0316306875377563,0.4298023795601837,69591.40211694571
no_noise,cnntf_v2_gap,frequency,freq_0_256Hz,0.0,256.0,0.00027415919420053337,-0.0001968493348339,0.0007316027469905,347.52586151785846
no_noise,cnntf_v2_gap,frequency,freq_10000_15000Hz,10000.0,15000.0,0.8781733952139422,0.7348299566218293,1.0012766410605556,204744.0986185559
no_noise,cnntf_v2_gap,frequency,freq_1000_2000Hz,1000.0,2000.0,0.6415890685020184,0.2678259223216337,0.9149319217447438,166620.99989552234
no_noise,cnntf_v2_gap,frequency,freq_15000_22000Hz,15000.0,22000.0,3.3461547140574557,2.155197012749213,4.0586354821321935,434460.5545013976
no_noise,cnntf_v2_gap,frequency,freq_2000_5000Hz,2000.0,5000.0,0.8137771835594197,0.5908783408460246,0.995546707702402,195426.92899530134
no_noise,cnntf_v2_gap,frequency,freq_256_512Hz,256.0,512.0,0.07474494123497209,-0.0186482258650576,0.1859900322082391,39450.36244896746
no_noise,cnntf_v2_gap,frequency,freq_5000_10000Hz,5000.0,10000.0,1.4621216219075925,1.0801063407296865,2.130227077427383,270516.90634511254
no_noise,cnntf_v2_gap,frequency,freq_512_1000Hz,512.0,1000.0,0.3722470813432281,0.1701023825151977,0.51960029230468,120476.09871932388
no_noise,cnntf_v2_gap,time,time_1,0.0,0.25,0.18243539414089885,0.0848171719801375,0.2410148960627295,77211.53098998428
no_noise,cnntf_v2_gap,time,time_2,0.25,0.5,0.4217795665839916,0.3356531758081642,0.4808520498981264,132126.36548165258
no_noise,cnntf_v2_gap,time,time_3,0.5,0.75,0.525659426348377,0.4399010394641187,0.5859156498888421,151207.98830592248
no_noise,cnntf_v2_gap,time,time_4,0.75,1.0,0.2830391895917843,0.2698414779892683,0.2925165274342722,102443.45230095973
no_noise,rf,frequency,freq_0_256Hz,0.0,256.0,0.0,0.0,0.0,0.0
no_noise,rf,frequency,freq_10000_15000Hz,10000.0,15000.0,0.0,0.0,0.0,0.0
no_noise,rf,frequency,freq_1000_2000Hz,1000.0,2000.0,0.028703014204890933,-0.0517154285024676,0.1365427671039304,6991.799784957165
no_noise,rf,frequency,freq_15000_22000Hz,15000.0,22000.0,-2.8934474039399305e-05,-8.680342211819791e-05,0.0,-11.35981144575635
no_noise,rf,frequency,freq_2000_5000Hz,2000.0,5000.0,0.44162895108689,0.3345913316244285,0.5568801230883511,115635.38784244354
no_noise,rf,frequency,freq_256_512Hz,256.0,512.0,0.0,0.0,0.0,0.0
no_noise,rf,frequency,freq_5000_10000Hz,5000.0,10000.0,-0.00019126681083017733,-0.0006761865376112,0.0001431769866462,-58.94407532008578
no_noise,rf,frequency,freq_512_1000Hz,512.0,1000.0,0.011523506346536665,-0.0277278863521861,0.064121219095406,3143.6659059311974
no_noise,rf,time,time_1,0.0,0.25,0.03583511741026037,-0.0092022531712512,0.0998757067897149,13489.318880554209
no_noise,rf,time,time_2,0.25,0.5,0.022168876823624162,-0.0199633283006528,0.0671200498319112,9239.751673620003
no_noise,rf,time,time_3,0.5,0.75,-0.011825704954037569,-0.0564815723907271,0.016987761385138,-4245.698063414672
no_noise,rf,time,time_4,0.75,1.0,0.036342508211267735,-0.0172636622325836,0.1060096530858233,13618.76397462123
